current directory: /github/vendor/gems/3.4.4/ruby/3.4.0/gems/gpgme-2.0.24/ext/gpgme
/usr/share/rbenv/versions/3.4.4/bin/ruby extconf.rb
************************************************************************
IMPORTANT!  gpgme gem uses locally built versions of required C libraries,
namely libgpg-error, libassuan, and gpgme.

If this is a concern for you and you want to use the system library
instead, abort this installation process and reinstall gpgme gem as
follows:

    gem install gpgme -- --use-system-libraries

************************************************************************
Extracting libgpg-error-1.47.tar.bz2 into tmp/x86_64-linux-gnu/ports/libgpg-error/1.47... OK
Running 'configure' for libgpg-error 1.47... OK
Running 'compile' for libgpg-error 1.47... OK
Running 'install' for libgpg-error 1.47... OK
Activating libgpg-error 1.47 (from /github/vendor/gems/3.4.4/ruby/3.4.0/gems/gpgme-2.0.24/ports/x86_64-linux-gnu/libgpg-error/1.47)...
Extracting libassuan-2.5.6.tar.bz2 into tmp/x86_64-linux-gnu/ports/libassuan/2.5.6... OK
Running 'configure' for libassuan 2.5.6... OK
Running 'compile' for libassuan 2.5.6... OK
Running 'install' for libassuan 2.5.6... OK
Activating libassuan 2.5.6 (from /github/vendor/gems/3.4.4/ruby/3.4.0/gems/gpgme-2.0.24/ports/x86_64-linux-gnu/libassuan/2.5.6)...
Extracting gpgme-1.21.0.tar.bz2 into tmp/x86_64-linux-gnu/ports/gpgme/1.21.0... OK
Running 'configure' for gpgme 1.21.0... OK
Running 'compile' for gpgme 1.21.0... OK
Running 'install' for gpgme 1.21.0... OK
Activating gpgme 1.21.0 (from /github/vendor/gems/3.4.4/ruby/3.4.0/gems/gpgme-2.0.24/ports/x86_64-linux-gnu/gpgme/1.21.0)...
checking for linker flags for static linking... -Wl,-Bstatic
checking for gpgme.h... yes
checking for gpgme >= 1.1.3... yes
checking for gpgme_op_export_keys()... yes
creating Makefile

current directory: /github/vendor/gems/3.4.4/ruby/3.4.0/gems/gpgme-2.0.24/ext/gpgme
make -j16 DESTDIR\= sitearchdir\=./.gem.20250613-147-f3tr6h sitelibdir\=./.gem.20250613-147-f3tr6h clean

current directory: /github/vendor/gems/3.4.4/ruby/3.4.0/gems/gpgme-2.0.24/ext/gpgme
make -j16 DESTDIR\= sitearchdir\=./.gem.20250613-147-f3tr6h sitelibdir\=./.gem.20250613-147-f3tr6h
compiling gpgme_n.c
In file included from /usr/share/rbenv/versions/3.4.4/include/ruby-3.4.0/ruby/internal/assume.h:29,
                 from /usr/share/rbenv/versions/3.4.4/include/ruby-3.4.0/ruby/backward/2/assume.h:24,
                 from /usr/share/rbenv/versions/3.4.4/include/ruby-3.4.0/ruby/defines.h:72,
                 from /usr/share/rbenv/versions/3.4.4/include/ruby-3.4.0/ruby/ruby.h:25,
                 from /usr/share/rbenv/versions/3.4.4/include/ruby-3.4.0/ruby.h:38,
                 from gpgme_n.c:39:
gpgme_n.c: In function ‘rb_s_gpgme_ctx_get_engine_info’:
gpgme_n.c:101:32: warning: ‘rb_data_object_get_warning’ is deprecated: by TypedData [-Wdeprecated-declarations]
  101 |   Data_Get_Struct(vctx, struct gpgme_context, ctx)
      |                                ^~~~~~~~~~~~~
/usr/share/rbenv/versions/3.4.4/include/ruby-3.4.0/ruby/internal/cast.h:31:29: note: in definition of macro ‘RBIMPL_CAST’
   31 | # define RBIMPL_CAST(expr) (expr)
      |                             ^~~~
gpgme_n.c:101:3: note: in expansion of macro ‘Data_Get_Struct’
  101 |   Data_Get_Struct(vctx, struct gpgme_context, ctx)
      |   ^~~~~~~~~~~~~~~
gpgme_n.c:206:3: note: in expansion of macro ‘UNWRAP_GPGME_CTX’
  206 |   UNWRAP_GPGME_CTX(vctx, ctx);
      |   ^~~~~~~~~~~~~~~~
In file included from /usr/share/rbenv/versions/3.4.4/include/ruby-3.4.0/ruby/internal/core.h:27,
                 from /usr/share/rbenv/versions/3.4.4/include/ruby-3.4.0/ruby/ruby.h:29,
                 from /usr/share/rbenv/versions/3.4.4/include/ruby-3.4.0/ruby.h:38,
                 from gpgme_n.c:39:
/usr/share/rbenv/versions/3.4.4/include/ruby-3.4.0/ruby/internal/core/rdata.h:325:1: note: declared here
  325 | rb_data_object_get_warning(VALUE obj)
      | ^~~~~~~~~~~~~~~~~~~~~~~~~~
In file included from /usr/share/rbenv/versions/3.4.4/include/ruby-3.4.0/ruby/internal/assume.h:29,
                 from /usr/share/rbenv/versions/3.4.4/include/ruby-3.4.0/ruby/backward/2/assume.h:24,
                 from /usr/share/rbenv/versions/3.4.4/include/ruby-3.4.0/ruby/defines.h:72,
                 from /usr/share/rbenv/versions/3.4.4/include/ruby-3.4.0/ruby/ruby.h:25,
                 from /usr/share/rbenv/versions/3.4.4/include/ruby-3.4.0/ruby.h:38,
                 from gpgme_n.c:39:
gpgme_n.c: In function ‘rb_s_gpgme_ctx_set_engine_info’:
gpgme_n.c:101:32: warning: ‘rb_data_object_get_warning’ is deprecated: by TypedData [-Wdeprecated-declarations]
  101 |   Data_Get_Struct(vctx, struct gpgme_context, ctx)
      |                                ^~~~~~~~~~~~~
/usr/share/rbenv/versions/3.4.4/include/ruby-3.4.0/ruby/internal/cast.h:31:29: note: in definition of macro ‘RBIMPL_CAST’
   31 | # define RBIMPL_CAST(expr) (expr)
      |                             ^~~~
gpgme_n.c:101:3: note: in expansion of macro ‘Data_Get_Struct’
  101 |   Data_Get_Struct(vctx, struct gpgme_context, ctx)
      |   ^~~~~~~~~~~~~~~
gpgme_n.c:234:3: note: in expansion of macro ‘UNWRAP_GPGME_CTX’
  234 |   UNWRAP_GPGME_CTX(vctx, ctx);
      |   ^~~~~~~~~~~~~~~~
In file included from /usr/share/rbenv/versions/3.4.4/include/ruby-3.4.0/ruby/internal/core.h:27,
                 from /usr/share/rbenv/versions/3.4.4/include/ruby-3.4.0/ruby/ruby.h:29,
                 from /usr/share/rbenv/versions/3.4.4/include/ruby-3.4.0/ruby.h:38,
                 from gpgme_n.c:39:
/usr/share/rbenv/versions/3.4.4/include/ruby-3.4.0/ruby/internal/core/rdata.h:325:1: note: declared here
  325 | rb_data_object_get_warning(VALUE obj)
      | ^~~~~~~~~~~~~~~~~~~~~~~~~~
gpgme_n.c: In function ‘rb_s_gpgme_data_new’:
gpgme_n.c:289:5: warning: ‘rb_data_object_wrap_warning’ is deprecated: by TypedData [-Wdeprecated-declarations]
  289 |     rb_ary_store (rdh, 0, WRAP_GPGME_DATA(dh));
      |     ^~~~~~~~~~~~
In file included from /usr/share/rbenv/versions/3.4.4/include/ruby-3.4.0/ruby/internal/core.h:27,
                 from /usr/share/rbenv/versions/3.4.4/include/ruby-3.4.0/ruby/ruby.h:29,
                 from /usr/share/rbenv/versions/3.4.4/include/ruby-3.4.0/ruby.h:38,
                 from gpgme_n.c:39:
/usr/share/rbenv/versions/3.4.4/include/ruby-3.4.0/ruby/internal/core/rdata.h:293:1: note: declared here
  293 | rb_data_object_wrap_warning(VALUE klass, void *ptr, RUBY_DATA_FUNC mark, RUBY_DATA_FUNC free)
      | ^~~~~~~~~~~~~~~~~~~~~~~~~~~
gpgme_n.c: In function ‘rb_s_gpgme_data_new_from_mem’:
gpgme_n.c:308:7: warning: ‘rb_data_object_wrap_warning’ is deprecated: by TypedData [-Wdeprecated-declarations]
  308 |       vdh = WRAP_GPGME_DATA(dh);
      |       ^~~
In file included from /usr/share/rbenv/versions/3.4.4/include/ruby-3.4.0/ruby/internal/core.h:27,
                 from /usr/share/rbenv/versions/3.4.4/include/ruby-3.4.0/ruby/ruby.h:29,
                 from /usr/share/rbenv/versions/3.4.4/include/ruby-3.4.0/ruby.h:38,
                 from gpgme_n.c:39:
/usr/share/rbenv/versions/3.4.4/include/ruby-3.4.0/ruby/internal/core/rdata.h:293:1: note: declared here
  293 | rb_data_object_wrap_warning(VALUE klass, void *ptr, RUBY_DATA_FUNC mark, RUBY_DATA_FUNC free)
      | ^~~~~~~~~~~~~~~~~~~~~~~~~~~
gpgme_n.c: In function ‘rb_s_gpgme_data_new_from_fd’:
gpgme_n.c:320:5: warning: ‘rb_data_object_wrap_warning’ is deprecated: by TypedData [-Wdeprecated-declarations]
  320 |     rb_ary_store (rdh, 0, WRAP_GPGME_DATA(dh));
      |     ^~~~~~~~~~~~
In file included from /usr/share/rbenv/versions/3.4.4/include/ruby-3.4.0/ruby/internal/core.h:27,
                 from /usr/share/rbenv/versions/3.4.4/include/ruby-3.4.0/ruby/ruby.h:29,
                 from /usr/share/rbenv/versions/3.4.4/include/ruby-3.4.0/ruby.h:38,
                 from gpgme_n.c:39:
/usr/share/rbenv/versions/3.4.4/include/ruby-3.4.0/ruby/internal/core/rdata.h:293:1: note: declared here
  293 | rb_data_object_wrap_warning(VALUE klass, void *ptr, RUBY_DATA_FUNC mark, RUBY_DATA_FUNC free)
      | ^~~~~~~~~~~~~~~~~~~~~~~~~~~
gpgme_n.c: In function ‘rb_s_gpgme_data_new_from_cbs’:
gpgme_n.c:395:7: warning: ‘rb_data_object_wrap_warning’ is deprecated: by TypedData [-Wdeprecated-declarations]
  395 |       VALUE vdh = WRAP_GPGME_DATA(dh);
      |       ^~~~~
In file included from /usr/share/rbenv/versions/3.4.4/include/ruby-3.4.0/ruby/internal/core.h:27,
                 from /usr/share/rbenv/versions/3.4.4/include/ruby-3.4.0/ruby/ruby.h:29,
                 from /usr/share/rbenv/versions/3.4.4/include/ruby-3.4.0/ruby.h:38,
                 from gpgme_n.c:39:
/usr/share/rbenv/versions/3.4.4/include/ruby-3.4.0/ruby/internal/core/rdata.h:293:1: note: declared here
  293 | rb_data_object_wrap_warning(VALUE klass, void *ptr, RUBY_DATA_FUNC mark, RUBY_DATA_FUNC free)
      | ^~~~~~~~~~~~~~~~~~~~~~~~~~~
In file included from /usr/share/rbenv/versions/3.4.4/include/ruby-3.4.0/ruby/internal/assume.h:29,
                 from /usr/share/rbenv/versions/3.4.4/include/ruby-3.4.0/ruby/backward/2/assume.h:24,
                 from /usr/share/rbenv/versions/3.4.4/include/ruby-3.4.0/ruby/defines.h:72,
                 from /usr/share/rbenv/versions/3.4.4/include/ruby-3.4.0/ruby/ruby.h:25,
                 from /usr/share/rbenv/versions/3.4.4/include/ruby-3.4.0/ruby.h:38,
                 from gpgme_n.c:39:
gpgme_n.c: In function ‘rb_s_gpgme_data_read’:
gpgme_n.c:95:31: warning: ‘rb_data_object_get_warning’ is deprecated: by TypedData [-Wdeprecated-declarations]
   95 |   Data_Get_Struct(vdh, struct gpgme_data, dh);
      |                               ^~~~~~~~~~
/usr/share/rbenv/versions/3.4.4/include/ruby-3.4.0/ruby/internal/cast.h:31:29: note: in definition of macro ‘RBIMPL_CAST’
   31 | # define RBIMPL_CAST(expr) (expr)
      |                             ^~~~
gpgme_n.c:95:3: note: in expansion of macro ‘Data_Get_Struct’
   95 |   Data_Get_Struct(vdh, struct gpgme_data, dh);
      |   ^~~~~~~~~~~~~~~
gpgme_n.c:411:3: note: in expansion of macro ‘UNWRAP_GPGME_DATA’
  411 |   UNWRAP_GPGME_DATA(vdh, dh);
      |   ^~~~~~~~~~~~~~~~~
In file included from /usr/share/rbenv/versions/3.4.4/include/ruby-3.4.0/ruby/internal/core.h:27,
                 from /usr/share/rbenv/versions/3.4.4/include/ruby-3.4.0/ruby/ruby.h:29,
                 from /usr/share/rbenv/versions/3.4.4/include/ruby-3.4.0/ruby.h:38,
                 from gpgme_n.c:39:
/usr/share/rbenv/versions/3.4.4/include/ruby-3.4.0/ruby/internal/core/rdata.h:325:1: note: declared here
  325 | rb_data_object_get_warning(VALUE obj)
      | ^~~~~~~~~~~~~~~~~~~~~~~~~~
In file included from /usr/share/rbenv/versions/3.4.4/include/ruby-3.4.0/ruby/internal/assume.h:29,
                 from /usr/share/rbenv/versions/3.4.4/include/ruby-3.4.0/ruby/backward/2/assume.h:24,
                 from /usr/share/rbenv/versions/3.4.4/include/ruby-3.4.0/ruby/defines.h:72,
                 from /usr/share/rbenv/versions/3.4.4/include/ruby-3.4.0/ruby/ruby.h:25,
                 from /usr/share/rbenv/versions/3.4.4/include/ruby-3.4.0/ruby.h:38,
                 from gpgme_n.c:39:
gpgme_n.c: In function ‘rb_s_gpgme_data_seek’:
gpgme_n.c:95:31: warning: ‘rb_data_object_get_warning’ is deprecated: by TypedData [-Wdeprecated-declarations]
   95 |   Data_Get_Struct(vdh, struct gpgme_data, dh);
      |                               ^~~~~~~~~~
/usr/share/rbenv/versions/3.4.4/include/ruby-3.4.0/ruby/internal/cast.h:31:29: note: in definition of macro ‘RBIMPL_CAST’
   31 | # define RBIMPL_CAST(expr) (expr)
      |                             ^~~~
gpgme_n.c:95:3: note: in expansion of macro ‘Data_Get_Struct’
   95 |   Data_Get_Struct(vdh, struct gpgme_data, dh);
      |   ^~~~~~~~~~~~~~~
gpgme_n.c:429:3: note: in expansion of macro ‘UNWRAP_GPGME_DATA’
  429 |   UNWRAP_GPGME_DATA(vdh, dh);
      |   ^~~~~~~~~~~~~~~~~
In file included from /usr/share/rbenv/versions/3.4.4/include/ruby-3.4.0/ruby/internal/core.h:27,
                 from /usr/share/rbenv/versions/3.4.4/include/ruby-3.4.0/ruby/ruby.h:29,
                 from /usr/share/rbenv/versions/3.4.4/include/ruby-3.4.0/ruby.h:38,
                 from gpgme_n.c:39:
/usr/share/rbenv/versions/3.4.4/include/ruby-3.4.0/ruby/internal/core/rdata.h:325:1: note: declared here
  325 | rb_data_object_get_warning(VALUE obj)
      | ^~~~~~~~~~~~~~~~~~~~~~~~~~
In file included from /usr/share/rbenv/versions/3.4.4/include/ruby-3.4.0/ruby/internal/assume.h:29,
                 from /usr/share/rbenv/versions/3.4.4/include/ruby-3.4.0/ruby/backward/2/assume.h:24,
                 from /usr/share/rbenv/versions/3.4.4/include/ruby-3.4.0/ruby/defines.h:72,
                 from /usr/share/rbenv/versions/3.4.4/include/ruby-3.4.0/ruby/ruby.h:25,
                 from /usr/share/rbenv/versions/3.4.4/include/ruby-3.4.0/ruby.h:38,
                 from gpgme_n.c:39:
gpgme_n.c: In function ‘rb_s_gpgme_data_write’:
gpgme_n.c:95:31: warning: ‘rb_data_object_get_warning’ is deprecated: by TypedData [-Wdeprecated-declarations]
   95 |   Data_Get_Struct(vdh, struct gpgme_data, dh);
      |                               ^~~~~~~~~~
/usr/share/rbenv/versions/3.4.4/include/ruby-3.4.0/ruby/internal/cast.h:31:29: note: in definition of macro ‘RBIMPL_CAST’
   31 | # define RBIMPL_CAST(expr) (expr)
      |                             ^~~~
gpgme_n.c:95:3: note: in expansion of macro ‘Data_Get_Struct’
   95 |   Data_Get_Struct(vdh, struct gpgme_data, dh);
      |   ^~~~~~~~~~~~~~~
gpgme_n.c:442:3: note: in expansion of macro ‘UNWRAP_GPGME_DATA’
  442 |   UNWRAP_GPGME_DATA(vdh, dh);
      |   ^~~~~~~~~~~~~~~~~
In file included from /usr/share/rbenv/versions/3.4.4/include/ruby-3.4.0/ruby/internal/core.h:27,
                 from /usr/share/rbenv/versions/3.4.4/include/ruby-3.4.0/ruby/ruby.h:29,
                 from /usr/share/rbenv/versions/3.4.4/include/ruby-3.4.0/ruby.h:38,
                 from gpgme_n.c:39:
/usr/share/rbenv/versions/3.4.4/include/ruby-3.4.0/ruby/internal/core/rdata.h:325:1: note: declared here
  325 | rb_data_object_get_warning(VALUE obj)
      | ^~~~~~~~~~~~~~~~~~~~~~~~~~
In file included from /usr/share/rbenv/versions/3.4.4/include/ruby-3.4.0/ruby/internal/assume.h:29,
                 from /usr/share/rbenv/versions/3.4.4/include/ruby-3.4.0/ruby/backward/2/assume.h:24,
                 from /usr/share/rbenv/versions/3.4.4/include/ruby-3.4.0/ruby/defines.h:72,
                 from /usr/share/rbenv/versions/3.4.4/include/ruby-3.4.0/ruby/ruby.h:25,
                 from /usr/share/rbenv/versions/3.4.4/include/ruby-3.4.0/ruby.h:38,
                 from gpgme_n.c:39:
gpgme_n.c: In function ‘rb_s_gpgme_data_get_encoding’:
gpgme_n.c:95:31: warning: ‘rb_data_object_get_warning’ is deprecated: by TypedData [-Wdeprecated-declarations]
   95 |   Data_Get_Struct(vdh, struct gpgme_data, dh);
      |                               ^~~~~~~~~~
/usr/share/rbenv/versions/3.4.4/include/ruby-3.4.0/ruby/internal/cast.h:31:29: note: in definition of macro ‘RBIMPL_CAST’
   31 | # define RBIMPL_CAST(expr) (expr)
      |                             ^~~~
gpgme_n.c:95:3: note: in expansion of macro ‘Data_Get_Struct’
   95 |   Data_Get_Struct(vdh, struct gpgme_data, dh);
      |   ^~~~~~~~~~~~~~~
gpgme_n.c:455:3: note: in expansion of macro ‘UNWRAP_GPGME_DATA’
  455 |   UNWRAP_GPGME_DATA(vdh, dh);
      |   ^~~~~~~~~~~~~~~~~
In file included from /usr/share/rbenv/versions/3.4.4/include/ruby-3.4.0/ruby/internal/core.h:27,
                 from /usr/share/rbenv/versions/3.4.4/include/ruby-3.4.0/ruby/ruby.h:29,
                 from /usr/share/rbenv/versions/3.4.4/include/ruby-3.4.0/ruby.h:38,
                 from gpgme_n.c:39:
/usr/share/rbenv/versions/3.4.4/include/ruby-3.4.0/ruby/internal/core/rdata.h:325:1: note: declared here
  325 | rb_data_object_get_warning(VALUE obj)
      | ^~~~~~~~~~~~~~~~~~~~~~~~~~
In file included from /usr/share/rbenv/versions/3.4.4/include/ruby-3.4.0/ruby/internal/assume.h:29,
                 from /usr/share/rbenv/versions/3.4.4/include/ruby-3.4.0/ruby/backward/2/assume.h:24,
                 from /usr/share/rbenv/versions/3.4.4/include/ruby-3.4.0/ruby/defines.h:72,
                 from /usr/share/rbenv/versions/3.4.4/include/ruby-3.4.0/ruby/ruby.h:25,
                 from /usr/share/rbenv/versions/3.4.4/include/ruby-3.4.0/ruby.h:38,
                 from gpgme_n.c:39:
gpgme_n.c: In function ‘rb_s_gpgme_data_set_encoding’:
gpgme_n.c:95:31: warning: ‘rb_data_object_get_warning’ is deprecated: by TypedData [-Wdeprecated-declarations]
   95 |   Data_Get_Struct(vdh, struct gpgme_data, dh);
      |                               ^~~~~~~~~~
/usr/share/rbenv/versions/3.4.4/include/ruby-3.4.0/ruby/internal/cast.h:31:29: note: in definition of macro ‘RBIMPL_CAST’
   31 | # define RBIMPL_CAST(expr) (expr)
      |                             ^~~~
gpgme_n.c:95:3: note: in expansion of macro ‘Data_Get_Struct’
   95 |   Data_Get_Struct(vdh, struct gpgme_data, dh);
      |   ^~~~~~~~~~~~~~~
gpgme_n.c:466:3: note: in expansion of macro ‘UNWRAP_GPGME_DATA’
  466 |   UNWRAP_GPGME_DATA(vdh, dh);
      |   ^~~~~~~~~~~~~~~~~
In file included from /usr/share/rbenv/versions/3.4.4/include/ruby-3.4.0/ruby/internal/core.h:27,
                 from /usr/share/rbenv/versions/3.4.4/include/ruby-3.4.0/ruby/ruby.h:29,
                 from /usr/share/rbenv/versions/3.4.4/include/ruby-3.4.0/ruby.h:38,
                 from gpgme_n.c:39:
/usr/share/rbenv/versions/3.4.4/include/ruby-3.4.0/ruby/internal/core/rdata.h:325:1: note: declared here
  325 | rb_data_object_get_warning(VALUE obj)
      | ^~~~~~~~~~~~~~~~~~~~~~~~~~
In file included from /usr/share/rbenv/versions/3.4.4/include/ruby-3.4.0/ruby/internal/assume.h:29,
                 from /usr/share/rbenv/versions/3.4.4/include/ruby-3.4.0/ruby/backward/2/assume.h:24,
                 from /usr/share/rbenv/versions/3.4.4/include/ruby-3.4.0/ruby/defines.h:72,
                 from /usr/share/rbenv/versions/3.4.4/include/ruby-3.4.0/ruby/ruby.h:25,
                 from /usr/share/rbenv/versions/3.4.4/include/ruby-3.4.0/ruby.h:38,
                 from gpgme_n.c:39:
gpgme_n.c: In function ‘rb_s_gpgme_data_get_file_name’:
gpgme_n.c:95:31: warning: ‘rb_data_object_get_warning’ is deprecated: by TypedData [-Wdeprecated-declarations]
   95 |   Data_Get_Struct(vdh, struct gpgme_data, dh);
      |                               ^~~~~~~~~~
/usr/share/rbenv/versions/3.4.4/include/ruby-3.4.0/ruby/internal/cast.h:31:29: note: in definition of macro ‘RBIMPL_CAST’
   31 | # define RBIMPL_CAST(expr) (expr)
      |                             ^~~~
gpgme_n.c:95:3: note: in expansion of macro ‘Data_Get_Struct’
   95 |   Data_Get_Struct(vdh, struct gpgme_data, dh);
      |   ^~~~~~~~~~~~~~~
gpgme_n.c:476:3: note: in expansion of macro ‘UNWRAP_GPGME_DATA’
  476 |   UNWRAP_GPGME_DATA(vdh, dh);
      |   ^~~~~~~~~~~~~~~~~
In file included from /usr/share/rbenv/versions/3.4.4/include/ruby-3.4.0/ruby/internal/core.h:27,
                 from /usr/share/rbenv/versions/3.4.4/include/ruby-3.4.0/ruby/ruby.h:29,
                 from /usr/share/rbenv/versions/3.4.4/include/ruby-3.4.0/ruby.h:38,
                 from gpgme_n.c:39:
/usr/share/rbenv/versions/3.4.4/include/ruby-3.4.0/ruby/internal/core/rdata.h:325:1: note: declared here
  325 | rb_data_object_get_warning(VALUE obj)
      | ^~~~~~~~~~~~~~~~~~~~~~~~~~
In file included from /usr/share/rbenv/versions/3.4.4/include/ruby-3.4.0/ruby/internal/assume.h:29,
                 from /usr/share/rbenv/versions/3.4.4/include/ruby-3.4.0/ruby/backward/2/assume.h:24,
                 from /usr/share/rbenv/versions/3.4.4/include/ruby-3.4.0/ruby/defines.h:72,
                 from /usr/share/rbenv/versions/3.4.4/include/ruby-3.4.0/ruby/ruby.h:25,
                 from /usr/share/rbenv/versions/3.4.4/include/ruby-3.4.0/ruby.h:38,
                 from gpgme_n.c:39:
gpgme_n.c: In function ‘rb_s_gpgme_data_set_file_name’:
gpgme_n.c:95:31: warning: ‘rb_data_object_get_warning’ is deprecated: by TypedData [-Wdeprecated-declarations]
   95 |   Data_Get_Struct(vdh, struct gpgme_data, dh);
      |                               ^~~~~~~~~~
/usr/share/rbenv/versions/3.4.4/include/ruby-3.4.0/ruby/internal/cast.h:31:29: note: in definition of macro ‘RBIMPL_CAST’
   31 | # define RBIMPL_CAST(expr) (expr)
      |                             ^~~~
gpgme_n.c:95:3: note: in expansion of macro ‘Data_Get_Struct’
   95 |   Data_Get_Struct(vdh, struct gpgme_data, dh);
      |   ^~~~~~~~~~~~~~~
gpgme_n.c:487:3: note: in expansion of macro ‘UNWRAP_GPGME_DATA’
  487 |   UNWRAP_GPGME_DATA(vdh, dh);
      |   ^~~~~~~~~~~~~~~~~
In file included from /usr/share/rbenv/versions/3.4.4/include/ruby-3.4.0/ruby/internal/core.h:27,
                 from /usr/share/rbenv/versions/3.4.4/include/ruby-3.4.0/ruby/ruby.h:29,
                 from /usr/share/rbenv/versions/3.4.4/include/ruby-3.4.0/ruby.h:38,
                 from gpgme_n.c:39:
/usr/share/rbenv/versions/3.4.4/include/ruby-3.4.0/ruby/internal/core/rdata.h:325:1: note: declared here
  325 | rb_data_object_get_warning(VALUE obj)
      | ^~~~~~~~~~~~~~~~~~~~~~~~~~
gpgme_n.c: In function ‘rb_s_gpgme_new’:
gpgme_n.c:500:5: warning: ‘rb_data_object_wrap_warning’ is deprecated: by TypedData [-Wdeprecated-declarations]
  500 |     rb_ary_store (rctx, 0, WRAP_GPGME_CTX(ctx));
      |     ^~~~~~~~~~~~
In file included from /usr/share/rbenv/versions/3.4.4/include/ruby-3.4.0/ruby/internal/core.h:27,
                 from /usr/share/rbenv/versions/3.4.4/include/ruby-3.4.0/ruby/ruby.h:29,
                 from /usr/share/rbenv/versions/3.4.4/include/ruby-3.4.0/ruby.h:38,
                 from gpgme_n.c:39:
/usr/share/rbenv/versions/3.4.4/include/ruby-3.4.0/ruby/internal/core/rdata.h:293:1: note: declared here
  293 | rb_data_object_wrap_warning(VALUE klass, void *ptr, RUBY_DATA_FUNC mark, RUBY_DATA_FUNC free)
      | ^~~~~~~~~~~~~~~~~~~~~~~~~~~
In file included from /usr/share/rbenv/versions/3.4.4/include/ruby-3.4.0/ruby/internal/assume.h:29,
                 from /usr/share/rbenv/versions/3.4.4/include/ruby-3.4.0/ruby/backward/2/assume.h:24,
                 from /usr/share/rbenv/versions/3.4.4/include/ruby-3.4.0/ruby/defines.h:72,
                 from /usr/share/rbenv/versions/3.4.4/include/ruby-3.4.0/ruby/ruby.h:25,
                 from /usr/share/rbenv/versions/3.4.4/include/ruby-3.4.0/ruby.h:38,
                 from gpgme_n.c:39:
gpgme_n.c: In function ‘rb_s_gpgme_release’:
gpgme_n.c:101:32: warning: ‘rb_data_object_get_warning’ is deprecated: by TypedData [-Wdeprecated-declarations]
  101 |   Data_Get_Struct(vctx, struct gpgme_context, ctx)
      |                                ^~~~~~~~~~~~~
/usr/share/rbenv/versions/3.4.4/include/ruby-3.4.0/ruby/internal/cast.h:31:29: note: in definition of macro ‘RBIMPL_CAST’
   31 | # define RBIMPL_CAST(expr) (expr)
      |                             ^~~~
gpgme_n.c:101:3: note: in expansion of macro ‘Data_Get_Struct’
  101 |   Data_Get_Struct(vctx, struct gpgme_context, ctx)
      |   ^~~~~~~~~~~~~~~
gpgme_n.c:509:3: note: in expansion of macro ‘UNWRAP_GPGME_CTX’
  509 |   UNWRAP_GPGME_CTX(vctx, ctx);
      |   ^~~~~~~~~~~~~~~~
In file included from /usr/share/rbenv/versions/3.4.4/include/ruby-3.4.0/ruby/internal/core.h:27,
                 from /usr/share/rbenv/versions/3.4.4/include/ruby-3.4.0/ruby/ruby.h:29,
                 from /usr/share/rbenv/versions/3.4.4/include/ruby-3.4.0/ruby.h:38,
                 from gpgme_n.c:39:
/usr/share/rbenv/versions/3.4.4/include/ruby-3.4.0/ruby/internal/core/rdata.h:325:1: note: declared here
  325 | rb_data_object_get_warning(VALUE obj)
      | ^~~~~~~~~~~~~~~~~~~~~~~~~~
In file included from /usr/share/rbenv/versions/3.4.4/include/ruby-3.4.0/ruby/internal/assume.h:29,
                 from /usr/share/rbenv/versions/3.4.4/include/ruby-3.4.0/ruby/backward/2/assume.h:24,
                 from /usr/share/rbenv/versions/3.4.4/include/ruby-3.4.0/ruby/defines.h:72,
                 from /usr/share/rbenv/versions/3.4.4/include/ruby-3.4.0/ruby/ruby.h:25,
                 from /usr/share/rbenv/versions/3.4.4/include/ruby-3.4.0/ruby.h:38,
                 from gpgme_n.c:39:
gpgme_n.c: In function ‘rb_s_gpgme_set_ctx_flag’:
gpgme_n.c:101:32: warning: ‘rb_data_object_get_warning’ is deprecated: by TypedData [-Wdeprecated-declarations]
  101 |   Data_Get_Struct(vctx, struct gpgme_context, ctx)
      |                                ^~~~~~~~~~~~~
/usr/share/rbenv/versions/3.4.4/include/ruby-3.4.0/ruby/internal/cast.h:31:29: note: in definition of macro ‘RBIMPL_CAST’
   31 | # define RBIMPL_CAST(expr) (expr)
      |                             ^~~~
gpgme_n.c:101:3: note: in expansion of macro ‘Data_Get_Struct’
  101 |   Data_Get_Struct(vctx, struct gpgme_context, ctx)
      |   ^~~~~~~~~~~~~~~
gpgme_n.c:528:3: note: in expansion of macro ‘UNWRAP_GPGME_CTX’
  528 |   UNWRAP_GPGME_CTX(vctx, ctx);
      |   ^~~~~~~~~~~~~~~~
In file included from /usr/share/rbenv/versions/3.4.4/include/ruby-3.4.0/ruby/internal/core.h:27,
                 from /usr/share/rbenv/versions/3.4.4/include/ruby-3.4.0/ruby/ruby.h:29,
                 from /usr/share/rbenv/versions/3.4.4/include/ruby-3.4.0/ruby.h:38,
                 from gpgme_n.c:39:
/usr/share/rbenv/versions/3.4.4/include/ruby-3.4.0/ruby/internal/core/rdata.h:325:1: note: declared here
  325 | rb_data_object_get_warning(VALUE obj)
      | ^~~~~~~~~~~~~~~~~~~~~~~~~~
In file included from /usr/share/rbenv/versions/3.4.4/include/ruby-3.4.0/ruby/internal/assume.h:29,
                 from /usr/share/rbenv/versions/3.4.4/include/ruby-3.4.0/ruby/backward/2/assume.h:24,
                 from /usr/share/rbenv/versions/3.4.4/include/ruby-3.4.0/ruby/defines.h:72,
                 from /usr/share/rbenv/versions/3.4.4/include/ruby-3.4.0/ruby/ruby.h:25,
                 from /usr/share/rbenv/versions/3.4.4/include/ruby-3.4.0/ruby.h:38,
                 from gpgme_n.c:39:
gpgme_n.c: In function ‘rb_s_gpgme_get_ctx_flag’:
gpgme_n.c:101:32: warning: ‘rb_data_object_get_warning’ is deprecated: by TypedData [-Wdeprecated-declarations]
  101 |   Data_Get_Struct(vctx, struct gpgme_context, ctx)
      |                                ^~~~~~~~~~~~~
/usr/share/rbenv/versions/3.4.4/include/ruby-3.4.0/ruby/internal/cast.h:31:29: note: in definition of macro ‘RBIMPL_CAST’
   31 | # define RBIMPL_CAST(expr) (expr)
      |                             ^~~~
gpgme_n.c:101:3: note: in expansion of macro ‘Data_Get_Struct’
  101 |   Data_Get_Struct(vctx, struct gpgme_context, ctx)
      |   ^~~~~~~~~~~~~~~
gpgme_n.c:545:3: note: in expansion of macro ‘UNWRAP_GPGME_CTX’
  545 |   UNWRAP_GPGME_CTX(vctx, ctx);
      |   ^~~~~~~~~~~~~~~~
In file included from /usr/share/rbenv/versions/3.4.4/include/ruby-3.4.0/ruby/internal/core.h:27,
                 from /usr/share/rbenv/versions/3.4.4/include/ruby-3.4.0/ruby/ruby.h:29,
                 from /usr/share/rbenv/versions/3.4.4/include/ruby-3.4.0/ruby.h:38,
                 from gpgme_n.c:39:
/usr/share/rbenv/versions/3.4.4/include/ruby-3.4.0/ruby/internal/core/rdata.h:325:1: note: declared here
  325 | rb_data_object_get_warning(VALUE obj)
      | ^~~~~~~~~~~~~~~~~~~~~~~~~~
In file included from /usr/share/rbenv/versions/3.4.4/include/ruby-3.4.0/ruby/internal/assume.h:29,
                 from /usr/share/rbenv/versions/3.4.4/include/ruby-3.4.0/ruby/backward/2/assume.h:24,
                 from /usr/share/rbenv/versions/3.4.4/include/ruby-3.4.0/ruby/defines.h:72,
                 from /usr/share/rbenv/versions/3.4.4/include/ruby-3.4.0/ruby/ruby.h:25,
                 from /usr/share/rbenv/versions/3.4.4/include/ruby-3.4.0/ruby.h:38,
                 from gpgme_n.c:39:
gpgme_n.c: In function ‘rb_s_gpgme_set_protocol’:
gpgme_n.c:101:32: warning: ‘rb_data_object_get_warning’ is deprecated: by TypedData [-Wdeprecated-declarations]
  101 |   Data_Get_Struct(vctx, struct gpgme_context, ctx)
      |                                ^~~~~~~~~~~~~
/usr/share/rbenv/versions/3.4.4/include/ruby-3.4.0/ruby/internal/cast.h:31:29: note: in definition of macro ‘RBIMPL_CAST’
   31 | # define RBIMPL_CAST(expr) (expr)
      |                             ^~~~
gpgme_n.c:101:3: note: in expansion of macro ‘Data_Get_Struct’
  101 |   Data_Get_Struct(vctx, struct gpgme_context, ctx)
      |   ^~~~~~~~~~~~~~~
gpgme_n.c:563:3: note: in expansion of macro ‘UNWRAP_GPGME_CTX’
  563 |   UNWRAP_GPGME_CTX(vctx, ctx);
      |   ^~~~~~~~~~~~~~~~
In file included from /usr/share/rbenv/versions/3.4.4/include/ruby-3.4.0/ruby/internal/core.h:27,
                 from /usr/share/rbenv/versions/3.4.4/include/ruby-3.4.0/ruby/ruby.h:29,
                 from /usr/share/rbenv/versions/3.4.4/include/ruby-3.4.0/ruby.h:38,
                 from gpgme_n.c:39:
/usr/share/rbenv/versions/3.4.4/include/ruby-3.4.0/ruby/internal/core/rdata.h:325:1: note: declared here
  325 | rb_data_object_get_warning(VALUE obj)
      | ^~~~~~~~~~~~~~~~~~~~~~~~~~
In file included from /usr/share/rbenv/versions/3.4.4/include/ruby-3.4.0/ruby/internal/assume.h:29,
                 from /usr/share/rbenv/versions/3.4.4/include/ruby-3.4.0/ruby/backward/2/assume.h:24,
                 from /usr/share/rbenv/versions/3.4.4/include/ruby-3.4.0/ruby/defines.h:72,
                 from /usr/share/rbenv/versions/3.4.4/include/ruby-3.4.0/ruby/ruby.h:25,
                 from /usr/share/rbenv/versions/3.4.4/include/ruby-3.4.0/ruby.h:38,
                 from gpgme_n.c:39:
gpgme_n.c: In function ‘rb_s_gpgme_get_protocol’:
gpgme_n.c:101:32: warning: ‘rb_data_object_get_warning’ is deprecated: by TypedData [-Wdeprecated-declarations]
  101 |   Data_Get_Struct(vctx, struct gpgme_context, ctx)
      |                                ^~~~~~~~~~~~~
/usr/share/rbenv/versions/3.4.4/include/ruby-3.4.0/ruby/internal/cast.h:31:29: note: in definition of macro ‘RBIMPL_CAST’
   31 | # define RBIMPL_CAST(expr) (expr)
      |                             ^~~~
gpgme_n.c:101:3: note: in expansion of macro ‘Data_Get_Struct’
  101 |   Data_Get_Struct(vctx, struct gpgme_context, ctx)
      |   ^~~~~~~~~~~~~~~
gpgme_n.c:576:3: note: in expansion of macro ‘UNWRAP_GPGME_CTX’
  576 |   UNWRAP_GPGME_CTX(vctx, ctx);
      |   ^~~~~~~~~~~~~~~~
In file included from /usr/share/rbenv/versions/3.4.4/include/ruby-3.4.0/ruby/internal/core.h:27,
                 from /usr/share/rbenv/versions/3.4.4/include/ruby-3.4.0/ruby/ruby.h:29,
                 from /usr/share/rbenv/versions/3.4.4/include/ruby-3.4.0/ruby.h:38,
                 from gpgme_n.c:39:
/usr/share/rbenv/versions/3.4.4/include/ruby-3.4.0/ruby/internal/core/rdata.h:325:1: note: declared here
  325 | rb_data_object_get_warning(VALUE obj)
      | ^~~~~~~~~~~~~~~~~~~~~~~~~~
In file included from /usr/share/rbenv/versions/3.4.4/include/ruby-3.4.0/ruby/internal/assume.h:29,
                 from /usr/share/rbenv/versions/3.4.4/include/ruby-3.4.0/ruby/backward/2/assume.h:24,
                 from /usr/share/rbenv/versions/3.4.4/include/ruby-3.4.0/ruby/defines.h:72,
                 from /usr/share/rbenv/versions/3.4.4/include/ruby-3.4.0/ruby/ruby.h:25,
                 from /usr/share/rbenv/versions/3.4.4/include/ruby-3.4.0/ruby.h:38,
                 from gpgme_n.c:39:
gpgme_n.c: In function ‘rb_s_gpgme_set_armor’:
gpgme_n.c:101:32: warning: ‘rb_data_object_get_warning’ is deprecated: by TypedData [-Wdeprecated-declarations]
  101 |   Data_Get_Struct(vctx, struct gpgme_context, ctx)
      |                                ^~~~~~~~~~~~~
/usr/share/rbenv/versions/3.4.4/include/ruby-3.4.0/ruby/internal/cast.h:31:29: note: in definition of macro ‘RBIMPL_CAST’
   31 | # define RBIMPL_CAST(expr) (expr)
      |                             ^~~~
gpgme_n.c:101:3: note: in expansion of macro ‘Data_Get_Struct’
  101 |   Data_Get_Struct(vctx, struct gpgme_context, ctx)
      |   ^~~~~~~~~~~~~~~
gpgme_n.c:588:3: note: in expansion of macro ‘UNWRAP_GPGME_CTX’
  588 |   UNWRAP_GPGME_CTX(vctx, ctx);
      |   ^~~~~~~~~~~~~~~~
In file included from /usr/share/rbenv/versions/3.4.4/include/ruby-3.4.0/ruby/internal/core.h:27,
                 from /usr/share/rbenv/versions/3.4.4/include/ruby-3.4.0/ruby/ruby.h:29,
                 from /usr/share/rbenv/versions/3.4.4/include/ruby-3.4.0/ruby.h:38,
                 from gpgme_n.c:39:
/usr/share/rbenv/versions/3.4.4/include/ruby-3.4.0/ruby/internal/core/rdata.h:325:1: note: declared here
  325 | rb_data_object_get_warning(VALUE obj)
      | ^~~~~~~~~~~~~~~~~~~~~~~~~~
In file included from /usr/share/rbenv/versions/3.4.4/include/ruby-3.4.0/ruby/internal/assume.h:29,
                 from /usr/share/rbenv/versions/3.4.4/include/ruby-3.4.0/ruby/backward/2/assume.h:24,
                 from /usr/share/rbenv/versions/3.4.4/include/ruby-3.4.0/ruby/defines.h:72,
                 from /usr/share/rbenv/versions/3.4.4/include/ruby-3.4.0/ruby/ruby.h:25,
                 from /usr/share/rbenv/versions/3.4.4/include/ruby-3.4.0/ruby.h:38,
                 from gpgme_n.c:39:
gpgme_n.c: In function ‘rb_s_gpgme_get_armor’:
gpgme_n.c:101:32: warning: ‘rb_data_object_get_warning’ is deprecated: by TypedData [-Wdeprecated-declarations]
  101 |   Data_Get_Struct(vctx, struct gpgme_context, ctx)
      |                                ^~~~~~~~~~~~~
/usr/share/rbenv/versions/3.4.4/include/ruby-3.4.0/ruby/internal/cast.h:31:29: note: in definition of macro ‘RBIMPL_CAST’
   31 | # define RBIMPL_CAST(expr) (expr)
      |                             ^~~~
gpgme_n.c:101:3: note: in expansion of macro ‘Data_Get_Struct’
  101 |   Data_Get_Struct(vctx, struct gpgme_context, ctx)
      |   ^~~~~~~~~~~~~~~
gpgme_n.c:602:3: note: in expansion of macro ‘UNWRAP_GPGME_CTX’
  602 |   UNWRAP_GPGME_CTX(vctx, ctx);
      |   ^~~~~~~~~~~~~~~~
In file included from /usr/share/rbenv/versions/3.4.4/include/ruby-3.4.0/ruby/internal/core.h:27,
                 from /usr/share/rbenv/versions/3.4.4/include/ruby-3.4.0/ruby/ruby.h:29,
                 from /usr/share/rbenv/versions/3.4.4/include/ruby-3.4.0/ruby.h:38,
                 from gpgme_n.c:39:
/usr/share/rbenv/versions/3.4.4/include/ruby-3.4.0/ruby/internal/core/rdata.h:325:1: note: declared here
  325 | rb_data_object_get_warning(VALUE obj)
      | ^~~~~~~~~~~~~~~~~~~~~~~~~~
In file included from /usr/share/rbenv/versions/3.4.4/include/ruby-3.4.0/ruby/internal/assume.h:29,
                 from /usr/share/rbenv/versions/3.4.4/include/ruby-3.4.0/ruby/backward/2/assume.h:24,
                 from /usr/share/rbenv/versions/3.4.4/include/ruby-3.4.0/ruby/defines.h:72,
                 from /usr/share/rbenv/versions/3.4.4/include/ruby-3.4.0/ruby/ruby.h:25,
                 from /usr/share/rbenv/versions/3.4.4/include/ruby-3.4.0/ruby.h:38,
                 from gpgme_n.c:39:
gpgme_n.c: In function ‘rb_s_gpgme_set_ignore_mdc_error’:
gpgme_n.c:101:32: warning: ‘rb_data_object_get_warning’ is deprecated: by TypedData [-Wdeprecated-declarations]
  101 |   Data_Get_Struct(vctx, struct gpgme_context, ctx)
      |                                ^~~~~~~~~~~~~
/usr/share/rbenv/versions/3.4.4/include/ruby-3.4.0/ruby/internal/cast.h:31:29: note: in definition of macro ‘RBIMPL_CAST’
   31 | # define RBIMPL_CAST(expr) (expr)
      |                             ^~~~
gpgme_n.c:101:3: note: in expansion of macro ‘Data_Get_Struct’
  101 |   Data_Get_Struct(vctx, struct gpgme_context, ctx)
      |   ^~~~~~~~~~~~~~~
gpgme_n.c:618:3: note: in expansion of macro ‘UNWRAP_GPGME_CTX’
  618 |   UNWRAP_GPGME_CTX(vctx, ctx);
      |   ^~~~~~~~~~~~~~~~
In file included from /usr/share/rbenv/versions/3.4.4/include/ruby-3.4.0/ruby/internal/core.h:27,
                 from /usr/share/rbenv/versions/3.4.4/include/ruby-3.4.0/ruby/ruby.h:29,
                 from /usr/share/rbenv/versions/3.4.4/include/ruby-3.4.0/ruby.h:38,
                 from gpgme_n.c:39:
/usr/share/rbenv/versions/3.4.4/include/ruby-3.4.0/ruby/internal/core/rdata.h:325:1: note: declared here
  325 | rb_data_object_get_warning(VALUE obj)
      | ^~~~~~~~~~~~~~~~~~~~~~~~~~
In file included from /usr/share/rbenv/versions/3.4.4/include/ruby-3.4.0/ruby/internal/assume.h:29,
                 from /usr/share/rbenv/versions/3.4.4/include/ruby-3.4.0/ruby/backward/2/assume.h:24,
                 from /usr/share/rbenv/versions/3.4.4/include/ruby-3.4.0/ruby/defines.h:72,
                 from /usr/share/rbenv/versions/3.4.4/include/ruby-3.4.0/ruby/ruby.h:25,
                 from /usr/share/rbenv/versions/3.4.4/include/ruby-3.4.0/ruby.h:38,
                 from gpgme_n.c:39:
gpgme_n.c: In function ‘rb_s_gpgme_get_ignore_mdc_error’:
gpgme_n.c:101:32: warning: ‘rb_data_object_get_warning’ is deprecated: by TypedData [-Wdeprecated-declarations]
  101 |   Data_Get_Struct(vctx, struct gpgme_context, ctx)
      |                                ^~~~~~~~~~~~~
/usr/share/rbenv/versions/3.4.4/include/ruby-3.4.0/ruby/internal/cast.h:31:29: note: in definition of macro ‘RBIMPL_CAST’
   31 | # define RBIMPL_CAST(expr) (expr)
      |                             ^~~~
gpgme_n.c:101:3: note: in expansion of macro ‘Data_Get_Struct’
  101 |   Data_Get_Struct(vctx, struct gpgme_context, ctx)
      |   ^~~~~~~~~~~~~~~
gpgme_n.c:632:3: note: in expansion of macro ‘UNWRAP_GPGME_CTX’
  632 |   UNWRAP_GPGME_CTX(vctx, ctx);
      |   ^~~~~~~~~~~~~~~~
In file included from /usr/share/rbenv/versions/3.4.4/include/ruby-3.4.0/ruby/internal/core.h:27,
                 from /usr/share/rbenv/versions/3.4.4/include/ruby-3.4.0/ruby/ruby.h:29,
                 from /usr/share/rbenv/versions/3.4.4/include/ruby-3.4.0/ruby.h:38,
                 from gpgme_n.c:39:
/usr/share/rbenv/versions/3.4.4/include/ruby-3.4.0/ruby/internal/core/rdata.h:325:1: note: declared here
  325 | rb_data_object_get_warning(VALUE obj)
      | ^~~~~~~~~~~~~~~~~~~~~~~~~~
In file included from /usr/share/rbenv/versions/3.4.4/include/ruby-3.4.0/ruby/internal/assume.h:29,
                 from /usr/share/rbenv/versions/3.4.4/include/ruby-3.4.0/ruby/backward/2/assume.h:24,
                 from /usr/share/rbenv/versions/3.4.4/include/ruby-3.4.0/ruby/defines.h:72,
                 from /usr/share/rbenv/versions/3.4.4/include/ruby-3.4.0/ruby/ruby.h:25,
                 from /usr/share/rbenv/versions/3.4.4/include/ruby-3.4.0/ruby.h:38,
                 from gpgme_n.c:39:
gpgme_n.c: In function ‘rb_s_gpgme_set_textmode’:
gpgme_n.c:101:32: warning: ‘rb_data_object_get_warning’ is deprecated: by TypedData [-Wdeprecated-declarations]
  101 |   Data_Get_Struct(vctx, struct gpgme_context, ctx)
      |                                ^~~~~~~~~~~~~
/usr/share/rbenv/versions/3.4.4/include/ruby-3.4.0/ruby/internal/cast.h:31:29: note: in definition of macro ‘RBIMPL_CAST’
   31 | # define RBIMPL_CAST(expr) (expr)
      |                             ^~~~
gpgme_n.c:101:3: note: in expansion of macro ‘Data_Get_Struct’
  101 |   Data_Get_Struct(vctx, struct gpgme_context, ctx)
      |   ^~~~~~~~~~~~~~~
gpgme_n.c:650:3: note: in expansion of macro ‘UNWRAP_GPGME_CTX’
  650 |   UNWRAP_GPGME_CTX(vctx, ctx);
      |   ^~~~~~~~~~~~~~~~
In file included from /usr/share/rbenv/versions/3.4.4/include/ruby-3.4.0/ruby/internal/core.h:27,
                 from /usr/share/rbenv/versions/3.4.4/include/ruby-3.4.0/ruby/ruby.h:29,
                 from /usr/share/rbenv/versions/3.4.4/include/ruby-3.4.0/ruby.h:38,
                 from gpgme_n.c:39:
/usr/share/rbenv/versions/3.4.4/include/ruby-3.4.0/ruby/internal/core/rdata.h:325:1: note: declared here
  325 | rb_data_object_get_warning(VALUE obj)
      | ^~~~~~~~~~~~~~~~~~~~~~~~~~
In file included from /usr/share/rbenv/versions/3.4.4/include/ruby-3.4.0/ruby/internal/assume.h:29,
                 from /usr/share/rbenv/versions/3.4.4/include/ruby-3.4.0/ruby/backward/2/assume.h:24,
                 from /usr/share/rbenv/versions/3.4.4/include/ruby-3.4.0/ruby/defines.h:72,
                 from /usr/share/rbenv/versions/3.4.4/include/ruby-3.4.0/ruby/ruby.h:25,
                 from /usr/share/rbenv/versions/3.4.4/include/ruby-3.4.0/ruby.h:38,
                 from gpgme_n.c:39:
gpgme_n.c: In function ‘rb_s_gpgme_get_textmode’:
gpgme_n.c:101:32: warning: ‘rb_data_object_get_warning’ is deprecated: by TypedData [-Wdeprecated-declarations]
  101 |   Data_Get_Struct(vctx, struct gpgme_context, ctx)
      |                                ^~~~~~~~~~~~~
/usr/share/rbenv/versions/3.4.4/include/ruby-3.4.0/ruby/internal/cast.h:31:29: note: in definition of macro ‘RBIMPL_CAST’
   31 | # define RBIMPL_CAST(expr) (expr)
      |                             ^~~~
gpgme_n.c:101:3: note: in expansion of macro ‘Data_Get_Struct’
  101 |   Data_Get_Struct(vctx, struct gpgme_context, ctx)
      |   ^~~~~~~~~~~~~~~
gpgme_n.c:663:3: note: in expansion of macro ‘UNWRAP_GPGME_CTX’
  663 |   UNWRAP_GPGME_CTX(vctx, ctx);
      |   ^~~~~~~~~~~~~~~~
In file included from /usr/share/rbenv/versions/3.4.4/include/ruby-3.4.0/ruby/internal/core.h:27,
                 from /usr/share/rbenv/versions/3.4.4/include/ruby-3.4.0/ruby/ruby.h:29,
                 from /usr/share/rbenv/versions/3.4.4/include/ruby-3.4.0/ruby.h:38,
                 from gpgme_n.c:39:
/usr/share/rbenv/versions/3.4.4/include/ruby-3.4.0/ruby/internal/core/rdata.h:325:1: note: declared here
  325 | rb_data_object_get_warning(VALUE obj)
      | ^~~~~~~~~~~~~~~~~~~~~~~~~~
In file included from /usr/share/rbenv/versions/3.4.4/include/ruby-3.4.0/ruby/internal/assume.h:29,
                 from /usr/share/rbenv/versions/3.4.4/include/ruby-3.4.0/ruby/backward/2/assume.h:24,
                 from /usr/share/rbenv/versions/3.4.4/include/ruby-3.4.0/ruby/defines.h:72,
                 from /usr/share/rbenv/versions/3.4.4/include/ruby-3.4.0/ruby/ruby.h:25,
                 from /usr/share/rbenv/versions/3.4.4/include/ruby-3.4.0/ruby.h:38,
                 from gpgme_n.c:39:
gpgme_n.c: In function ‘rb_s_gpgme_set_include_certs’:
gpgme_n.c:101:32: warning: ‘rb_data_object_get_warning’ is deprecated: by TypedData [-Wdeprecated-declarations]
  101 |   Data_Get_Struct(vctx, struct gpgme_context, ctx)
      |                                ^~~~~~~~~~~~~
/usr/share/rbenv/versions/3.4.4/include/ruby-3.4.0/ruby/internal/cast.h:31:29: note: in definition of macro ‘RBIMPL_CAST’
   31 | # define RBIMPL_CAST(expr) (expr)
      |                             ^~~~
gpgme_n.c:101:3: note: in expansion of macro ‘Data_Get_Struct’
  101 |   Data_Get_Struct(vctx, struct gpgme_context, ctx)
      |   ^~~~~~~~~~~~~~~
gpgme_n.c:675:3: note: in expansion of macro ‘UNWRAP_GPGME_CTX’
  675 |   UNWRAP_GPGME_CTX(vctx, ctx);
      |   ^~~~~~~~~~~~~~~~
In file included from /usr/share/rbenv/versions/3.4.4/include/ruby-3.4.0/ruby/internal/core.h:27,
                 from /usr/share/rbenv/versions/3.4.4/include/ruby-3.4.0/ruby/ruby.h:29,
                 from /usr/share/rbenv/versions/3.4.4/include/ruby-3.4.0/ruby.h:38,
                 from gpgme_n.c:39:
/usr/share/rbenv/versions/3.4.4/include/ruby-3.4.0/ruby/internal/core/rdata.h:325:1: note: declared here
  325 | rb_data_object_get_warning(VALUE obj)
      | ^~~~~~~~~~~~~~~~~~~~~~~~~~
In file included from /usr/share/rbenv/versions/3.4.4/include/ruby-3.4.0/ruby/internal/assume.h:29,
                 from /usr/share/rbenv/versions/3.4.4/include/ruby-3.4.0/ruby/backward/2/assume.h:24,
                 from /usr/share/rbenv/versions/3.4.4/include/ruby-3.4.0/ruby/defines.h:72,
                 from /usr/share/rbenv/versions/3.4.4/include/ruby-3.4.0/ruby/ruby.h:25,
                 from /usr/share/rbenv/versions/3.4.4/include/ruby-3.4.0/ruby.h:38,
                 from gpgme_n.c:39:
gpgme_n.c: In function ‘rb_s_gpgme_get_include_certs’:
gpgme_n.c:101:32: warning: ‘rb_data_object_get_warning’ is deprecated: by TypedData [-Wdeprecated-declarations]
  101 |   Data_Get_Struct(vctx, struct gpgme_context, ctx)
      |                                ^~~~~~~~~~~~~
/usr/share/rbenv/versions/3.4.4/include/ruby-3.4.0/ruby/internal/cast.h:31:29: note: in definition of macro ‘RBIMPL_CAST’
   31 | # define RBIMPL_CAST(expr) (expr)
      |                             ^~~~
gpgme_n.c:101:3: note: in expansion of macro ‘Data_Get_Struct’
  101 |   Data_Get_Struct(vctx, struct gpgme_context, ctx)
      |   ^~~~~~~~~~~~~~~
gpgme_n.c:688:3: note: in expansion of macro ‘UNWRAP_GPGME_CTX’
  688 |   UNWRAP_GPGME_CTX(vctx, ctx);
      |   ^~~~~~~~~~~~~~~~
In file included from /usr/share/rbenv/versions/3.4.4/include/ruby-3.4.0/ruby/internal/core.h:27,
                 from /usr/share/rbenv/versions/3.4.4/include/ruby-3.4.0/ruby/ruby.h:29,
                 from /usr/share/rbenv/versions/3.4.4/include/ruby-3.4.0/ruby.h:38,
                 from gpgme_n.c:39:
/usr/share/rbenv/versions/3.4.4/include/ruby-3.4.0/ruby/internal/core/rdata.h:325:1: note: declared here
  325 | rb_data_object_get_warning(VALUE obj)
      | ^~~~~~~~~~~~~~~~~~~~~~~~~~
In file included from /usr/share/rbenv/versions/3.4.4/include/ruby-3.4.0/ruby/internal/assume.h:29,
                 from /usr/share/rbenv/versions/3.4.4/include/ruby-3.4.0/ruby/backward/2/assume.h:24,
                 from /usr/share/rbenv/versions/3.4.4/include/ruby-3.4.0/ruby/defines.h:72,
                 from /usr/share/rbenv/versions/3.4.4/include/ruby-3.4.0/ruby/ruby.h:25,
                 from /usr/share/rbenv/versions/3.4.4/include/ruby-3.4.0/ruby.h:38,
                 from gpgme_n.c:39:
gpgme_n.c: In function ‘rb_s_gpgme_set_keylist_mode’:
gpgme_n.c:101:32: warning: ‘rb_data_object_get_warning’ is deprecated: by TypedData [-Wdeprecated-declarations]
  101 |   Data_Get_Struct(vctx, struct gpgme_context, ctx)
      |                                ^~~~~~~~~~~~~
/usr/share/rbenv/versions/3.4.4/include/ruby-3.4.0/ruby/internal/cast.h:31:29: note: in definition of macro ‘RBIMPL_CAST’
   31 | # define RBIMPL_CAST(expr) (expr)
      |                             ^~~~
gpgme_n.c:101:3: note: in expansion of macro ‘Data_Get_Struct’
  101 |   Data_Get_Struct(vctx, struct gpgme_context, ctx)
      |   ^~~~~~~~~~~~~~~
gpgme_n.c:701:3: note: in expansion of macro ‘UNWRAP_GPGME_CTX’
  701 |   UNWRAP_GPGME_CTX(vctx, ctx);
      |   ^~~~~~~~~~~~~~~~
In file included from /usr/share/rbenv/versions/3.4.4/include/ruby-3.4.0/ruby/internal/core.h:27,
                 from /usr/share/rbenv/versions/3.4.4/include/ruby-3.4.0/ruby/ruby.h:29,
                 from /usr/share/rbenv/versions/3.4.4/include/ruby-3.4.0/ruby.h:38,
                 from gpgme_n.c:39:
/usr/share/rbenv/versions/3.4.4/include/ruby-3.4.0/ruby/internal/core/rdata.h:325:1: note: declared here
  325 | rb_data_object_get_warning(VALUE obj)
      | ^~~~~~~~~~~~~~~~~~~~~~~~~~
In file included from /usr/share/rbenv/versions/3.4.4/include/ruby-3.4.0/ruby/internal/assume.h:29,
                 from /usr/share/rbenv/versions/3.4.4/include/ruby-3.4.0/ruby/backward/2/assume.h:24,
                 from /usr/share/rbenv/versions/3.4.4/include/ruby-3.4.0/ruby/defines.h:72,
                 from /usr/share/rbenv/versions/3.4.4/include/ruby-3.4.0/ruby/ruby.h:25,
                 from /usr/share/rbenv/versions/3.4.4/include/ruby-3.4.0/ruby.h:38,
                 from gpgme_n.c:39:
gpgme_n.c: In function ‘rb_s_gpgme_get_keylist_mode’:
gpgme_n.c:101:32: warning: ‘rb_data_object_get_warning’ is deprecated: by TypedData [-Wdeprecated-declarations]
  101 |   Data_Get_Struct(vctx, struct gpgme_context, ctx)
      |                                ^~~~~~~~~~~~~
/usr/share/rbenv/versions/3.4.4/include/ruby-3.4.0/ruby/internal/cast.h:31:29: note: in definition of macro ‘RBIMPL_CAST’
   31 | # define RBIMPL_CAST(expr) (expr)
      |                             ^~~~
gpgme_n.c:101:3: note: in expansion of macro ‘Data_Get_Struct’
  101 |   Data_Get_Struct(vctx, struct gpgme_context, ctx)
      |   ^~~~~~~~~~~~~~~
gpgme_n.c:714:3: note: in expansion of macro ‘UNWRAP_GPGME_CTX’
  714 |   UNWRAP_GPGME_CTX(vctx, ctx);
      |   ^~~~~~~~~~~~~~~~
In file included from /usr/share/rbenv/versions/3.4.4/include/ruby-3.4.0/ruby/internal/core.h:27,
                 from /usr/share/rbenv/versions/3.4.4/include/ruby-3.4.0/ruby/ruby.h:29,
                 from /usr/share/rbenv/versions/3.4.4/include/ruby-3.4.0/ruby.h:38,
                 from gpgme_n.c:39:
/usr/share/rbenv/versions/3.4.4/include/ruby-3.4.0/ruby/internal/core/rdata.h:325:1: note: declared here
  325 | rb_data_object_get_warning(VALUE obj)
      | ^~~~~~~~~~~~~~~~~~~~~~~~~~
In file included from /usr/share/rbenv/versions/3.4.4/include/ruby-3.4.0/ruby/internal/assume.h:29,
                 from /usr/share/rbenv/versions/3.4.4/include/ruby-3.4.0/ruby/backward/2/assume.h:24,
                 from /usr/share/rbenv/versions/3.4.4/include/ruby-3.4.0/ruby/defines.h:72,
                 from /usr/share/rbenv/versions/3.4.4/include/ruby-3.4.0/ruby/ruby.h:25,
                 from /usr/share/rbenv/versions/3.4.4/include/ruby-3.4.0/ruby.h:38,
                 from gpgme_n.c:39:
gpgme_n.c: In function ‘rb_s_gpgme_set_passphrase_cb’:
gpgme_n.c:101:32: warning: ‘rb_data_object_get_warning’ is deprecated: by TypedData [-Wdeprecated-declarations]
  101 |   Data_Get_Struct(vctx, struct gpgme_context, ctx)
      |                                ^~~~~~~~~~~~~
/usr/share/rbenv/versions/3.4.4/include/ruby-3.4.0/ruby/internal/cast.h:31:29: note: in definition of macro ‘RBIMPL_CAST’
   31 | # define RBIMPL_CAST(expr) (expr)
      |                             ^~~~
gpgme_n.c:101:3: note: in expansion of macro ‘Data_Get_Struct’
  101 |   Data_Get_Struct(vctx, struct gpgme_context, ctx)
      |   ^~~~~~~~~~~~~~~
gpgme_n.c:751:3: note: in expansion of macro ‘UNWRAP_GPGME_CTX’
  751 |   UNWRAP_GPGME_CTX(vctx, ctx);
      |   ^~~~~~~~~~~~~~~~
In file included from /usr/share/rbenv/versions/3.4.4/include/ruby-3.4.0/ruby/internal/core.h:27,
                 from /usr/share/rbenv/versions/3.4.4/include/ruby-3.4.0/ruby/ruby.h:29,
                 from /usr/share/rbenv/versions/3.4.4/include/ruby-3.4.0/ruby.h:38,
                 from gpgme_n.c:39:
/usr/share/rbenv/versions/3.4.4/include/ruby-3.4.0/ruby/internal/core/rdata.h:325:1: note: declared here
  325 | rb_data_object_get_warning(VALUE obj)
      | ^~~~~~~~~~~~~~~~~~~~~~~~~~
In file included from /usr/share/rbenv/versions/3.4.4/include/ruby-3.4.0/ruby/internal/assume.h:29,
                 from /usr/share/rbenv/versions/3.4.4/include/ruby-3.4.0/ruby/backward/2/assume.h:24,
                 from /usr/share/rbenv/versions/3.4.4/include/ruby-3.4.0/ruby/defines.h:72,
                 from /usr/share/rbenv/versions/3.4.4/include/ruby-3.4.0/ruby/ruby.h:25,
                 from /usr/share/rbenv/versions/3.4.4/include/ruby-3.4.0/ruby.h:38,
                 from gpgme_n.c:39:
gpgme_n.c: In function ‘rb_s_gpgme_set_status_cb’:
gpgme_n.c:101:32: warning: ‘rb_data_object_get_warning’ is deprecated: by TypedData [-Wdeprecated-declarations]
  101 |   Data_Get_Struct(vctx, struct gpgme_context, ctx)
      |                                ^~~~~~~~~~~~~
/usr/share/rbenv/versions/3.4.4/include/ruby-3.4.0/ruby/internal/cast.h:31:29: note: in definition of macro ‘RBIMPL_CAST’
   31 | # define RBIMPL_CAST(expr) (expr)
      |                             ^~~~
gpgme_n.c:101:3: note: in expansion of macro ‘Data_Get_Struct’
  101 |   Data_Get_Struct(vctx, struct gpgme_context, ctx)
      |   ^~~~~~~~~~~~~~~
gpgme_n.c:798:3: note: in expansion of macro ‘UNWRAP_GPGME_CTX’
  798 |   UNWRAP_GPGME_CTX(vctx, ctx);
      |   ^~~~~~~~~~~~~~~~
In file included from /usr/share/rbenv/versions/3.4.4/include/ruby-3.4.0/ruby/internal/core.h:27,
                 from /usr/share/rbenv/versions/3.4.4/include/ruby-3.4.0/ruby/ruby.h:29,
                 from /usr/share/rbenv/versions/3.4.4/include/ruby-3.4.0/ruby.h:38,
                 from gpgme_n.c:39:
/usr/share/rbenv/versions/3.4.4/include/ruby-3.4.0/ruby/internal/core/rdata.h:325:1: note: declared here
  325 | rb_data_object_get_warning(VALUE obj)
      | ^~~~~~~~~~~~~~~~~~~~~~~~~~
In file included from /usr/share/rbenv/versions/3.4.4/include/ruby-3.4.0/ruby/internal/assume.h:29,
                 from /usr/share/rbenv/versions/3.4.4/include/ruby-3.4.0/ruby/backward/2/assume.h:24,
                 from /usr/share/rbenv/versions/3.4.4/include/ruby-3.4.0/ruby/defines.h:72,
                 from /usr/share/rbenv/versions/3.4.4/include/ruby-3.4.0/ruby/ruby.h:25,
                 from /usr/share/rbenv/versions/3.4.4/include/ruby-3.4.0/ruby.h:38,
                 from gpgme_n.c:39:
gpgme_n.c: In function ‘rb_s_gpgme_set_progress_cb’:
gpgme_n.c:101:32: warning: ‘rb_data_object_get_warning’ is deprecated: by TypedData [-Wdeprecated-declarations]
  101 |   Data_Get_Struct(vctx, struct gpgme_context, ctx)
      |                                ^~~~~~~~~~~~~
/usr/share/rbenv/versions/3.4.4/include/ruby-3.4.0/ruby/internal/cast.h:31:29: note: in definition of macro ‘RBIMPL_CAST’
   31 | # define RBIMPL_CAST(expr) (expr)
      |                             ^~~~
gpgme_n.c:101:3: note: in expansion of macro ‘Data_Get_Struct’
  101 |   Data_Get_Struct(vctx, struct gpgme_context, ctx)
      |   ^~~~~~~~~~~~~~~
gpgme_n.c:843:3: note: in expansion of macro ‘UNWRAP_GPGME_CTX’
  843 |   UNWRAP_GPGME_CTX(vctx, ctx);
      |   ^~~~~~~~~~~~~~~~
In file included from /usr/share/rbenv/versions/3.4.4/include/ruby-3.4.0/ruby/internal/core.h:27,
                 from /usr/share/rbenv/versions/3.4.4/include/ruby-3.4.0/ruby/ruby.h:29,
                 from /usr/share/rbenv/versions/3.4.4/include/ruby-3.4.0/ruby.h:38,
                 from gpgme_n.c:39:
/usr/share/rbenv/versions/3.4.4/include/ruby-3.4.0/ruby/internal/core/rdata.h:325:1: note: declared here
  325 | rb_data_object_get_warning(VALUE obj)
      | ^~~~~~~~~~~~~~~~~~~~~~~~~~
In file included from /usr/share/rbenv/versions/3.4.4/include/ruby-3.4.0/ruby/internal/assume.h:29,
                 from /usr/share/rbenv/versions/3.4.4/include/ruby-3.4.0/ruby/backward/2/assume.h:24,
                 from /usr/share/rbenv/versions/3.4.4/include/ruby-3.4.0/ruby/defines.h:72,
                 from /usr/share/rbenv/versions/3.4.4/include/ruby-3.4.0/ruby/ruby.h:25,
                 from /usr/share/rbenv/versions/3.4.4/include/ruby-3.4.0/ruby.h:38,
                 from gpgme_n.c:39:
gpgme_n.c: In function ‘rb_s_gpgme_set_locale’:
gpgme_n.c:101:32: warning: ‘rb_data_object_get_warning’ is deprecated: by TypedData [-Wdeprecated-declarations]
  101 |   Data_Get_Struct(vctx, struct gpgme_context, ctx)
      |                                ^~~~~~~~~~~~~
/usr/share/rbenv/versions/3.4.4/include/ruby-3.4.0/ruby/internal/cast.h:31:29: note: in definition of macro ‘RBIMPL_CAST’
   31 | # define RBIMPL_CAST(expr) (expr)
      |                             ^~~~
gpgme_n.c:101:3: note: in expansion of macro ‘Data_Get_Struct’
  101 |   Data_Get_Struct(vctx, struct gpgme_context, ctx)
      |   ^~~~~~~~~~~~~~~
gpgme_n.c:867:3: note: in expansion of macro ‘UNWRAP_GPGME_CTX’
  867 |   UNWRAP_GPGME_CTX(vctx, ctx);
      |   ^~~~~~~~~~~~~~~~
In file included from /usr/share/rbenv/versions/3.4.4/include/ruby-3.4.0/ruby/internal/core.h:27,
                 from /usr/share/rbenv/versions/3.4.4/include/ruby-3.4.0/ruby/ruby.h:29,
                 from /usr/share/rbenv/versions/3.4.4/include/ruby-3.4.0/ruby.h:38,
                 from gpgme_n.c:39:
/usr/share/rbenv/versions/3.4.4/include/ruby-3.4.0/ruby/internal/core/rdata.h:325:1: note: declared here
  325 | rb_data_object_get_warning(VALUE obj)
      | ^~~~~~~~~~~~~~~~~~~~~~~~~~
In file included from /usr/share/rbenv/versions/3.4.4/include/ruby-3.4.0/ruby/internal/assume.h:29,
                 from /usr/share/rbenv/versions/3.4.4/include/ruby-3.4.0/ruby/backward/2/assume.h:24,
                 from /usr/share/rbenv/versions/3.4.4/include/ruby-3.4.0/ruby/defines.h:72,
                 from /usr/share/rbenv/versions/3.4.4/include/ruby-3.4.0/ruby/ruby.h:25,
                 from /usr/share/rbenv/versions/3.4.4/include/ruby-3.4.0/ruby.h:38,
                 from gpgme_n.c:39:
gpgme_n.c: In function ‘rb_s_gpgme_set_pinentry_mode’:
gpgme_n.c:101:32: warning: ‘rb_data_object_get_warning’ is deprecated: by TypedData [-Wdeprecated-declarations]
  101 |   Data_Get_Struct(vctx, struct gpgme_context, ctx)
      |                                ^~~~~~~~~~~~~
/usr/share/rbenv/versions/3.4.4/include/ruby-3.4.0/ruby/internal/cast.h:31:29: note: in definition of macro ‘RBIMPL_CAST’
   31 | # define RBIMPL_CAST(expr) (expr)
      |                             ^~~~
gpgme_n.c:101:3: note: in expansion of macro ‘Data_Get_Struct’
  101 |   Data_Get_Struct(vctx, struct gpgme_context, ctx)
      |   ^~~~~~~~~~~~~~~
gpgme_n.c:882:3: note: in expansion of macro ‘UNWRAP_GPGME_CTX’
  882 |   UNWRAP_GPGME_CTX(vctx, ctx);
      |   ^~~~~~~~~~~~~~~~
In file included from /usr/share/rbenv/versions/3.4.4/include/ruby-3.4.0/ruby/internal/core.h:27,
                 from /usr/share/rbenv/versions/3.4.4/include/ruby-3.4.0/ruby/ruby.h:29,
                 from /usr/share/rbenv/versions/3.4.4/include/ruby-3.4.0/ruby.h:38,
                 from gpgme_n.c:39:
/usr/share/rbenv/versions/3.4.4/include/ruby-3.4.0/ruby/internal/core/rdata.h:325:1: note: declared here
  325 | rb_data_object_get_warning(VALUE obj)
      | ^~~~~~~~~~~~~~~~~~~~~~~~~~
In file included from /usr/share/rbenv/versions/3.4.4/include/ruby-3.4.0/ruby/internal/assume.h:29,
                 from /usr/share/rbenv/versions/3.4.4/include/ruby-3.4.0/ruby/backward/2/assume.h:24,
                 from /usr/share/rbenv/versions/3.4.4/include/ruby-3.4.0/ruby/defines.h:72,
                 from /usr/share/rbenv/versions/3.4.4/include/ruby-3.4.0/ruby/ruby.h:25,
                 from /usr/share/rbenv/versions/3.4.4/include/ruby-3.4.0/ruby.h:38,
                 from gpgme_n.c:39:
gpgme_n.c: In function ‘rb_s_gpgme_get_pinentry_mode’:
gpgme_n.c:101:32: warning: ‘rb_data_object_get_warning’ is deprecated: by TypedData [-Wdeprecated-declarations]
  101 |   Data_Get_Struct(vctx, struct gpgme_context, ctx)
      |                                ^~~~~~~~~~~~~
/usr/share/rbenv/versions/3.4.4/include/ruby-3.4.0/ruby/internal/cast.h:31:29: note: in definition of macro ‘RBIMPL_CAST’
   31 | # define RBIMPL_CAST(expr) (expr)
      |                             ^~~~
gpgme_n.c:101:3: note: in expansion of macro ‘Data_Get_Struct’
  101 |   Data_Get_Struct(vctx, struct gpgme_context, ctx)
      |   ^~~~~~~~~~~~~~~
gpgme_n.c:896:3: note: in expansion of macro ‘UNWRAP_GPGME_CTX’
  896 |   UNWRAP_GPGME_CTX(vctx, ctx);
      |   ^~~~~~~~~~~~~~~~
In file included from /usr/share/rbenv/versions/3.4.4/include/ruby-3.4.0/ruby/internal/core.h:27,
                 from /usr/share/rbenv/versions/3.4.4/include/ruby-3.4.0/ruby/ruby.h:29,
                 from /usr/share/rbenv/versions/3.4.4/include/ruby-3.4.0/ruby.h:38,
                 from gpgme_n.c:39:
/usr/share/rbenv/versions/3.4.4/include/ruby-3.4.0/ruby/internal/core/rdata.h:325:1: note: declared here
  325 | rb_data_object_get_warning(VALUE obj)
      | ^~~~~~~~~~~~~~~~~~~~~~~~~~
In file included from /usr/share/rbenv/versions/3.4.4/include/ruby-3.4.0/ruby/internal/assume.h:29,
                 from /usr/share/rbenv/versions/3.4.4/include/ruby-3.4.0/ruby/backward/2/assume.h:24,
                 from /usr/share/rbenv/versions/3.4.4/include/ruby-3.4.0/ruby/defines.h:72,
                 from /usr/share/rbenv/versions/3.4.4/include/ruby-3.4.0/ruby/ruby.h:25,
                 from /usr/share/rbenv/versions/3.4.4/include/ruby-3.4.0/ruby.h:38,
                 from gpgme_n.c:39:
gpgme_n.c: In function ‘rb_s_gpgme_set_offline’:
gpgme_n.c:101:32: warning: ‘rb_data_object_get_warning’ is deprecated: by TypedData [-Wdeprecated-declarations]
  101 |   Data_Get_Struct(vctx, struct gpgme_context, ctx)
      |                                ^~~~~~~~~~~~~
/usr/share/rbenv/versions/3.4.4/include/ruby-3.4.0/ruby/internal/cast.h:31:29: note: in definition of macro ‘RBIMPL_CAST’
   31 | # define RBIMPL_CAST(expr) (expr)
      |                             ^~~~
gpgme_n.c:101:3: note: in expansion of macro ‘Data_Get_Struct’
  101 |   Data_Get_Struct(vctx, struct gpgme_context, ctx)
      |   ^~~~~~~~~~~~~~~
gpgme_n.c:911:3: note: in expansion of macro ‘UNWRAP_GPGME_CTX’
  911 |   UNWRAP_GPGME_CTX(vctx, ctx);
      |   ^~~~~~~~~~~~~~~~
In file included from /usr/share/rbenv/versions/3.4.4/include/ruby-3.4.0/ruby/internal/core.h:27,
                 from /usr/share/rbenv/versions/3.4.4/include/ruby-3.4.0/ruby/ruby.h:29,
                 from /usr/share/rbenv/versions/3.4.4/include/ruby-3.4.0/ruby.h:38,
                 from gpgme_n.c:39:
/usr/share/rbenv/versions/3.4.4/include/ruby-3.4.0/ruby/internal/core/rdata.h:325:1: note: declared here
  325 | rb_data_object_get_warning(VALUE obj)
      | ^~~~~~~~~~~~~~~~~~~~~~~~~~
In file included from /usr/share/rbenv/versions/3.4.4/include/ruby-3.4.0/ruby/internal/assume.h:29,
                 from /usr/share/rbenv/versions/3.4.4/include/ruby-3.4.0/ruby/backward/2/assume.h:24,
                 from /usr/share/rbenv/versions/3.4.4/include/ruby-3.4.0/ruby/defines.h:72,
                 from /usr/share/rbenv/versions/3.4.4/include/ruby-3.4.0/ruby/ruby.h:25,
                 from /usr/share/rbenv/versions/3.4.4/include/ruby-3.4.0/ruby.h:38,
                 from gpgme_n.c:39:
gpgme_n.c: In function ‘rb_s_gpgme_get_offline’:
gpgme_n.c:101:32: warning: ‘rb_data_object_get_warning’ is deprecated: by TypedData [-Wdeprecated-declarations]
  101 |   Data_Get_Struct(vctx, struct gpgme_context, ctx)
      |                                ^~~~~~~~~~~~~
/usr/share/rbenv/versions/3.4.4/include/ruby-3.4.0/ruby/internal/cast.h:31:29: note: in definition of macro ‘RBIMPL_CAST’
   31 | # define RBIMPL_CAST(expr) (expr)
      |                             ^~~~
gpgme_n.c:101:3: note: in expansion of macro ‘Data_Get_Struct’
  101 |   Data_Get_Struct(vctx, struct gpgme_context, ctx)
      |   ^~~~~~~~~~~~~~~
gpgme_n.c:925:3: note: in expansion of macro ‘UNWRAP_GPGME_CTX’
  925 |   UNWRAP_GPGME_CTX(vctx, ctx);
      |   ^~~~~~~~~~~~~~~~
In file included from /usr/share/rbenv/versions/3.4.4/include/ruby-3.4.0/ruby/internal/core.h:27,
                 from /usr/share/rbenv/versions/3.4.4/include/ruby-3.4.0/ruby/ruby.h:29,
                 from /usr/share/rbenv/versions/3.4.4/include/ruby-3.4.0/ruby.h:38,
                 from gpgme_n.c:39:
/usr/share/rbenv/versions/3.4.4/include/ruby-3.4.0/ruby/internal/core/rdata.h:325:1: note: declared here
  325 | rb_data_object_get_warning(VALUE obj)
      | ^~~~~~~~~~~~~~~~~~~~~~~~~~
In file included from /usr/share/rbenv/versions/3.4.4/include/ruby-3.4.0/ruby/internal/assume.h:29,
                 from /usr/share/rbenv/versions/3.4.4/include/ruby-3.4.0/ruby/backward/2/assume.h:24,
                 from /usr/share/rbenv/versions/3.4.4/include/ruby-3.4.0/ruby/defines.h:72,
                 from /usr/share/rbenv/versions/3.4.4/include/ruby-3.4.0/ruby/ruby.h:25,
                 from /usr/share/rbenv/versions/3.4.4/include/ruby-3.4.0/ruby.h:38,
                 from gpgme_n.c:39:
gpgme_n.c: In function ‘rb_s_gpgme_op_keylist_start’:
gpgme_n.c:101:32: warning: ‘rb_data_object_get_warning’ is deprecated: by TypedData [-Wdeprecated-declarations]
  101 |   Data_Get_Struct(vctx, struct gpgme_context, ctx)
      |                                ^~~~~~~~~~~~~
/usr/share/rbenv/versions/3.4.4/include/ruby-3.4.0/ruby/internal/cast.h:31:29: note: in definition of macro ‘RBIMPL_CAST’
   31 | # define RBIMPL_CAST(expr) (expr)
      |                             ^~~~
gpgme_n.c:101:3: note: in expansion of macro ‘Data_Get_Struct’
  101 |   Data_Get_Struct(vctx, struct gpgme_context, ctx)
      |   ^~~~~~~~~~~~~~~
gpgme_n.c:943:3: note: in expansion of macro ‘UNWRAP_GPGME_CTX’
  943 |   UNWRAP_GPGME_CTX(vctx, ctx);
      |   ^~~~~~~~~~~~~~~~
In file included from /usr/share/rbenv/versions/3.4.4/include/ruby-3.4.0/ruby/internal/core.h:27,
                 from /usr/share/rbenv/versions/3.4.4/include/ruby-3.4.0/ruby/ruby.h:29,
                 from /usr/share/rbenv/versions/3.4.4/include/ruby-3.4.0/ruby.h:38,
                 from gpgme_n.c:39:
/usr/share/rbenv/versions/3.4.4/include/ruby-3.4.0/ruby/internal/core/rdata.h:325:1: note: declared here
  325 | rb_data_object_get_warning(VALUE obj)
      | ^~~~~~~~~~~~~~~~~~~~~~~~~~
In file included from /usr/share/rbenv/versions/3.4.4/include/ruby-3.4.0/ruby/internal/assume.h:29,
                 from /usr/share/rbenv/versions/3.4.4/include/ruby-3.4.0/ruby/backward/2/assume.h:24,
                 from /usr/share/rbenv/versions/3.4.4/include/ruby-3.4.0/ruby/defines.h:72,
                 from /usr/share/rbenv/versions/3.4.4/include/ruby-3.4.0/ruby/ruby.h:25,
                 from /usr/share/rbenv/versions/3.4.4/include/ruby-3.4.0/ruby.h:38,
                 from gpgme_n.c:39:
gpgme_n.c: In function ‘rb_s_gpgme_op_keylist_ext_start’:
gpgme_n.c:101:32: warning: ‘rb_data_object_get_warning’ is deprecated: by TypedData [-Wdeprecated-declarations]
  101 |   Data_Get_Struct(vctx, struct gpgme_context, ctx)
      |                                ^~~~~~~~~~~~~
/usr/share/rbenv/versions/3.4.4/include/ruby-3.4.0/ruby/internal/cast.h:31:29: note: in definition of macro ‘RBIMPL_CAST’
   31 | # define RBIMPL_CAST(expr) (expr)
      |                             ^~~~
gpgme_n.c:101:3: note: in expansion of macro ‘Data_Get_Struct’
  101 |   Data_Get_Struct(vctx, struct gpgme_context, ctx)
      |   ^~~~~~~~~~~~~~~
gpgme_n.c:966:3: note: in expansion of macro ‘UNWRAP_GPGME_CTX’
  966 |   UNWRAP_GPGME_CTX(vctx, ctx);
      |   ^~~~~~~~~~~~~~~~
In file included from /usr/share/rbenv/versions/3.4.4/include/ruby-3.4.0/ruby/internal/core.h:27,
                 from /usr/share/rbenv/versions/3.4.4/include/ruby-3.4.0/ruby/ruby.h:29,
                 from /usr/share/rbenv/versions/3.4.4/include/ruby-3.4.0/ruby.h:38,
                 from gpgme_n.c:39:
/usr/share/rbenv/versions/3.4.4/include/ruby-3.4.0/ruby/internal/core/rdata.h:325:1: note: declared here
  325 | rb_data_object_get_warning(VALUE obj)
      | ^~~~~~~~~~~~~~~~~~~~~~~~~~
In file included from /usr/share/rbenv/versions/3.4.4/include/ruby-3.4.0/ruby/internal/assume.h:29,
                 from /usr/share/rbenv/versions/3.4.4/include/ruby-3.4.0/ruby/backward/2/assume.h:24,
                 from /usr/share/rbenv/versions/3.4.4/include/ruby-3.4.0/ruby/defines.h:72,
                 from /usr/share/rbenv/versions/3.4.4/include/ruby-3.4.0/ruby/ruby.h:25,
                 from /usr/share/rbenv/versions/3.4.4/include/ruby-3.4.0/ruby.h:38,
                 from gpgme_n.c:39:
gpgme_n.c: In function ‘rb_s_gpgme_op_keylist_next’:
gpgme_n.c:101:32: warning: ‘rb_data_object_get_warning’ is deprecated: by TypedData [-Wdeprecated-declarations]
  101 |   Data_Get_Struct(vctx, struct gpgme_context, ctx)
      |                                ^~~~~~~~~~~~~
/usr/share/rbenv/versions/3.4.4/include/ruby-3.4.0/ruby/internal/cast.h:31:29: note: in definition of macro ‘RBIMPL_CAST’
   31 | # define RBIMPL_CAST(expr) (expr)
      |                             ^~~~
gpgme_n.c:101:3: note: in expansion of macro ‘Data_Get_Struct’
  101 |   Data_Get_Struct(vctx, struct gpgme_context, ctx)
      |   ^~~~~~~~~~~~~~~
gpgme_n.c:1101:3: note: in expansion of macro ‘UNWRAP_GPGME_CTX’
 1101 |   UNWRAP_GPGME_CTX(vctx, ctx);
      |   ^~~~~~~~~~~~~~~~
In file included from /usr/share/rbenv/versions/3.4.4/include/ruby-3.4.0/ruby/internal/core.h:27,
                 from /usr/share/rbenv/versions/3.4.4/include/ruby-3.4.0/ruby/ruby.h:29,
                 from /usr/share/rbenv/versions/3.4.4/include/ruby-3.4.0/ruby.h:38,
                 from gpgme_n.c:39:
/usr/share/rbenv/versions/3.4.4/include/ruby-3.4.0/ruby/internal/core/rdata.h:325:1: note: declared here
  325 | rb_data_object_get_warning(VALUE obj)
      | ^~~~~~~~~~~~~~~~~~~~~~~~~~
gpgme_n.c:1108:7: warning: ‘rb_data_object_wrap_warning’ is deprecated: by TypedData [-Wdeprecated-declarations]
 1108 |       VALUE vkey = WRAP_GPGME_KEY(key);
      |       ^~~~~
In file included from /usr/share/rbenv/versions/3.4.4/include/ruby-3.4.0/ruby/internal/core.h:27,
                 from /usr/share/rbenv/versions/3.4.4/include/ruby-3.4.0/ruby/ruby.h:29,
                 from /usr/share/rbenv/versions/3.4.4/include/ruby-3.4.0/ruby.h:38,
                 from gpgme_n.c:39:
/usr/share/rbenv/versions/3.4.4/include/ruby-3.4.0/ruby/internal/core/rdata.h:293:1: note: declared here
  293 | rb_data_object_wrap_warning(VALUE klass, void *ptr, RUBY_DATA_FUNC mark, RUBY_DATA_FUNC free)
      | ^~~~~~~~~~~~~~~~~~~~~~~~~~~
In file included from /usr/share/rbenv/versions/3.4.4/include/ruby-3.4.0/ruby/internal/assume.h:29,
                 from /usr/share/rbenv/versions/3.4.4/include/ruby-3.4.0/ruby/backward/2/assume.h:24,
                 from /usr/share/rbenv/versions/3.4.4/include/ruby-3.4.0/ruby/defines.h:72,
                 from /usr/share/rbenv/versions/3.4.4/include/ruby-3.4.0/ruby/ruby.h:25,
                 from /usr/share/rbenv/versions/3.4.4/include/ruby-3.4.0/ruby.h:38,
                 from gpgme_n.c:39:
gpgme_n.c: In function ‘rb_s_gpgme_op_keylist_end’:
gpgme_n.c:101:32: warning: ‘rb_data_object_get_warning’ is deprecated: by TypedData [-Wdeprecated-declarations]
  101 |   Data_Get_Struct(vctx, struct gpgme_context, ctx)
      |                                ^~~~~~~~~~~~~
/usr/share/rbenv/versions/3.4.4/include/ruby-3.4.0/ruby/internal/cast.h:31:29: note: in definition of macro ‘RBIMPL_CAST’
   31 | # define RBIMPL_CAST(expr) (expr)
      |                             ^~~~
gpgme_n.c:101:3: note: in expansion of macro ‘Data_Get_Struct’
  101 |   Data_Get_Struct(vctx, struct gpgme_context, ctx)
      |   ^~~~~~~~~~~~~~~
gpgme_n.c:1123:3: note: in expansion of macro ‘UNWRAP_GPGME_CTX’
 1123 |   UNWRAP_GPGME_CTX(vctx, ctx);
      |   ^~~~~~~~~~~~~~~~
In file included from /usr/share/rbenv/versions/3.4.4/include/ruby-3.4.0/ruby/internal/core.h:27,
                 from /usr/share/rbenv/versions/3.4.4/include/ruby-3.4.0/ruby/ruby.h:29,
                 from /usr/share/rbenv/versions/3.4.4/include/ruby-3.4.0/ruby.h:38,
                 from gpgme_n.c:39:
/usr/share/rbenv/versions/3.4.4/include/ruby-3.4.0/ruby/internal/core/rdata.h:325:1: note: declared here
  325 | rb_data_object_get_warning(VALUE obj)
      | ^~~~~~~~~~~~~~~~~~~~~~~~~~
In file included from /usr/share/rbenv/versions/3.4.4/include/ruby-3.4.0/ruby/internal/assume.h:29,
                 from /usr/share/rbenv/versions/3.4.4/include/ruby-3.4.0/ruby/backward/2/assume.h:24,
                 from /usr/share/rbenv/versions/3.4.4/include/ruby-3.4.0/ruby/defines.h:72,
                 from /usr/share/rbenv/versions/3.4.4/include/ruby-3.4.0/ruby/ruby.h:25,
                 from /usr/share/rbenv/versions/3.4.4/include/ruby-3.4.0/ruby.h:38,
                 from gpgme_n.c:39:
gpgme_n.c: In function ‘rb_s_gpgme_get_key’:
gpgme_n.c:101:32: warning: ‘rb_data_object_get_warning’ is deprecated: by TypedData [-Wdeprecated-declarations]
  101 |   Data_Get_Struct(vctx, struct gpgme_context, ctx)
      |                                ^~~~~~~~~~~~~
/usr/share/rbenv/versions/3.4.4/include/ruby-3.4.0/ruby/internal/cast.h:31:29: note: in definition of macro ‘RBIMPL_CAST’
   31 | # define RBIMPL_CAST(expr) (expr)
      |                             ^~~~
gpgme_n.c:101:3: note: in expansion of macro ‘Data_Get_Struct’
  101 |   Data_Get_Struct(vctx, struct gpgme_context, ctx)
      |   ^~~~~~~~~~~~~~~
gpgme_n.c:1140:3: note: in expansion of macro ‘UNWRAP_GPGME_CTX’
 1140 |   UNWRAP_GPGME_CTX(vctx, ctx);
      |   ^~~~~~~~~~~~~~~~
In file included from /usr/share/rbenv/versions/3.4.4/include/ruby-3.4.0/ruby/internal/core.h:27,
                 from /usr/share/rbenv/versions/3.4.4/include/ruby-3.4.0/ruby/ruby.h:29,
                 from /usr/share/rbenv/versions/3.4.4/include/ruby-3.4.0/ruby.h:38,
                 from gpgme_n.c:39:
/usr/share/rbenv/versions/3.4.4/include/ruby-3.4.0/ruby/internal/core/rdata.h:325:1: note: declared here
  325 | rb_data_object_get_warning(VALUE obj)
      | ^~~~~~~~~~~~~~~~~~~~~~~~~~
gpgme_n.c:1147:7: warning: ‘rb_data_object_wrap_warning’ is deprecated: by TypedData [-Wdeprecated-declarations]
 1147 |       VALUE vkey = WRAP_GPGME_KEY(key);
      |       ^~~~~
In file included from /usr/share/rbenv/versions/3.4.4/include/ruby-3.4.0/ruby/internal/core.h:27,
                 from /usr/share/rbenv/versions/3.4.4/include/ruby-3.4.0/ruby/ruby.h:29,
                 from /usr/share/rbenv/versions/3.4.4/include/ruby-3.4.0/ruby.h:38,
                 from gpgme_n.c:39:
/usr/share/rbenv/versions/3.4.4/include/ruby-3.4.0/ruby/internal/core/rdata.h:293:1: note: declared here
  293 | rb_data_object_wrap_warning(VALUE klass, void *ptr, RUBY_DATA_FUNC mark, RUBY_DATA_FUNC free)
      | ^~~~~~~~~~~~~~~~~~~~~~~~~~~
In file included from /usr/share/rbenv/versions/3.4.4/include/ruby-3.4.0/ruby/internal/assume.h:29,
                 from /usr/share/rbenv/versions/3.4.4/include/ruby-3.4.0/ruby/backward/2/assume.h:24,
                 from /usr/share/rbenv/versions/3.4.4/include/ruby-3.4.0/ruby/defines.h:72,
                 from /usr/share/rbenv/versions/3.4.4/include/ruby-3.4.0/ruby/ruby.h:25,
                 from /usr/share/rbenv/versions/3.4.4/include/ruby-3.4.0/ruby.h:38,
                 from gpgme_n.c:39:
gpgme_n.c: In function ‘rb_s_gpgme_op_genkey’:
gpgme_n.c:101:32: warning: ‘rb_data_object_get_warning’ is deprecated: by TypedData [-Wdeprecated-declarations]
  101 |   Data_Get_Struct(vctx, struct gpgme_context, ctx)
      |                                ^~~~~~~~~~~~~
/usr/share/rbenv/versions/3.4.4/include/ruby-3.4.0/ruby/internal/cast.h:31:29: note: in definition of macro ‘RBIMPL_CAST’
   31 | # define RBIMPL_CAST(expr) (expr)
      |                             ^~~~
gpgme_n.c:101:3: note: in expansion of macro ‘Data_Get_Struct’
  101 |   Data_Get_Struct(vctx, struct gpgme_context, ctx)
      |   ^~~~~~~~~~~~~~~
gpgme_n.c:1164:3: note: in expansion of macro ‘UNWRAP_GPGME_CTX’
 1164 |   UNWRAP_GPGME_CTX(vctx, ctx);
      |   ^~~~~~~~~~~~~~~~
In file included from /usr/share/rbenv/versions/3.4.4/include/ruby-3.4.0/ruby/internal/core.h:27,
                 from /usr/share/rbenv/versions/3.4.4/include/ruby-3.4.0/ruby/ruby.h:29,
                 from /usr/share/rbenv/versions/3.4.4/include/ruby-3.4.0/ruby.h:38,
                 from gpgme_n.c:39:
/usr/share/rbenv/versions/3.4.4/include/ruby-3.4.0/ruby/internal/core/rdata.h:325:1: note: declared here
  325 | rb_data_object_get_warning(VALUE obj)
      | ^~~~~~~~~~~~~~~~~~~~~~~~~~
In file included from /usr/share/rbenv/versions/3.4.4/include/ruby-3.4.0/ruby/internal/assume.h:29,
                 from /usr/share/rbenv/versions/3.4.4/include/ruby-3.4.0/ruby/backward/2/assume.h:24,
                 from /usr/share/rbenv/versions/3.4.4/include/ruby-3.4.0/ruby/defines.h:72,
                 from /usr/share/rbenv/versions/3.4.4/include/ruby-3.4.0/ruby/ruby.h:25,
                 from /usr/share/rbenv/versions/3.4.4/include/ruby-3.4.0/ruby.h:38,
                 from gpgme_n.c:39:
gpgme_n.c:95:31: warning: ‘rb_data_object_get_warning’ is deprecated: by TypedData [-Wdeprecated-declarations]
   95 |   Data_Get_Struct(vdh, struct gpgme_data, dh);
      |                               ^~~~~~~~~~
/usr/share/rbenv/versions/3.4.4/include/ruby-3.4.0/ruby/internal/cast.h:31:29: note: in definition of macro ‘RBIMPL_CAST’
   31 | # define RBIMPL_CAST(expr) (expr)
      |                             ^~~~
gpgme_n.c:95:3: note: in expansion of macro ‘Data_Get_Struct’
   95 |   Data_Get_Struct(vdh, struct gpgme_data, dh);
      |   ^~~~~~~~~~~~~~~
gpgme_n.c:1168:5: note: in expansion of macro ‘UNWRAP_GPGME_DATA’
 1168 |     UNWRAP_GPGME_DATA(vpubkey, pubkey);
      |     ^~~~~~~~~~~~~~~~~
In file included from /usr/share/rbenv/versions/3.4.4/include/ruby-3.4.0/ruby/internal/core.h:27,
                 from /usr/share/rbenv/versions/3.4.4/include/ruby-3.4.0/ruby/ruby.h:29,
                 from /usr/share/rbenv/versions/3.4.4/include/ruby-3.4.0/ruby.h:38,
                 from gpgme_n.c:39:
/usr/share/rbenv/versions/3.4.4/include/ruby-3.4.0/ruby/internal/core/rdata.h:325:1: note: declared here
  325 | rb_data_object_get_warning(VALUE obj)
      | ^~~~~~~~~~~~~~~~~~~~~~~~~~
In file included from /usr/share/rbenv/versions/3.4.4/include/ruby-3.4.0/ruby/internal/assume.h:29,
                 from /usr/share/rbenv/versions/3.4.4/include/ruby-3.4.0/ruby/backward/2/assume.h:24,
                 from /usr/share/rbenv/versions/3.4.4/include/ruby-3.4.0/ruby/defines.h:72,
                 from /usr/share/rbenv/versions/3.4.4/include/ruby-3.4.0/ruby/ruby.h:25,
                 from /usr/share/rbenv/versions/3.4.4/include/ruby-3.4.0/ruby.h:38,
                 from gpgme_n.c:39:
gpgme_n.c:95:31: warning: ‘rb_data_object_get_warning’ is deprecated: by TypedData [-Wdeprecated-declarations]
   95 |   Data_Get_Struct(vdh, struct gpgme_data, dh);
      |                               ^~~~~~~~~~
/usr/share/rbenv/versions/3.4.4/include/ruby-3.4.0/ruby/internal/cast.h:31:29: note: in definition of macro ‘RBIMPL_CAST’
   31 | # define RBIMPL_CAST(expr) (expr)
      |                             ^~~~
gpgme_n.c:95:3: note: in expansion of macro ‘Data_Get_Struct’
   95 |   Data_Get_Struct(vdh, struct gpgme_data, dh);
      |   ^~~~~~~~~~~~~~~
gpgme_n.c:1170:5: note: in expansion of macro ‘UNWRAP_GPGME_DATA’
 1170 |     UNWRAP_GPGME_DATA(vseckey, seckey);
      |     ^~~~~~~~~~~~~~~~~
In file included from /usr/share/rbenv/versions/3.4.4/include/ruby-3.4.0/ruby/internal/core.h:27,
                 from /usr/share/rbenv/versions/3.4.4/include/ruby-3.4.0/ruby/ruby.h:29,
                 from /usr/share/rbenv/versions/3.4.4/include/ruby-3.4.0/ruby.h:38,
                 from gpgme_n.c:39:
/usr/share/rbenv/versions/3.4.4/include/ruby-3.4.0/ruby/internal/core/rdata.h:325:1: note: declared here
  325 | rb_data_object_get_warning(VALUE obj)
      | ^~~~~~~~~~~~~~~~~~~~~~~~~~
In file included from /usr/share/rbenv/versions/3.4.4/include/ruby-3.4.0/ruby/internal/assume.h:29,
                 from /usr/share/rbenv/versions/3.4.4/include/ruby-3.4.0/ruby/backward/2/assume.h:24,
                 from /usr/share/rbenv/versions/3.4.4/include/ruby-3.4.0/ruby/defines.h:72,
                 from /usr/share/rbenv/versions/3.4.4/include/ruby-3.4.0/ruby/ruby.h:25,
                 from /usr/share/rbenv/versions/3.4.4/include/ruby-3.4.0/ruby.h:38,
                 from gpgme_n.c:39:
gpgme_n.c: In function ‘rb_s_gpgme_op_genkey_start’:
gpgme_n.c:101:32: warning: ‘rb_data_object_get_warning’ is deprecated: by TypedData [-Wdeprecated-declarations]
  101 |   Data_Get_Struct(vctx, struct gpgme_context, ctx)
      |                                ^~~~~~~~~~~~~
/usr/share/rbenv/versions/3.4.4/include/ruby-3.4.0/ruby/internal/cast.h:31:29: note: in definition of macro ‘RBIMPL_CAST’
   31 | # define RBIMPL_CAST(expr) (expr)
      |                             ^~~~
gpgme_n.c:101:3: note: in expansion of macro ‘Data_Get_Struct’
  101 |   Data_Get_Struct(vctx, struct gpgme_context, ctx)
      |   ^~~~~~~~~~~~~~~
gpgme_n.c:1186:3: note: in expansion of macro ‘UNWRAP_GPGME_CTX’
 1186 |   UNWRAP_GPGME_CTX(vctx, ctx);
      |   ^~~~~~~~~~~~~~~~
In file included from /usr/share/rbenv/versions/3.4.4/include/ruby-3.4.0/ruby/internal/core.h:27,
                 from /usr/share/rbenv/versions/3.4.4/include/ruby-3.4.0/ruby/ruby.h:29,
                 from /usr/share/rbenv/versions/3.4.4/include/ruby-3.4.0/ruby.h:38,
                 from gpgme_n.c:39:
/usr/share/rbenv/versions/3.4.4/include/ruby-3.4.0/ruby/internal/core/rdata.h:325:1: note: declared here
  325 | rb_data_object_get_warning(VALUE obj)
      | ^~~~~~~~~~~~~~~~~~~~~~~~~~
In file included from /usr/share/rbenv/versions/3.4.4/include/ruby-3.4.0/ruby/internal/assume.h:29,
                 from /usr/share/rbenv/versions/3.4.4/include/ruby-3.4.0/ruby/backward/2/assume.h:24,
                 from /usr/share/rbenv/versions/3.4.4/include/ruby-3.4.0/ruby/defines.h:72,
                 from /usr/share/rbenv/versions/3.4.4/include/ruby-3.4.0/ruby/ruby.h:25,
                 from /usr/share/rbenv/versions/3.4.4/include/ruby-3.4.0/ruby.h:38,
                 from gpgme_n.c:39:
gpgme_n.c:95:31: warning: ‘rb_data_object_get_warning’ is deprecated: by TypedData [-Wdeprecated-declarations]
   95 |   Data_Get_Struct(vdh, struct gpgme_data, dh);
      |                               ^~~~~~~~~~
/usr/share/rbenv/versions/3.4.4/include/ruby-3.4.0/ruby/internal/cast.h:31:29: note: in definition of macro ‘RBIMPL_CAST’
   31 | # define RBIMPL_CAST(expr) (expr)
      |                             ^~~~
gpgme_n.c:95:3: note: in expansion of macro ‘Data_Get_Struct’
   95 |   Data_Get_Struct(vdh, struct gpgme_data, dh);
      |   ^~~~~~~~~~~~~~~
gpgme_n.c:1190:5: note: in expansion of macro ‘UNWRAP_GPGME_DATA’
 1190 |     UNWRAP_GPGME_DATA(vpubkey, pubkey);
      |     ^~~~~~~~~~~~~~~~~
In file included from /usr/share/rbenv/versions/3.4.4/include/ruby-3.4.0/ruby/internal/core.h:27,
                 from /usr/share/rbenv/versions/3.4.4/include/ruby-3.4.0/ruby/ruby.h:29,
                 from /usr/share/rbenv/versions/3.4.4/include/ruby-3.4.0/ruby.h:38,
                 from gpgme_n.c:39:
/usr/share/rbenv/versions/3.4.4/include/ruby-3.4.0/ruby/internal/core/rdata.h:325:1: note: declared here
  325 | rb_data_object_get_warning(VALUE obj)
      | ^~~~~~~~~~~~~~~~~~~~~~~~~~
In file included from /usr/share/rbenv/versions/3.4.4/include/ruby-3.4.0/ruby/internal/assume.h:29,
                 from /usr/share/rbenv/versions/3.4.4/include/ruby-3.4.0/ruby/backward/2/assume.h:24,
                 from /usr/share/rbenv/versions/3.4.4/include/ruby-3.4.0/ruby/defines.h:72,
                 from /usr/share/rbenv/versions/3.4.4/include/ruby-3.4.0/ruby/ruby.h:25,
                 from /usr/share/rbenv/versions/3.4.4/include/ruby-3.4.0/ruby.h:38,
                 from gpgme_n.c:39:
gpgme_n.c:95:31: warning: ‘rb_data_object_get_warning’ is deprecated: by TypedData [-Wdeprecated-declarations]
   95 |   Data_Get_Struct(vdh, struct gpgme_data, dh);
      |                               ^~~~~~~~~~
/usr/share/rbenv/versions/3.4.4/include/ruby-3.4.0/ruby/internal/cast.h:31:29: note: in definition of macro ‘RBIMPL_CAST’
   31 | # define RBIMPL_CAST(expr) (expr)
      |                             ^~~~
gpgme_n.c:95:3: note: in expansion of macro ‘Data_Get_Struct’
   95 |   Data_Get_Struct(vdh, struct gpgme_data, dh);
      |   ^~~~~~~~~~~~~~~
gpgme_n.c:1192:5: note: in expansion of macro ‘UNWRAP_GPGME_DATA’
 1192 |     UNWRAP_GPGME_DATA(vseckey, seckey);
      |     ^~~~~~~~~~~~~~~~~
In file included from /usr/share/rbenv/versions/3.4.4/include/ruby-3.4.0/ruby/internal/core.h:27,
                 from /usr/share/rbenv/versions/3.4.4/include/ruby-3.4.0/ruby/ruby.h:29,
                 from /usr/share/rbenv/versions/3.4.4/include/ruby-3.4.0/ruby.h:38,
                 from gpgme_n.c:39:
/usr/share/rbenv/versions/3.4.4/include/ruby-3.4.0/ruby/internal/core/rdata.h:325:1: note: declared here
  325 | rb_data_object_get_warning(VALUE obj)
      | ^~~~~~~~~~~~~~~~~~~~~~~~~~
In file included from /usr/share/rbenv/versions/3.4.4/include/ruby-3.4.0/ruby/internal/assume.h:29,
                 from /usr/share/rbenv/versions/3.4.4/include/ruby-3.4.0/ruby/backward/2/assume.h:24,
                 from /usr/share/rbenv/versions/3.4.4/include/ruby-3.4.0/ruby/defines.h:72,
                 from /usr/share/rbenv/versions/3.4.4/include/ruby-3.4.0/ruby/ruby.h:25,
                 from /usr/share/rbenv/versions/3.4.4/include/ruby-3.4.0/ruby.h:38,
                 from gpgme_n.c:39:
gpgme_n.c: In function ‘rb_s_gpgme_op_export’:
gpgme_n.c:101:32: warning: ‘rb_data_object_get_warning’ is deprecated: by TypedData [-Wdeprecated-declarations]
  101 |   Data_Get_Struct(vctx, struct gpgme_context, ctx)
      |                                ^~~~~~~~~~~~~
/usr/share/rbenv/versions/3.4.4/include/ruby-3.4.0/ruby/internal/cast.h:31:29: note: in definition of macro ‘RBIMPL_CAST’
   31 | # define RBIMPL_CAST(expr) (expr)
      |                             ^~~~
gpgme_n.c:101:3: note: in expansion of macro ‘Data_Get_Struct’
  101 |   Data_Get_Struct(vctx, struct gpgme_context, ctx)
      |   ^~~~~~~~~~~~~~~
gpgme_n.c:1208:3: note: in expansion of macro ‘UNWRAP_GPGME_CTX’
 1208 |   UNWRAP_GPGME_CTX(vctx, ctx);
      |   ^~~~~~~~~~~~~~~~
In file included from /usr/share/rbenv/versions/3.4.4/include/ruby-3.4.0/ruby/internal/core.h:27,
                 from /usr/share/rbenv/versions/3.4.4/include/ruby-3.4.0/ruby/ruby.h:29,
                 from /usr/share/rbenv/versions/3.4.4/include/ruby-3.4.0/ruby.h:38,
                 from gpgme_n.c:39:
/usr/share/rbenv/versions/3.4.4/include/ruby-3.4.0/ruby/internal/core/rdata.h:325:1: note: declared here
  325 | rb_data_object_get_warning(VALUE obj)
      | ^~~~~~~~~~~~~~~~~~~~~~~~~~
In file included from /usr/share/rbenv/versions/3.4.4/include/ruby-3.4.0/ruby/internal/assume.h:29,
                 from /usr/share/rbenv/versions/3.4.4/include/ruby-3.4.0/ruby/backward/2/assume.h:24,
                 from /usr/share/rbenv/versions/3.4.4/include/ruby-3.4.0/ruby/defines.h:72,
                 from /usr/share/rbenv/versions/3.4.4/include/ruby-3.4.0/ruby/ruby.h:25,
                 from /usr/share/rbenv/versions/3.4.4/include/ruby-3.4.0/ruby.h:38,
                 from gpgme_n.c:39:
gpgme_n.c:95:31: warning: ‘rb_data_object_get_warning’ is deprecated: by TypedData [-Wdeprecated-declarations]
   95 |   Data_Get_Struct(vdh, struct gpgme_data, dh);
      |                               ^~~~~~~~~~
/usr/share/rbenv/versions/3.4.4/include/ruby-3.4.0/ruby/internal/cast.h:31:29: note: in definition of macro ‘RBIMPL_CAST’
   31 | # define RBIMPL_CAST(expr) (expr)
      |                             ^~~~
gpgme_n.c:95:3: note: in expansion of macro ‘Data_Get_Struct’
   95 |   Data_Get_Struct(vdh, struct gpgme_data, dh);
      |   ^~~~~~~~~~~~~~~
gpgme_n.c:1211:3: note: in expansion of macro ‘UNWRAP_GPGME_DATA’
 1211 |   UNWRAP_GPGME_DATA(vkeydata, keydata);
      |   ^~~~~~~~~~~~~~~~~
In file included from /usr/share/rbenv/versions/3.4.4/include/ruby-3.4.0/ruby/internal/core.h:27,
                 from /usr/share/rbenv/versions/3.4.4/include/ruby-3.4.0/ruby/ruby.h:29,
                 from /usr/share/rbenv/versions/3.4.4/include/ruby-3.4.0/ruby.h:38,
                 from gpgme_n.c:39:
/usr/share/rbenv/versions/3.4.4/include/ruby-3.4.0/ruby/internal/core/rdata.h:325:1: note: declared here
  325 | rb_data_object_get_warning(VALUE obj)
      | ^~~~~~~~~~~~~~~~~~~~~~~~~~
In file included from /usr/share/rbenv/versions/3.4.4/include/ruby-3.4.0/ruby/internal/assume.h:29,
                 from /usr/share/rbenv/versions/3.4.4/include/ruby-3.4.0/ruby/backward/2/assume.h:24,
                 from /usr/share/rbenv/versions/3.4.4/include/ruby-3.4.0/ruby/defines.h:72,
                 from /usr/share/rbenv/versions/3.4.4/include/ruby-3.4.0/ruby/ruby.h:25,
                 from /usr/share/rbenv/versions/3.4.4/include/ruby-3.4.0/ruby.h:38,
                 from gpgme_n.c:39:
gpgme_n.c: In function ‘rb_s_gpgme_op_export_start’:
gpgme_n.c:101:32: warning: ‘rb_data_object_get_warning’ is deprecated: by TypedData [-Wdeprecated-declarations]
  101 |   Data_Get_Struct(vctx, struct gpgme_context, ctx)
      |                                ^~~~~~~~~~~~~
/usr/share/rbenv/versions/3.4.4/include/ruby-3.4.0/ruby/internal/cast.h:31:29: note: in definition of macro ‘RBIMPL_CAST’
   31 | # define RBIMPL_CAST(expr) (expr)
      |                             ^~~~
gpgme_n.c:101:3: note: in expansion of macro ‘Data_Get_Struct’
  101 |   Data_Get_Struct(vctx, struct gpgme_context, ctx)
      |   ^~~~~~~~~~~~~~~
gpgme_n.c:1228:3: note: in expansion of macro ‘UNWRAP_GPGME_CTX’
 1228 |   UNWRAP_GPGME_CTX(vctx, ctx);
      |   ^~~~~~~~~~~~~~~~
In file included from /usr/share/rbenv/versions/3.4.4/include/ruby-3.4.0/ruby/internal/core.h:27,
                 from /usr/share/rbenv/versions/3.4.4/include/ruby-3.4.0/ruby/ruby.h:29,
                 from /usr/share/rbenv/versions/3.4.4/include/ruby-3.4.0/ruby.h:38,
                 from gpgme_n.c:39:
/usr/share/rbenv/versions/3.4.4/include/ruby-3.4.0/ruby/internal/core/rdata.h:325:1: note: declared here
  325 | rb_data_object_get_warning(VALUE obj)
      | ^~~~~~~~~~~~~~~~~~~~~~~~~~
In file included from /usr/share/rbenv/versions/3.4.4/include/ruby-3.4.0/ruby/internal/assume.h:29,
                 from /usr/share/rbenv/versions/3.4.4/include/ruby-3.4.0/ruby/backward/2/assume.h:24,
                 from /usr/share/rbenv/versions/3.4.4/include/ruby-3.4.0/ruby/defines.h:72,
                 from /usr/share/rbenv/versions/3.4.4/include/ruby-3.4.0/ruby/ruby.h:25,
                 from /usr/share/rbenv/versions/3.4.4/include/ruby-3.4.0/ruby.h:38,
                 from gpgme_n.c:39:
gpgme_n.c:95:31: warning: ‘rb_data_object_get_warning’ is deprecated: by TypedData [-Wdeprecated-declarations]
   95 |   Data_Get_Struct(vdh, struct gpgme_data, dh);
      |                               ^~~~~~~~~~
/usr/share/rbenv/versions/3.4.4/include/ruby-3.4.0/ruby/internal/cast.h:31:29: note: in definition of macro ‘RBIMPL_CAST’
   31 | # define RBIMPL_CAST(expr) (expr)
      |                             ^~~~
gpgme_n.c:95:3: note: in expansion of macro ‘Data_Get_Struct’
   95 |   Data_Get_Struct(vdh, struct gpgme_data, dh);
      |   ^~~~~~~~~~~~~~~
gpgme_n.c:1231:3: note: in expansion of macro ‘UNWRAP_GPGME_DATA’
 1231 |   UNWRAP_GPGME_DATA(vkeydata, keydata);
      |   ^~~~~~~~~~~~~~~~~
In file included from /usr/share/rbenv/versions/3.4.4/include/ruby-3.4.0/ruby/internal/core.h:27,
                 from /usr/share/rbenv/versions/3.4.4/include/ruby-3.4.0/ruby/ruby.h:29,
                 from /usr/share/rbenv/versions/3.4.4/include/ruby-3.4.0/ruby.h:38,
                 from gpgme_n.c:39:
/usr/share/rbenv/versions/3.4.4/include/ruby-3.4.0/ruby/internal/core/rdata.h:325:1: note: declared here
  325 | rb_data_object_get_warning(VALUE obj)
      | ^~~~~~~~~~~~~~~~~~~~~~~~~~
In file included from /usr/share/rbenv/versions/3.4.4/include/ruby-3.4.0/ruby/internal/assume.h:29,
                 from /usr/share/rbenv/versions/3.4.4/include/ruby-3.4.0/ruby/backward/2/assume.h:24,
                 from /usr/share/rbenv/versions/3.4.4/include/ruby-3.4.0/ruby/defines.h:72,
                 from /usr/share/rbenv/versions/3.4.4/include/ruby-3.4.0/ruby/ruby.h:25,
                 from /usr/share/rbenv/versions/3.4.4/include/ruby-3.4.0/ruby.h:38,
                 from gpgme_n.c:39:
gpgme_n.c: In function ‘rb_s_gpgme_op_export_ext’:
gpgme_n.c:101:32: warning: ‘rb_data_object_get_warning’ is deprecated: by TypedData [-Wdeprecated-declarations]
  101 |   Data_Get_Struct(vctx, struct gpgme_context, ctx)
      |                                ^~~~~~~~~~~~~
/usr/share/rbenv/versions/3.4.4/include/ruby-3.4.0/ruby/internal/cast.h:31:29: note: in definition of macro ‘RBIMPL_CAST’
   31 | # define RBIMPL_CAST(expr) (expr)
      |                             ^~~~
gpgme_n.c:101:3: note: in expansion of macro ‘Data_Get_Struct’
  101 |   Data_Get_Struct(vctx, struct gpgme_context, ctx)
      |   ^~~~~~~~~~~~~~~
gpgme_n.c:1250:3: note: in expansion of macro ‘UNWRAP_GPGME_CTX’
 1250 |   UNWRAP_GPGME_CTX(vctx, ctx);
      |   ^~~~~~~~~~~~~~~~
In file included from /usr/share/rbenv/versions/3.4.4/include/ruby-3.4.0/ruby/internal/core.h:27,
                 from /usr/share/rbenv/versions/3.4.4/include/ruby-3.4.0/ruby/ruby.h:29,
                 from /usr/share/rbenv/versions/3.4.4/include/ruby-3.4.0/ruby.h:38,
                 from gpgme_n.c:39:
/usr/share/rbenv/versions/3.4.4/include/ruby-3.4.0/ruby/internal/core/rdata.h:325:1: note: declared here
  325 | rb_data_object_get_warning(VALUE obj)
      | ^~~~~~~~~~~~~~~~~~~~~~~~~~
In file included from /usr/share/rbenv/versions/3.4.4/include/ruby-3.4.0/ruby/internal/assume.h:29,
                 from /usr/share/rbenv/versions/3.4.4/include/ruby-3.4.0/ruby/backward/2/assume.h:24,
                 from /usr/share/rbenv/versions/3.4.4/include/ruby-3.4.0/ruby/defines.h:72,
                 from /usr/share/rbenv/versions/3.4.4/include/ruby-3.4.0/ruby/ruby.h:25,
                 from /usr/share/rbenv/versions/3.4.4/include/ruby-3.4.0/ruby.h:38,
                 from gpgme_n.c:39:
gpgme_n.c:95:31: warning: ‘rb_data_object_get_warning’ is deprecated: by TypedData [-Wdeprecated-declarations]
   95 |   Data_Get_Struct(vdh, struct gpgme_data, dh);
      |                               ^~~~~~~~~~
/usr/share/rbenv/versions/3.4.4/include/ruby-3.4.0/ruby/internal/cast.h:31:29: note: in definition of macro ‘RBIMPL_CAST’
   31 | # define RBIMPL_CAST(expr) (expr)
      |                             ^~~~
gpgme_n.c:95:3: note: in expansion of macro ‘Data_Get_Struct’
   95 |   Data_Get_Struct(vdh, struct gpgme_data, dh);
      |   ^~~~~~~~~~~~~~~
gpgme_n.c:1256:3: note: in expansion of macro ‘UNWRAP_GPGME_DATA’
 1256 |   UNWRAP_GPGME_DATA(vkeydata, keydata);
      |   ^~~~~~~~~~~~~~~~~
In file included from /usr/share/rbenv/versions/3.4.4/include/ruby-3.4.0/ruby/internal/core.h:27,
                 from /usr/share/rbenv/versions/3.4.4/include/ruby-3.4.0/ruby/ruby.h:29,
                 from /usr/share/rbenv/versions/3.4.4/include/ruby-3.4.0/ruby.h:38,
                 from gpgme_n.c:39:
/usr/share/rbenv/versions/3.4.4/include/ruby-3.4.0/ruby/internal/core/rdata.h:325:1: note: declared here
  325 | rb_data_object_get_warning(VALUE obj)
      | ^~~~~~~~~~~~~~~~~~~~~~~~~~
In file included from /usr/share/rbenv/versions/3.4.4/include/ruby-3.4.0/ruby/internal/assume.h:29,
                 from /usr/share/rbenv/versions/3.4.4/include/ruby-3.4.0/ruby/backward/2/assume.h:24,
                 from /usr/share/rbenv/versions/3.4.4/include/ruby-3.4.0/ruby/defines.h:72,
                 from /usr/share/rbenv/versions/3.4.4/include/ruby-3.4.0/ruby/ruby.h:25,
                 from /usr/share/rbenv/versions/3.4.4/include/ruby-3.4.0/ruby.h:38,
                 from gpgme_n.c:39:
gpgme_n.c: In function ‘rb_s_gpgme_op_export_ext_start’:
gpgme_n.c:101:32: warning: ‘rb_data_object_get_warning’ is deprecated: by TypedData [-Wdeprecated-declarations]
  101 |   Data_Get_Struct(vctx, struct gpgme_context, ctx)
      |                                ^~~~~~~~~~~~~
/usr/share/rbenv/versions/3.4.4/include/ruby-3.4.0/ruby/internal/cast.h:31:29: note: in definition of macro ‘RBIMPL_CAST’
   31 | # define RBIMPL_CAST(expr) (expr)
      |                             ^~~~
gpgme_n.c:101:3: note: in expansion of macro ‘Data_Get_Struct’
  101 |   Data_Get_Struct(vctx, struct gpgme_context, ctx)
      |   ^~~~~~~~~~~~~~~
gpgme_n.c:1274:3: note: in expansion of macro ‘UNWRAP_GPGME_CTX’
 1274 |   UNWRAP_GPGME_CTX(vctx, ctx);
      |   ^~~~~~~~~~~~~~~~
In file included from /usr/share/rbenv/versions/3.4.4/include/ruby-3.4.0/ruby/internal/core.h:27,
                 from /usr/share/rbenv/versions/3.4.4/include/ruby-3.4.0/ruby/ruby.h:29,
                 from /usr/share/rbenv/versions/3.4.4/include/ruby-3.4.0/ruby.h:38,
                 from gpgme_n.c:39:
/usr/share/rbenv/versions/3.4.4/include/ruby-3.4.0/ruby/internal/core/rdata.h:325:1: note: declared here
  325 | rb_data_object_get_warning(VALUE obj)
      | ^~~~~~~~~~~~~~~~~~~~~~~~~~
In file included from /usr/share/rbenv/versions/3.4.4/include/ruby-3.4.0/ruby/internal/assume.h:29,
                 from /usr/share/rbenv/versions/3.4.4/include/ruby-3.4.0/ruby/backward/2/assume.h:24,
                 from /usr/share/rbenv/versions/3.4.4/include/ruby-3.4.0/ruby/defines.h:72,
                 from /usr/share/rbenv/versions/3.4.4/include/ruby-3.4.0/ruby/ruby.h:25,
                 from /usr/share/rbenv/versions/3.4.4/include/ruby-3.4.0/ruby.h:38,
                 from gpgme_n.c:39:
gpgme_n.c:95:31: warning: ‘rb_data_object_get_warning’ is deprecated: by TypedData [-Wdeprecated-declarations]
   95 |   Data_Get_Struct(vdh, struct gpgme_data, dh);
      |                               ^~~~~~~~~~
/usr/share/rbenv/versions/3.4.4/include/ruby-3.4.0/ruby/internal/cast.h:31:29: note: in definition of macro ‘RBIMPL_CAST’
   31 | # define RBIMPL_CAST(expr) (expr)
      |                             ^~~~
gpgme_n.c:95:3: note: in expansion of macro ‘Data_Get_Struct’
   95 |   Data_Get_Struct(vdh, struct gpgme_data, dh);
      |   ^~~~~~~~~~~~~~~
gpgme_n.c:1280:3: note: in expansion of macro ‘UNWRAP_GPGME_DATA’
 1280 |   UNWRAP_GPGME_DATA(vkeydata, keydata);
      |   ^~~~~~~~~~~~~~~~~
In file included from /usr/share/rbenv/versions/3.4.4/include/ruby-3.4.0/ruby/internal/core.h:27,
                 from /usr/share/rbenv/versions/3.4.4/include/ruby-3.4.0/ruby/ruby.h:29,
                 from /usr/share/rbenv/versions/3.4.4/include/ruby-3.4.0/ruby.h:38,
                 from gpgme_n.c:39:
/usr/share/rbenv/versions/3.4.4/include/ruby-3.4.0/ruby/internal/core/rdata.h:325:1: note: declared here
  325 | rb_data_object_get_warning(VALUE obj)
      | ^~~~~~~~~~~~~~~~~~~~~~~~~~
In file included from /usr/share/rbenv/versions/3.4.4/include/ruby-3.4.0/ruby/internal/assume.h:29,
                 from /usr/share/rbenv/versions/3.4.4/include/ruby-3.4.0/ruby/backward/2/assume.h:24,
                 from /usr/share/rbenv/versions/3.4.4/include/ruby-3.4.0/ruby/defines.h:72,
                 from /usr/share/rbenv/versions/3.4.4/include/ruby-3.4.0/ruby/ruby.h:25,
                 from /usr/share/rbenv/versions/3.4.4/include/ruby-3.4.0/ruby.h:38,
                 from gpgme_n.c:39:
gpgme_n.c: In function ‘rb_s_gpgme_op_export_keys’:
gpgme_n.c:101:32: warning: ‘rb_data_object_get_warning’ is deprecated: by TypedData [-Wdeprecated-declarations]
  101 |   Data_Get_Struct(vctx, struct gpgme_context, ctx)
      |                                ^~~~~~~~~~~~~
/usr/share/rbenv/versions/3.4.4/include/ruby-3.4.0/ruby/internal/cast.h:31:29: note: in definition of macro ‘RBIMPL_CAST’
   31 | # define RBIMPL_CAST(expr) (expr)
      |                             ^~~~
gpgme_n.c:101:3: note: in expansion of macro ‘Data_Get_Struct’
  101 |   Data_Get_Struct(vctx, struct gpgme_context, ctx)
      |   ^~~~~~~~~~~~~~~
gpgme_n.c:1299:3: note: in expansion of macro ‘UNWRAP_GPGME_CTX’
 1299 |   UNWRAP_GPGME_CTX(vctx, ctx);
      |   ^~~~~~~~~~~~~~~~
In file included from /usr/share/rbenv/versions/3.4.4/include/ruby-3.4.0/ruby/internal/core.h:27,
                 from /usr/share/rbenv/versions/3.4.4/include/ruby-3.4.0/ruby/ruby.h:29,
                 from /usr/share/rbenv/versions/3.4.4/include/ruby-3.4.0/ruby.h:38,
                 from gpgme_n.c:39:
/usr/share/rbenv/versions/3.4.4/include/ruby-3.4.0/ruby/internal/core/rdata.h:325:1: note: declared here
  325 | rb_data_object_get_warning(VALUE obj)
      | ^~~~~~~~~~~~~~~~~~~~~~~~~~
In file included from /usr/share/rbenv/versions/3.4.4/include/ruby-3.4.0/ruby/internal/assume.h:29,
                 from /usr/share/rbenv/versions/3.4.4/include/ruby-3.4.0/ruby/backward/2/assume.h:24,
                 from /usr/share/rbenv/versions/3.4.4/include/ruby-3.4.0/ruby/defines.h:72,
                 from /usr/share/rbenv/versions/3.4.4/include/ruby-3.4.0/ruby/ruby.h:25,
                 from /usr/share/rbenv/versions/3.4.4/include/ruby-3.4.0/ruby.h:38,
                 from gpgme_n.c:39:
gpgme_n.c:107:32: warning: ‘rb_data_object_get_warning’ is deprecated: by TypedData [-Wdeprecated-declarations]
  107 |   Data_Get_Struct(vkey, struct _gpgme_key, key)
      |                                ^~~~~~~~~~
/usr/share/rbenv/versions/3.4.4/include/ruby-3.4.0/ruby/internal/cast.h:31:29: note: in definition of macro ‘RBIMPL_CAST’
   31 | # define RBIMPL_CAST(expr) (expr)
      |                             ^~~~
gpgme_n.c:107:3: note: in expansion of macro ‘Data_Get_Struct’
  107 |   Data_Get_Struct(vkey, struct _gpgme_key, key)
      |   ^~~~~~~~~~~~~~~
gpgme_n.c:1305:5: note: in expansion of macro ‘UNWRAP_GPGME_KEY’
 1305 |     UNWRAP_GPGME_KEY(RARRAY_PTR(vkeys)[i], keys[i]);
      |     ^~~~~~~~~~~~~~~~
In file included from /usr/share/rbenv/versions/3.4.4/include/ruby-3.4.0/ruby/internal/core.h:27,
                 from /usr/share/rbenv/versions/3.4.4/include/ruby-3.4.0/ruby/ruby.h:29,
                 from /usr/share/rbenv/versions/3.4.4/include/ruby-3.4.0/ruby.h:38,
                 from gpgme_n.c:39:
/usr/share/rbenv/versions/3.4.4/include/ruby-3.4.0/ruby/internal/core/rdata.h:325:1: note: declared here
  325 | rb_data_object_get_warning(VALUE obj)
      | ^~~~~~~~~~~~~~~~~~~~~~~~~~
In file included from /usr/share/rbenv/versions/3.4.4/include/ruby-3.4.0/ruby/internal/assume.h:29,
                 from /usr/share/rbenv/versions/3.4.4/include/ruby-3.4.0/ruby/backward/2/assume.h:24,
                 from /usr/share/rbenv/versions/3.4.4/include/ruby-3.4.0/ruby/defines.h:72,
                 from /usr/share/rbenv/versions/3.4.4/include/ruby-3.4.0/ruby/ruby.h:25,
                 from /usr/share/rbenv/versions/3.4.4/include/ruby-3.4.0/ruby.h:38,
                 from gpgme_n.c:39:
gpgme_n.c:95:31: warning: ‘rb_data_object_get_warning’ is deprecated: by TypedData [-Wdeprecated-declarations]
   95 |   Data_Get_Struct(vdh, struct gpgme_data, dh);
      |                               ^~~~~~~~~~
/usr/share/rbenv/versions/3.4.4/include/ruby-3.4.0/ruby/internal/cast.h:31:29: note: in definition of macro ‘RBIMPL_CAST’
   31 | # define RBIMPL_CAST(expr) (expr)
      |                             ^~~~
gpgme_n.c:95:3: note: in expansion of macro ‘Data_Get_Struct’
   95 |   Data_Get_Struct(vdh, struct gpgme_data, dh);
      |   ^~~~~~~~~~~~~~~
gpgme_n.c:1307:3: note: in expansion of macro ‘UNWRAP_GPGME_DATA’
 1307 |   UNWRAP_GPGME_DATA(vkeydata, keydata);
      |   ^~~~~~~~~~~~~~~~~
In file included from /usr/share/rbenv/versions/3.4.4/include/ruby-3.4.0/ruby/internal/core.h:27,
                 from /usr/share/rbenv/versions/3.4.4/include/ruby-3.4.0/ruby/ruby.h:29,
                 from /usr/share/rbenv/versions/3.4.4/include/ruby-3.4.0/ruby.h:38,
                 from gpgme_n.c:39:
/usr/share/rbenv/versions/3.4.4/include/ruby-3.4.0/ruby/internal/core/rdata.h:325:1: note: declared here
  325 | rb_data_object_get_warning(VALUE obj)
      | ^~~~~~~~~~~~~~~~~~~~~~~~~~
In file included from /usr/share/rbenv/versions/3.4.4/include/ruby-3.4.0/ruby/internal/assume.h:29,
                 from /usr/share/rbenv/versions/3.4.4/include/ruby-3.4.0/ruby/backward/2/assume.h:24,
                 from /usr/share/rbenv/versions/3.4.4/include/ruby-3.4.0/ruby/defines.h:72,
                 from /usr/share/rbenv/versions/3.4.4/include/ruby-3.4.0/ruby/ruby.h:25,
                 from /usr/share/rbenv/versions/3.4.4/include/ruby-3.4.0/ruby.h:38,
                 from gpgme_n.c:39:
gpgme_n.c: In function ‘rb_s_gpgme_op_export_keys_start’:
gpgme_n.c:101:32: warning: ‘rb_data_object_get_warning’ is deprecated: by TypedData [-Wdeprecated-declarations]
  101 |   Data_Get_Struct(vctx, struct gpgme_context, ctx)
      |                                ^~~~~~~~~~~~~
/usr/share/rbenv/versions/3.4.4/include/ruby-3.4.0/ruby/internal/cast.h:31:29: note: in definition of macro ‘RBIMPL_CAST’
   31 | # define RBIMPL_CAST(expr) (expr)
      |                             ^~~~
gpgme_n.c:101:3: note: in expansion of macro ‘Data_Get_Struct’
  101 |   Data_Get_Struct(vctx, struct gpgme_context, ctx)
      |   ^~~~~~~~~~~~~~~
gpgme_n.c:1325:3: note: in expansion of macro ‘UNWRAP_GPGME_CTX’
 1325 |   UNWRAP_GPGME_CTX(vctx, ctx);
      |   ^~~~~~~~~~~~~~~~
In file included from /usr/share/rbenv/versions/3.4.4/include/ruby-3.4.0/ruby/internal/core.h:27,
                 from /usr/share/rbenv/versions/3.4.4/include/ruby-3.4.0/ruby/ruby.h:29,
                 from /usr/share/rbenv/versions/3.4.4/include/ruby-3.4.0/ruby.h:38,
                 from gpgme_n.c:39:
/usr/share/rbenv/versions/3.4.4/include/ruby-3.4.0/ruby/internal/core/rdata.h:325:1: note: declared here
  325 | rb_data_object_get_warning(VALUE obj)
      | ^~~~~~~~~~~~~~~~~~~~~~~~~~
In file included from /usr/share/rbenv/versions/3.4.4/include/ruby-3.4.0/ruby/internal/assume.h:29,
                 from /usr/share/rbenv/versions/3.4.4/include/ruby-3.4.0/ruby/backward/2/assume.h:24,
                 from /usr/share/rbenv/versions/3.4.4/include/ruby-3.4.0/ruby/defines.h:72,
                 from /usr/share/rbenv/versions/3.4.4/include/ruby-3.4.0/ruby/ruby.h:25,
                 from /usr/share/rbenv/versions/3.4.4/include/ruby-3.4.0/ruby.h:38,
                 from gpgme_n.c:39:
gpgme_n.c:107:32: warning: ‘rb_data_object_get_warning’ is deprecated: by TypedData [-Wdeprecated-declarations]
  107 |   Data_Get_Struct(vkey, struct _gpgme_key, key)
      |                                ^~~~~~~~~~
/usr/share/rbenv/versions/3.4.4/include/ruby-3.4.0/ruby/internal/cast.h:31:29: note: in definition of macro ‘RBIMPL_CAST’
   31 | # define RBIMPL_CAST(expr) (expr)
      |                             ^~~~
gpgme_n.c:107:3: note: in expansion of macro ‘Data_Get_Struct’
  107 |   Data_Get_Struct(vkey, struct _gpgme_key, key)
      |   ^~~~~~~~~~~~~~~
gpgme_n.c:1331:5: note: in expansion of macro ‘UNWRAP_GPGME_KEY’
 1331 |     UNWRAP_GPGME_KEY(RARRAY_PTR(vkeys)[i], keys[i]);
      |     ^~~~~~~~~~~~~~~~
In file included from /usr/share/rbenv/versions/3.4.4/include/ruby-3.4.0/ruby/internal/core.h:27,
                 from /usr/share/rbenv/versions/3.4.4/include/ruby-3.4.0/ruby/ruby.h:29,
                 from /usr/share/rbenv/versions/3.4.4/include/ruby-3.4.0/ruby.h:38,
                 from gpgme_n.c:39:
/usr/share/rbenv/versions/3.4.4/include/ruby-3.4.0/ruby/internal/core/rdata.h:325:1: note: declared here
  325 | rb_data_object_get_warning(VALUE obj)
      | ^~~~~~~~~~~~~~~~~~~~~~~~~~
In file included from /usr/share/rbenv/versions/3.4.4/include/ruby-3.4.0/ruby/internal/assume.h:29,
                 from /usr/share/rbenv/versions/3.4.4/include/ruby-3.4.0/ruby/backward/2/assume.h:24,
                 from /usr/share/rbenv/versions/3.4.4/include/ruby-3.4.0/ruby/defines.h:72,
                 from /usr/share/rbenv/versions/3.4.4/include/ruby-3.4.0/ruby/ruby.h:25,
                 from /usr/share/rbenv/versions/3.4.4/include/ruby-3.4.0/ruby.h:38,
                 from gpgme_n.c:39:
gpgme_n.c:95:31: warning: ‘rb_data_object_get_warning’ is deprecated: by TypedData [-Wdeprecated-declarations]
   95 |   Data_Get_Struct(vdh, struct gpgme_data, dh);
      |                               ^~~~~~~~~~
/usr/share/rbenv/versions/3.4.4/include/ruby-3.4.0/ruby/internal/cast.h:31:29: note: in definition of macro ‘RBIMPL_CAST’
   31 | # define RBIMPL_CAST(expr) (expr)
      |                             ^~~~
gpgme_n.c:95:3: note: in expansion of macro ‘Data_Get_Struct’
   95 |   Data_Get_Struct(vdh, struct gpgme_data, dh);
      |   ^~~~~~~~~~~~~~~
gpgme_n.c:1333:3: note: in expansion of macro ‘UNWRAP_GPGME_DATA’
 1333 |   UNWRAP_GPGME_DATA(vkeydata, keydata);
      |   ^~~~~~~~~~~~~~~~~
In file included from /usr/share/rbenv/versions/3.4.4/include/ruby-3.4.0/ruby/internal/core.h:27,
                 from /usr/share/rbenv/versions/3.4.4/include/ruby-3.4.0/ruby/ruby.h:29,
                 from /usr/share/rbenv/versions/3.4.4/include/ruby-3.4.0/ruby.h:38,
                 from gpgme_n.c:39:
/usr/share/rbenv/versions/3.4.4/include/ruby-3.4.0/ruby/internal/core/rdata.h:325:1: note: declared here
  325 | rb_data_object_get_warning(VALUE obj)
      | ^~~~~~~~~~~~~~~~~~~~~~~~~~
In file included from /usr/share/rbenv/versions/3.4.4/include/ruby-3.4.0/ruby/internal/assume.h:29,
                 from /usr/share/rbenv/versions/3.4.4/include/ruby-3.4.0/ruby/backward/2/assume.h:24,
                 from /usr/share/rbenv/versions/3.4.4/include/ruby-3.4.0/ruby/defines.h:72,
                 from /usr/share/rbenv/versions/3.4.4/include/ruby-3.4.0/ruby/ruby.h:25,
                 from /usr/share/rbenv/versions/3.4.4/include/ruby-3.4.0/ruby.h:38,
                 from gpgme_n.c:39:
gpgme_n.c: In function ‘rb_s_gpgme_op_import’:
gpgme_n.c:101:32: warning: ‘rb_data_object_get_warning’ is deprecated: by TypedData [-Wdeprecated-declarations]
  101 |   Data_Get_Struct(vctx, struct gpgme_context, ctx)
      |                                ^~~~~~~~~~~~~
/usr/share/rbenv/versions/3.4.4/include/ruby-3.4.0/ruby/internal/cast.h:31:29: note: in definition of macro ‘RBIMPL_CAST’
   31 | # define RBIMPL_CAST(expr) (expr)
      |                             ^~~~
gpgme_n.c:101:3: note: in expansion of macro ‘Data_Get_Struct’
  101 |   Data_Get_Struct(vctx, struct gpgme_context, ctx)
      |   ^~~~~~~~~~~~~~~
gpgme_n.c:1349:3: note: in expansion of macro ‘UNWRAP_GPGME_CTX’
 1349 |   UNWRAP_GPGME_CTX(vctx, ctx);
      |   ^~~~~~~~~~~~~~~~
In file included from /usr/share/rbenv/versions/3.4.4/include/ruby-3.4.0/ruby/internal/core.h:27,
                 from /usr/share/rbenv/versions/3.4.4/include/ruby-3.4.0/ruby/ruby.h:29,
                 from /usr/share/rbenv/versions/3.4.4/include/ruby-3.4.0/ruby.h:38,
                 from gpgme_n.c:39:
/usr/share/rbenv/versions/3.4.4/include/ruby-3.4.0/ruby/internal/core/rdata.h:325:1: note: declared here
  325 | rb_data_object_get_warning(VALUE obj)
      | ^~~~~~~~~~~~~~~~~~~~~~~~~~
In file included from /usr/share/rbenv/versions/3.4.4/include/ruby-3.4.0/ruby/internal/assume.h:29,
                 from /usr/share/rbenv/versions/3.4.4/include/ruby-3.4.0/ruby/backward/2/assume.h:24,
                 from /usr/share/rbenv/versions/3.4.4/include/ruby-3.4.0/ruby/defines.h:72,
                 from /usr/share/rbenv/versions/3.4.4/include/ruby-3.4.0/ruby/ruby.h:25,
                 from /usr/share/rbenv/versions/3.4.4/include/ruby-3.4.0/ruby.h:38,
                 from gpgme_n.c:39:
gpgme_n.c:95:31: warning: ‘rb_data_object_get_warning’ is deprecated: by TypedData [-Wdeprecated-declarations]
   95 |   Data_Get_Struct(vdh, struct gpgme_data, dh);
      |                               ^~~~~~~~~~
/usr/share/rbenv/versions/3.4.4/include/ruby-3.4.0/ruby/internal/cast.h:31:29: note: in definition of macro ‘RBIMPL_CAST’
   31 | # define RBIMPL_CAST(expr) (expr)
      |                             ^~~~
gpgme_n.c:95:3: note: in expansion of macro ‘Data_Get_Struct’
   95 |   Data_Get_Struct(vdh, struct gpgme_data, dh);
      |   ^~~~~~~~~~~~~~~
gpgme_n.c:1352:3: note: in expansion of macro ‘UNWRAP_GPGME_DATA’
 1352 |   UNWRAP_GPGME_DATA(vkeydata, keydata);
      |   ^~~~~~~~~~~~~~~~~
In file included from /usr/share/rbenv/versions/3.4.4/include/ruby-3.4.0/ruby/internal/core.h:27,
                 from /usr/share/rbenv/versions/3.4.4/include/ruby-3.4.0/ruby/ruby.h:29,
                 from /usr/share/rbenv/versions/3.4.4/include/ruby-3.4.0/ruby.h:38,
                 from gpgme_n.c:39:
/usr/share/rbenv/versions/3.4.4/include/ruby-3.4.0/ruby/internal/core/rdata.h:325:1: note: declared here
  325 | rb_data_object_get_warning(VALUE obj)
      | ^~~~~~~~~~~~~~~~~~~~~~~~~~
In file included from /usr/share/rbenv/versions/3.4.4/include/ruby-3.4.0/ruby/internal/assume.h:29,
                 from /usr/share/rbenv/versions/3.4.4/include/ruby-3.4.0/ruby/backward/2/assume.h:24,
                 from /usr/share/rbenv/versions/3.4.4/include/ruby-3.4.0/ruby/defines.h:72,
                 from /usr/share/rbenv/versions/3.4.4/include/ruby-3.4.0/ruby/ruby.h:25,
                 from /usr/share/rbenv/versions/3.4.4/include/ruby-3.4.0/ruby.h:38,
                 from gpgme_n.c:39:
gpgme_n.c: In function ‘rb_s_gpgme_op_import_start’:
gpgme_n.c:101:32: warning: ‘rb_data_object_get_warning’ is deprecated: by TypedData [-Wdeprecated-declarations]
  101 |   Data_Get_Struct(vctx, struct gpgme_context, ctx)
      |                                ^~~~~~~~~~~~~
/usr/share/rbenv/versions/3.4.4/include/ruby-3.4.0/ruby/internal/cast.h:31:29: note: in definition of macro ‘RBIMPL_CAST’
   31 | # define RBIMPL_CAST(expr) (expr)
      |                             ^~~~
gpgme_n.c:101:3: note: in expansion of macro ‘Data_Get_Struct’
  101 |   Data_Get_Struct(vctx, struct gpgme_context, ctx)
      |   ^~~~~~~~~~~~~~~
gpgme_n.c:1367:3: note: in expansion of macro ‘UNWRAP_GPGME_CTX’
 1367 |   UNWRAP_GPGME_CTX(vctx, ctx);
      |   ^~~~~~~~~~~~~~~~
In file included from /usr/share/rbenv/versions/3.4.4/include/ruby-3.4.0/ruby/internal/core.h:27,
                 from /usr/share/rbenv/versions/3.4.4/include/ruby-3.4.0/ruby/ruby.h:29,
                 from /usr/share/rbenv/versions/3.4.4/include/ruby-3.4.0/ruby.h:38,
                 from gpgme_n.c:39:
/usr/share/rbenv/versions/3.4.4/include/ruby-3.4.0/ruby/internal/core/rdata.h:325:1: note: declared here
  325 | rb_data_object_get_warning(VALUE obj)
      | ^~~~~~~~~~~~~~~~~~~~~~~~~~
In file included from /usr/share/rbenv/versions/3.4.4/include/ruby-3.4.0/ruby/internal/assume.h:29,
                 from /usr/share/rbenv/versions/3.4.4/include/ruby-3.4.0/ruby/backward/2/assume.h:24,
                 from /usr/share/rbenv/versions/3.4.4/include/ruby-3.4.0/ruby/defines.h:72,
                 from /usr/share/rbenv/versions/3.4.4/include/ruby-3.4.0/ruby/ruby.h:25,
                 from /usr/share/rbenv/versions/3.4.4/include/ruby-3.4.0/ruby.h:38,
                 from gpgme_n.c:39:
gpgme_n.c:95:31: warning: ‘rb_data_object_get_warning’ is deprecated: by TypedData [-Wdeprecated-declarations]
   95 |   Data_Get_Struct(vdh, struct gpgme_data, dh);
      |                               ^~~~~~~~~~
/usr/share/rbenv/versions/3.4.4/include/ruby-3.4.0/ruby/internal/cast.h:31:29: note: in definition of macro ‘RBIMPL_CAST’
   31 | # define RBIMPL_CAST(expr) (expr)
      |                             ^~~~
gpgme_n.c:95:3: note: in expansion of macro ‘Data_Get_Struct’
   95 |   Data_Get_Struct(vdh, struct gpgme_data, dh);
      |   ^~~~~~~~~~~~~~~
gpgme_n.c:1370:3: note: in expansion of macro ‘UNWRAP_GPGME_DATA’
 1370 |   UNWRAP_GPGME_DATA(vkeydata, keydata);
      |   ^~~~~~~~~~~~~~~~~
In file included from /usr/share/rbenv/versions/3.4.4/include/ruby-3.4.0/ruby/internal/core.h:27,
                 from /usr/share/rbenv/versions/3.4.4/include/ruby-3.4.0/ruby/ruby.h:29,
                 from /usr/share/rbenv/versions/3.4.4/include/ruby-3.4.0/ruby.h:38,
                 from gpgme_n.c:39:
/usr/share/rbenv/versions/3.4.4/include/ruby-3.4.0/ruby/internal/core/rdata.h:325:1: note: declared here
  325 | rb_data_object_get_warning(VALUE obj)
      | ^~~~~~~~~~~~~~~~~~~~~~~~~~
In file included from /usr/share/rbenv/versions/3.4.4/include/ruby-3.4.0/ruby/internal/assume.h:29,
                 from /usr/share/rbenv/versions/3.4.4/include/ruby-3.4.0/ruby/backward/2/assume.h:24,
                 from /usr/share/rbenv/versions/3.4.4/include/ruby-3.4.0/ruby/defines.h:72,
                 from /usr/share/rbenv/versions/3.4.4/include/ruby-3.4.0/ruby/ruby.h:25,
                 from /usr/share/rbenv/versions/3.4.4/include/ruby-3.4.0/ruby.h:38,
                 from gpgme_n.c:39:
gpgme_n.c: In function ‘rb_s_gpgme_op_import_keys’:
gpgme_n.c:101:32: warning: ‘rb_data_object_get_warning’ is deprecated: by TypedData [-Wdeprecated-declarations]
  101 |   Data_Get_Struct(vctx, struct gpgme_context, ctx)
      |                                ^~~~~~~~~~~~~
/usr/share/rbenv/versions/3.4.4/include/ruby-3.4.0/ruby/internal/cast.h:31:29: note: in definition of macro ‘RBIMPL_CAST’
   31 | # define RBIMPL_CAST(expr) (expr)
      |                             ^~~~
gpgme_n.c:101:3: note: in expansion of macro ‘Data_Get_Struct’
  101 |   Data_Get_Struct(vctx, struct gpgme_context, ctx)
      |   ^~~~~~~~~~~~~~~
gpgme_n.c:1387:3: note: in expansion of macro ‘UNWRAP_GPGME_CTX’
 1387 |   UNWRAP_GPGME_CTX(vctx, ctx);
      |   ^~~~~~~~~~~~~~~~
In file included from /usr/share/rbenv/versions/3.4.4/include/ruby-3.4.0/ruby/internal/core.h:27,
                 from /usr/share/rbenv/versions/3.4.4/include/ruby-3.4.0/ruby/ruby.h:29,
                 from /usr/share/rbenv/versions/3.4.4/include/ruby-3.4.0/ruby.h:38,
                 from gpgme_n.c:39:
/usr/share/rbenv/versions/3.4.4/include/ruby-3.4.0/ruby/internal/core/rdata.h:325:1: note: declared here
  325 | rb_data_object_get_warning(VALUE obj)
      | ^~~~~~~~~~~~~~~~~~~~~~~~~~
In file included from /usr/share/rbenv/versions/3.4.4/include/ruby-3.4.0/ruby/internal/assume.h:29,
                 from /usr/share/rbenv/versions/3.4.4/include/ruby-3.4.0/ruby/backward/2/assume.h:24,
                 from /usr/share/rbenv/versions/3.4.4/include/ruby-3.4.0/ruby/defines.h:72,
                 from /usr/share/rbenv/versions/3.4.4/include/ruby-3.4.0/ruby/ruby.h:25,
                 from /usr/share/rbenv/versions/3.4.4/include/ruby-3.4.0/ruby.h:38,
                 from gpgme_n.c:39:
gpgme_n.c:107:32: warning: ‘rb_data_object_get_warning’ is deprecated: by TypedData [-Wdeprecated-declarations]
  107 |   Data_Get_Struct(vkey, struct _gpgme_key, key)
      |                                ^~~~~~~~~~
/usr/share/rbenv/versions/3.4.4/include/ruby-3.4.0/ruby/internal/cast.h:31:29: note: in definition of macro ‘RBIMPL_CAST’
   31 | # define RBIMPL_CAST(expr) (expr)
      |                             ^~~~
gpgme_n.c:107:3: note: in expansion of macro ‘Data_Get_Struct’
  107 |   Data_Get_Struct(vkey, struct _gpgme_key, key)
      |   ^~~~~~~~~~~~~~~
gpgme_n.c:1393:5: note: in expansion of macro ‘UNWRAP_GPGME_KEY’
 1393 |     UNWRAP_GPGME_KEY(RARRAY_PTR(vkeys)[i], keys[i]);
      |     ^~~~~~~~~~~~~~~~
In file included from /usr/share/rbenv/versions/3.4.4/include/ruby-3.4.0/ruby/internal/core.h:27,
                 from /usr/share/rbenv/versions/3.4.4/include/ruby-3.4.0/ruby/ruby.h:29,
                 from /usr/share/rbenv/versions/3.4.4/include/ruby-3.4.0/ruby.h:38,
                 from gpgme_n.c:39:
/usr/share/rbenv/versions/3.4.4/include/ruby-3.4.0/ruby/internal/core/rdata.h:325:1: note: declared here
  325 | rb_data_object_get_warning(VALUE obj)
      | ^~~~~~~~~~~~~~~~~~~~~~~~~~
In file included from /usr/share/rbenv/versions/3.4.4/include/ruby-3.4.0/ruby/internal/assume.h:29,
                 from /usr/share/rbenv/versions/3.4.4/include/ruby-3.4.0/ruby/backward/2/assume.h:24,
                 from /usr/share/rbenv/versions/3.4.4/include/ruby-3.4.0/ruby/defines.h:72,
                 from /usr/share/rbenv/versions/3.4.4/include/ruby-3.4.0/ruby/ruby.h:25,
                 from /usr/share/rbenv/versions/3.4.4/include/ruby-3.4.0/ruby.h:38,
                 from gpgme_n.c:39:
gpgme_n.c: In function ‘rb_s_gpgme_op_import_keys_start’:
gpgme_n.c:101:32: warning: ‘rb_data_object_get_warning’ is deprecated: by TypedData [-Wdeprecated-declarations]
  101 |   Data_Get_Struct(vctx, struct gpgme_context, ctx)
      |                                ^~~~~~~~~~~~~
/usr/share/rbenv/versions/3.4.4/include/ruby-3.4.0/ruby/internal/cast.h:31:29: note: in definition of macro ‘RBIMPL_CAST’
   31 | # define RBIMPL_CAST(expr) (expr)
      |                             ^~~~
gpgme_n.c:101:3: note: in expansion of macro ‘Data_Get_Struct’
  101 |   Data_Get_Struct(vctx, struct gpgme_context, ctx)
      |   ^~~~~~~~~~~~~~~
gpgme_n.c:1410:3: note: in expansion of macro ‘UNWRAP_GPGME_CTX’
 1410 |   UNWRAP_GPGME_CTX(vctx, ctx);
      |   ^~~~~~~~~~~~~~~~
In file included from /usr/share/rbenv/versions/3.4.4/include/ruby-3.4.0/ruby/internal/core.h:27,
                 from /usr/share/rbenv/versions/3.4.4/include/ruby-3.4.0/ruby/ruby.h:29,
                 from /usr/share/rbenv/versions/3.4.4/include/ruby-3.4.0/ruby.h:38,
                 from gpgme_n.c:39:
/usr/share/rbenv/versions/3.4.4/include/ruby-3.4.0/ruby/internal/core/rdata.h:325:1: note: declared here
  325 | rb_data_object_get_warning(VALUE obj)
      | ^~~~~~~~~~~~~~~~~~~~~~~~~~
In file included from /usr/share/rbenv/versions/3.4.4/include/ruby-3.4.0/ruby/internal/assume.h:29,
                 from /usr/share/rbenv/versions/3.4.4/include/ruby-3.4.0/ruby/backward/2/assume.h:24,
                 from /usr/share/rbenv/versions/3.4.4/include/ruby-3.4.0/ruby/defines.h:72,
                 from /usr/share/rbenv/versions/3.4.4/include/ruby-3.4.0/ruby/ruby.h:25,
                 from /usr/share/rbenv/versions/3.4.4/include/ruby-3.4.0/ruby.h:38,
                 from gpgme_n.c:39:
gpgme_n.c:107:32: warning: ‘rb_data_object_get_warning’ is deprecated: by TypedData [-Wdeprecated-declarations]
  107 |   Data_Get_Struct(vkey, struct _gpgme_key, key)
      |                                ^~~~~~~~~~
/usr/share/rbenv/versions/3.4.4/include/ruby-3.4.0/ruby/internal/cast.h:31:29: note: in definition of macro ‘RBIMPL_CAST’
   31 | # define RBIMPL_CAST(expr) (expr)
      |                             ^~~~
gpgme_n.c:107:3: note: in expansion of macro ‘Data_Get_Struct’
  107 |   Data_Get_Struct(vkey, struct _gpgme_key, key)
      |   ^~~~~~~~~~~~~~~
gpgme_n.c:1416:5: note: in expansion of macro ‘UNWRAP_GPGME_KEY’
 1416 |     UNWRAP_GPGME_KEY(RARRAY_PTR(vkeys)[i], keys[i]);
      |     ^~~~~~~~~~~~~~~~
In file included from /usr/share/rbenv/versions/3.4.4/include/ruby-3.4.0/ruby/internal/core.h:27,
                 from /usr/share/rbenv/versions/3.4.4/include/ruby-3.4.0/ruby/ruby.h:29,
                 from /usr/share/rbenv/versions/3.4.4/include/ruby-3.4.0/ruby.h:38,
                 from gpgme_n.c:39:
/usr/share/rbenv/versions/3.4.4/include/ruby-3.4.0/ruby/internal/core/rdata.h:325:1: note: declared here
  325 | rb_data_object_get_warning(VALUE obj)
      | ^~~~~~~~~~~~~~~~~~~~~~~~~~
In file included from /usr/share/rbenv/versions/3.4.4/include/ruby-3.4.0/ruby/internal/assume.h:29,
                 from /usr/share/rbenv/versions/3.4.4/include/ruby-3.4.0/ruby/backward/2/assume.h:24,
                 from /usr/share/rbenv/versions/3.4.4/include/ruby-3.4.0/ruby/defines.h:72,
                 from /usr/share/rbenv/versions/3.4.4/include/ruby-3.4.0/ruby/ruby.h:25,
                 from /usr/share/rbenv/versions/3.4.4/include/ruby-3.4.0/ruby.h:38,
                 from gpgme_n.c:39:
gpgme_n.c: In function ‘rb_s_gpgme_op_import_result’:
gpgme_n.c:101:32: warning: ‘rb_data_object_get_warning’ is deprecated: by TypedData [-Wdeprecated-declarations]
  101 |   Data_Get_Struct(vctx, struct gpgme_context, ctx)
      |                                ^~~~~~~~~~~~~
/usr/share/rbenv/versions/3.4.4/include/ruby-3.4.0/ruby/internal/cast.h:31:29: note: in definition of macro ‘RBIMPL_CAST’
   31 | # define RBIMPL_CAST(expr) (expr)
      |                             ^~~~
gpgme_n.c:101:3: note: in expansion of macro ‘Data_Get_Struct’
  101 |   Data_Get_Struct(vctx, struct gpgme_context, ctx)
      |   ^~~~~~~~~~~~~~~
gpgme_n.c:1432:3: note: in expansion of macro ‘UNWRAP_GPGME_CTX’
 1432 |   UNWRAP_GPGME_CTX(vctx, ctx);
      |   ^~~~~~~~~~~~~~~~
In file included from /usr/share/rbenv/versions/3.4.4/include/ruby-3.4.0/ruby/internal/core.h:27,
                 from /usr/share/rbenv/versions/3.4.4/include/ruby-3.4.0/ruby/ruby.h:29,
                 from /usr/share/rbenv/versions/3.4.4/include/ruby-3.4.0/ruby.h:38,
                 from gpgme_n.c:39:
/usr/share/rbenv/versions/3.4.4/include/ruby-3.4.0/ruby/internal/core/rdata.h:325:1: note: declared here
  325 | rb_data_object_get_warning(VALUE obj)
      | ^~~~~~~~~~~~~~~~~~~~~~~~~~
In file included from /usr/share/rbenv/versions/3.4.4/include/ruby-3.4.0/ruby/internal/assume.h:29,
                 from /usr/share/rbenv/versions/3.4.4/include/ruby-3.4.0/ruby/backward/2/assume.h:24,
                 from /usr/share/rbenv/versions/3.4.4/include/ruby-3.4.0/ruby/defines.h:72,
                 from /usr/share/rbenv/versions/3.4.4/include/ruby-3.4.0/ruby/ruby.h:25,
                 from /usr/share/rbenv/versions/3.4.4/include/ruby-3.4.0/ruby.h:38,
                 from gpgme_n.c:39:
gpgme_n.c: In function ‘rb_s_gpgme_op_delete’:
gpgme_n.c:101:32: warning: ‘rb_data_object_get_warning’ is deprecated: by TypedData [-Wdeprecated-declarations]
  101 |   Data_Get_Struct(vctx, struct gpgme_context, ctx)
      |                                ^~~~~~~~~~~~~
/usr/share/rbenv/versions/3.4.4/include/ruby-3.4.0/ruby/internal/cast.h:31:29: note: in definition of macro ‘RBIMPL_CAST’
   31 | # define RBIMPL_CAST(expr) (expr)
      |                             ^~~~
gpgme_n.c:101:3: note: in expansion of macro ‘Data_Get_Struct’
  101 |   Data_Get_Struct(vctx, struct gpgme_context, ctx)
      |   ^~~~~~~~~~~~~~~
gpgme_n.c:1478:3: note: in expansion of macro ‘UNWRAP_GPGME_CTX’
 1478 |   UNWRAP_GPGME_CTX(vctx, ctx);
      |   ^~~~~~~~~~~~~~~~
In file included from /usr/share/rbenv/versions/3.4.4/include/ruby-3.4.0/ruby/internal/core.h:27,
                 from /usr/share/rbenv/versions/3.4.4/include/ruby-3.4.0/ruby/ruby.h:29,
                 from /usr/share/rbenv/versions/3.4.4/include/ruby-3.4.0/ruby.h:38,
                 from gpgme_n.c:39:
/usr/share/rbenv/versions/3.4.4/include/ruby-3.4.0/ruby/internal/core/rdata.h:325:1: note: declared here
  325 | rb_data_object_get_warning(VALUE obj)
      | ^~~~~~~~~~~~~~~~~~~~~~~~~~
In file included from /usr/share/rbenv/versions/3.4.4/include/ruby-3.4.0/ruby/internal/assume.h:29,
                 from /usr/share/rbenv/versions/3.4.4/include/ruby-3.4.0/ruby/backward/2/assume.h:24,
                 from /usr/share/rbenv/versions/3.4.4/include/ruby-3.4.0/ruby/defines.h:72,
                 from /usr/share/rbenv/versions/3.4.4/include/ruby-3.4.0/ruby/ruby.h:25,
                 from /usr/share/rbenv/versions/3.4.4/include/ruby-3.4.0/ruby.h:38,
                 from gpgme_n.c:39:
gpgme_n.c:107:32: warning: ‘rb_data_object_get_warning’ is deprecated: by TypedData [-Wdeprecated-declarations]
  107 |   Data_Get_Struct(vkey, struct _gpgme_key, key)
      |                                ^~~~~~~~~~
/usr/share/rbenv/versions/3.4.4/include/ruby-3.4.0/ruby/internal/cast.h:31:29: note: in definition of macro ‘RBIMPL_CAST’
   31 | # define RBIMPL_CAST(expr) (expr)
      |                             ^~~~
gpgme_n.c:107:3: note: in expansion of macro ‘Data_Get_Struct’
  107 |   Data_Get_Struct(vkey, struct _gpgme_key, key)
      |   ^~~~~~~~~~~~~~~
gpgme_n.c:1481:3: note: in expansion of macro ‘UNWRAP_GPGME_KEY’
 1481 |   UNWRAP_GPGME_KEY(vkey, key);
      |   ^~~~~~~~~~~~~~~~
In file included from /usr/share/rbenv/versions/3.4.4/include/ruby-3.4.0/ruby/internal/core.h:27,
                 from /usr/share/rbenv/versions/3.4.4/include/ruby-3.4.0/ruby/ruby.h:29,
                 from /usr/share/rbenv/versions/3.4.4/include/ruby-3.4.0/ruby.h:38,
                 from gpgme_n.c:39:
/usr/share/rbenv/versions/3.4.4/include/ruby-3.4.0/ruby/internal/core/rdata.h:325:1: note: declared here
  325 | rb_data_object_get_warning(VALUE obj)
      | ^~~~~~~~~~~~~~~~~~~~~~~~~~
In file included from /usr/share/rbenv/versions/3.4.4/include/ruby-3.4.0/ruby/internal/assume.h:29,
                 from /usr/share/rbenv/versions/3.4.4/include/ruby-3.4.0/ruby/backward/2/assume.h:24,
                 from /usr/share/rbenv/versions/3.4.4/include/ruby-3.4.0/ruby/defines.h:72,
                 from /usr/share/rbenv/versions/3.4.4/include/ruby-3.4.0/ruby/ruby.h:25,
                 from /usr/share/rbenv/versions/3.4.4/include/ruby-3.4.0/ruby.h:38,
                 from gpgme_n.c:39:
gpgme_n.c: In function ‘rb_s_gpgme_op_delete_start’:
gpgme_n.c:101:32: warning: ‘rb_data_object_get_warning’ is deprecated: by TypedData [-Wdeprecated-declarations]
  101 |   Data_Get_Struct(vctx, struct gpgme_context, ctx)
      |                                ^~~~~~~~~~~~~
/usr/share/rbenv/versions/3.4.4/include/ruby-3.4.0/ruby/internal/cast.h:31:29: note: in definition of macro ‘RBIMPL_CAST’
   31 | # define RBIMPL_CAST(expr) (expr)
      |                             ^~~~
gpgme_n.c:101:3: note: in expansion of macro ‘Data_Get_Struct’
  101 |   Data_Get_Struct(vctx, struct gpgme_context, ctx)
      |   ^~~~~~~~~~~~~~~
gpgme_n.c:1497:3: note: in expansion of macro ‘UNWRAP_GPGME_CTX’
 1497 |   UNWRAP_GPGME_CTX(vctx, ctx);
      |   ^~~~~~~~~~~~~~~~
In file included from /usr/share/rbenv/versions/3.4.4/include/ruby-3.4.0/ruby/internal/core.h:27,
                 from /usr/share/rbenv/versions/3.4.4/include/ruby-3.4.0/ruby/ruby.h:29,
                 from /usr/share/rbenv/versions/3.4.4/include/ruby-3.4.0/ruby.h:38,
                 from gpgme_n.c:39:
/usr/share/rbenv/versions/3.4.4/include/ruby-3.4.0/ruby/internal/core/rdata.h:325:1: note: declared here
  325 | rb_data_object_get_warning(VALUE obj)
      | ^~~~~~~~~~~~~~~~~~~~~~~~~~
In file included from /usr/share/rbenv/versions/3.4.4/include/ruby-3.4.0/ruby/internal/assume.h:29,
                 from /usr/share/rbenv/versions/3.4.4/include/ruby-3.4.0/ruby/backward/2/assume.h:24,
                 from /usr/share/rbenv/versions/3.4.4/include/ruby-3.4.0/ruby/defines.h:72,
                 from /usr/share/rbenv/versions/3.4.4/include/ruby-3.4.0/ruby/ruby.h:25,
                 from /usr/share/rbenv/versions/3.4.4/include/ruby-3.4.0/ruby.h:38,
                 from gpgme_n.c:39:
gpgme_n.c:107:32: warning: ‘rb_data_object_get_warning’ is deprecated: by TypedData [-Wdeprecated-declarations]
  107 |   Data_Get_Struct(vkey, struct _gpgme_key, key)
      |                                ^~~~~~~~~~
/usr/share/rbenv/versions/3.4.4/include/ruby-3.4.0/ruby/internal/cast.h:31:29: note: in definition of macro ‘RBIMPL_CAST’
   31 | # define RBIMPL_CAST(expr) (expr)
      |                             ^~~~
gpgme_n.c:107:3: note: in expansion of macro ‘Data_Get_Struct’
  107 |   Data_Get_Struct(vkey, struct _gpgme_key, key)
      |   ^~~~~~~~~~~~~~~
gpgme_n.c:1500:3: note: in expansion of macro ‘UNWRAP_GPGME_KEY’
 1500 |   UNWRAP_GPGME_KEY(vkey, key);
      |   ^~~~~~~~~~~~~~~~
In file included from /usr/share/rbenv/versions/3.4.4/include/ruby-3.4.0/ruby/internal/core.h:27,
                 from /usr/share/rbenv/versions/3.4.4/include/ruby-3.4.0/ruby/ruby.h:29,
                 from /usr/share/rbenv/versions/3.4.4/include/ruby-3.4.0/ruby.h:38,
                 from gpgme_n.c:39:
/usr/share/rbenv/versions/3.4.4/include/ruby-3.4.0/ruby/internal/core/rdata.h:325:1: note: declared here
  325 | rb_data_object_get_warning(VALUE obj)
      | ^~~~~~~~~~~~~~~~~~~~~~~~~~
In file included from /usr/share/rbenv/versions/3.4.4/include/ruby-3.4.0/ruby/internal/assume.h:29,
                 from /usr/share/rbenv/versions/3.4.4/include/ruby-3.4.0/ruby/backward/2/assume.h:24,
                 from /usr/share/rbenv/versions/3.4.4/include/ruby-3.4.0/ruby/defines.h:72,
                 from /usr/share/rbenv/versions/3.4.4/include/ruby-3.4.0/ruby/ruby.h:25,
                 from /usr/share/rbenv/versions/3.4.4/include/ruby-3.4.0/ruby.h:38,
                 from gpgme_n.c:39:
gpgme_n.c: In function ‘rb_s_gpgme_op_edit’:
gpgme_n.c:101:32: warning: ‘rb_data_object_get_warning’ is deprecated: by TypedData [-Wdeprecated-declarations]
  101 |   Data_Get_Struct(vctx, struct gpgme_context, ctx)
      |                                ^~~~~~~~~~~~~
/usr/share/rbenv/versions/3.4.4/include/ruby-3.4.0/ruby/internal/cast.h:31:29: note: in definition of macro ‘RBIMPL_CAST’
   31 | # define RBIMPL_CAST(expr) (expr)
      |                             ^~~~
gpgme_n.c:101:3: note: in expansion of macro ‘Data_Get_Struct’
  101 |   Data_Get_Struct(vctx, struct gpgme_context, ctx)
      |   ^~~~~~~~~~~~~~~
gpgme_n.c:1532:3: note: in expansion of macro ‘UNWRAP_GPGME_CTX’
 1532 |   UNWRAP_GPGME_CTX(vctx, ctx);
      |   ^~~~~~~~~~~~~~~~
In file included from /usr/share/rbenv/versions/3.4.4/include/ruby-3.4.0/ruby/internal/core.h:27,
                 from /usr/share/rbenv/versions/3.4.4/include/ruby-3.4.0/ruby/ruby.h:29,
                 from /usr/share/rbenv/versions/3.4.4/include/ruby-3.4.0/ruby.h:38,
                 from gpgme_n.c:39:
/usr/share/rbenv/versions/3.4.4/include/ruby-3.4.0/ruby/internal/core/rdata.h:325:1: note: declared here
  325 | rb_data_object_get_warning(VALUE obj)
      | ^~~~~~~~~~~~~~~~~~~~~~~~~~
In file included from /usr/share/rbenv/versions/3.4.4/include/ruby-3.4.0/ruby/internal/assume.h:29,
                 from /usr/share/rbenv/versions/3.4.4/include/ruby-3.4.0/ruby/backward/2/assume.h:24,
                 from /usr/share/rbenv/versions/3.4.4/include/ruby-3.4.0/ruby/defines.h:72,
                 from /usr/share/rbenv/versions/3.4.4/include/ruby-3.4.0/ruby/ruby.h:25,
                 from /usr/share/rbenv/versions/3.4.4/include/ruby-3.4.0/ruby.h:38,
                 from gpgme_n.c:39:
gpgme_n.c:107:32: warning: ‘rb_data_object_get_warning’ is deprecated: by TypedData [-Wdeprecated-declarations]
  107 |   Data_Get_Struct(vkey, struct _gpgme_key, key)
      |                                ^~~~~~~~~~
/usr/share/rbenv/versions/3.4.4/include/ruby-3.4.0/ruby/internal/cast.h:31:29: note: in definition of macro ‘RBIMPL_CAST’
   31 | # define RBIMPL_CAST(expr) (expr)
      |                             ^~~~
gpgme_n.c:107:3: note: in expansion of macro ‘Data_Get_Struct’
  107 |   Data_Get_Struct(vkey, struct _gpgme_key, key)
      |   ^~~~~~~~~~~~~~~
gpgme_n.c:1535:3: note: in expansion of macro ‘UNWRAP_GPGME_KEY’
 1535 |   UNWRAP_GPGME_KEY(vkey, key);
      |   ^~~~~~~~~~~~~~~~
In file included from /usr/share/rbenv/versions/3.4.4/include/ruby-3.4.0/ruby/internal/core.h:27,
                 from /usr/share/rbenv/versions/3.4.4/include/ruby-3.4.0/ruby/ruby.h:29,
                 from /usr/share/rbenv/versions/3.4.4/include/ruby-3.4.0/ruby.h:38,
                 from gpgme_n.c:39:
/usr/share/rbenv/versions/3.4.4/include/ruby-3.4.0/ruby/internal/core/rdata.h:325:1: note: declared here
  325 | rb_data_object_get_warning(VALUE obj)
      | ^~~~~~~~~~~~~~~~~~~~~~~~~~
In file included from /usr/share/rbenv/versions/3.4.4/include/ruby-3.4.0/ruby/internal/assume.h:29,
                 from /usr/share/rbenv/versions/3.4.4/include/ruby-3.4.0/ruby/backward/2/assume.h:24,
                 from /usr/share/rbenv/versions/3.4.4/include/ruby-3.4.0/ruby/defines.h:72,
                 from /usr/share/rbenv/versions/3.4.4/include/ruby-3.4.0/ruby/ruby.h:25,
                 from /usr/share/rbenv/versions/3.4.4/include/ruby-3.4.0/ruby.h:38,
                 from gpgme_n.c:39:
gpgme_n.c:95:31: warning: ‘rb_data_object_get_warning’ is deprecated: by TypedData [-Wdeprecated-declarations]
   95 |   Data_Get_Struct(vdh, struct gpgme_data, dh);
      |                               ^~~~~~~~~~
/usr/share/rbenv/versions/3.4.4/include/ruby-3.4.0/ruby/internal/cast.h:31:29: note: in definition of macro ‘RBIMPL_CAST’
   31 | # define RBIMPL_CAST(expr) (expr)
      |                             ^~~~
gpgme_n.c:95:3: note: in expansion of macro ‘Data_Get_Struct’
   95 |   Data_Get_Struct(vdh, struct gpgme_data, dh);
      |   ^~~~~~~~~~~~~~~
gpgme_n.c:1537:5: note: in expansion of macro ‘UNWRAP_GPGME_DATA’
 1537 |     UNWRAP_GPGME_DATA(vout, out);
      |     ^~~~~~~~~~~~~~~~~
In file included from /usr/share/rbenv/versions/3.4.4/include/ruby-3.4.0/ruby/internal/core.h:27,
                 from /usr/share/rbenv/versions/3.4.4/include/ruby-3.4.0/ruby/ruby.h:29,
                 from /usr/share/rbenv/versions/3.4.4/include/ruby-3.4.0/ruby.h:38,
                 from gpgme_n.c:39:
/usr/share/rbenv/versions/3.4.4/include/ruby-3.4.0/ruby/internal/core/rdata.h:325:1: note: declared here
  325 | rb_data_object_get_warning(VALUE obj)
      | ^~~~~~~~~~~~~~~~~~~~~~~~~~
gpgme_n.c:1545:3: warning: ‘gpgme_op_edit’ is deprecated [-Wdeprecated-declarations]
 1545 |   err = gpgme_op_edit (ctx, key, edit_cb, (void *)vcb, out);
      |   ^~~
In file included from gpgme_n.c:43:
/github/vendor/gems/3.4.4/ruby/3.4.0/gems/gpgme-2.0.24/ports/x86_64-linux-gnu/gpgme/1.21.0/include/gpgme.h:2648:15: note: declared here
 2648 | gpgme_error_t gpgme_op_edit       (gpgme_ctx_t ctx, gpgme_key_t key,
      |               ^~~~~~~~~~~~~
In file included from /usr/share/rbenv/versions/3.4.4/include/ruby-3.4.0/ruby/internal/assume.h:29,
                 from /usr/share/rbenv/versions/3.4.4/include/ruby-3.4.0/ruby/backward/2/assume.h:24,
                 from /usr/share/rbenv/versions/3.4.4/include/ruby-3.4.0/ruby/defines.h:72,
                 from /usr/share/rbenv/versions/3.4.4/include/ruby-3.4.0/ruby/ruby.h:25,
                 from /usr/share/rbenv/versions/3.4.4/include/ruby-3.4.0/ruby.h:38,
                 from gpgme_n.c:39:
gpgme_n.c: In function ‘rb_s_gpgme_op_edit_start’:
gpgme_n.c:101:32: warning: ‘rb_data_object_get_warning’ is deprecated: by TypedData [-Wdeprecated-declarations]
  101 |   Data_Get_Struct(vctx, struct gpgme_context, ctx)
      |                                ^~~~~~~~~~~~~
/usr/share/rbenv/versions/3.4.4/include/ruby-3.4.0/ruby/internal/cast.h:31:29: note: in definition of macro ‘RBIMPL_CAST’
   31 | # define RBIMPL_CAST(expr) (expr)
      |                             ^~~~
gpgme_n.c:101:3: note: in expansion of macro ‘Data_Get_Struct’
  101 |   Data_Get_Struct(vctx, struct gpgme_context, ctx)
      |   ^~~~~~~~~~~~~~~
gpgme_n.c:1561:3: note: in expansion of macro ‘UNWRAP_GPGME_CTX’
 1561 |   UNWRAP_GPGME_CTX(vctx, ctx);
      |   ^~~~~~~~~~~~~~~~
In file included from /usr/share/rbenv/versions/3.4.4/include/ruby-3.4.0/ruby/internal/core.h:27,
                 from /usr/share/rbenv/versions/3.4.4/include/ruby-3.4.0/ruby/ruby.h:29,
                 from /usr/share/rbenv/versions/3.4.4/include/ruby-3.4.0/ruby.h:38,
                 from gpgme_n.c:39:
/usr/share/rbenv/versions/3.4.4/include/ruby-3.4.0/ruby/internal/core/rdata.h:325:1: note: declared here
  325 | rb_data_object_get_warning(VALUE obj)
      | ^~~~~~~~~~~~~~~~~~~~~~~~~~
In file included from /usr/share/rbenv/versions/3.4.4/include/ruby-3.4.0/ruby/internal/assume.h:29,
                 from /usr/share/rbenv/versions/3.4.4/include/ruby-3.4.0/ruby/backward/2/assume.h:24,
                 from /usr/share/rbenv/versions/3.4.4/include/ruby-3.4.0/ruby/defines.h:72,
                 from /usr/share/rbenv/versions/3.4.4/include/ruby-3.4.0/ruby/ruby.h:25,
                 from /usr/share/rbenv/versions/3.4.4/include/ruby-3.4.0/ruby.h:38,
                 from gpgme_n.c:39:
gpgme_n.c:107:32: warning: ‘rb_data_object_get_warning’ is deprecated: by TypedData [-Wdeprecated-declarations]
  107 |   Data_Get_Struct(vkey, struct _gpgme_key, key)
      |                                ^~~~~~~~~~
/usr/share/rbenv/versions/3.4.4/include/ruby-3.4.0/ruby/internal/cast.h:31:29: note: in definition of macro ‘RBIMPL_CAST’
   31 | # define RBIMPL_CAST(expr) (expr)
      |                             ^~~~
gpgme_n.c:107:3: note: in expansion of macro ‘Data_Get_Struct’
  107 |   Data_Get_Struct(vkey, struct _gpgme_key, key)
      |   ^~~~~~~~~~~~~~~
gpgme_n.c:1564:3: note: in expansion of macro ‘UNWRAP_GPGME_KEY’
 1564 |   UNWRAP_GPGME_KEY(vkey, key);
      |   ^~~~~~~~~~~~~~~~
In file included from /usr/share/rbenv/versions/3.4.4/include/ruby-3.4.0/ruby/internal/core.h:27,
                 from /usr/share/rbenv/versions/3.4.4/include/ruby-3.4.0/ruby/ruby.h:29,
                 from /usr/share/rbenv/versions/3.4.4/include/ruby-3.4.0/ruby.h:38,
                 from gpgme_n.c:39:
/usr/share/rbenv/versions/3.4.4/include/ruby-3.4.0/ruby/internal/core/rdata.h:325:1: note: declared here
  325 | rb_data_object_get_warning(VALUE obj)
      | ^~~~~~~~~~~~~~~~~~~~~~~~~~
In file included from /usr/share/rbenv/versions/3.4.4/include/ruby-3.4.0/ruby/internal/assume.h:29,
                 from /usr/share/rbenv/versions/3.4.4/include/ruby-3.4.0/ruby/backward/2/assume.h:24,
                 from /usr/share/rbenv/versions/3.4.4/include/ruby-3.4.0/ruby/defines.h:72,
                 from /usr/share/rbenv/versions/3.4.4/include/ruby-3.4.0/ruby/ruby.h:25,
                 from /usr/share/rbenv/versions/3.4.4/include/ruby-3.4.0/ruby.h:38,
                 from gpgme_n.c:39:
gpgme_n.c:95:31: warning: ‘rb_data_object_get_warning’ is deprecated: by TypedData [-Wdeprecated-declarations]
   95 |   Data_Get_Struct(vdh, struct gpgme_data, dh);
      |                               ^~~~~~~~~~
/usr/share/rbenv/versions/3.4.4/include/ruby-3.4.0/ruby/internal/cast.h:31:29: note: in definition of macro ‘RBIMPL_CAST’
   31 | # define RBIMPL_CAST(expr) (expr)
      |                             ^~~~
gpgme_n.c:95:3: note: in expansion of macro ‘Data_Get_Struct’
   95 |   Data_Get_Struct(vdh, struct gpgme_data, dh);
      |   ^~~~~~~~~~~~~~~
gpgme_n.c:1566:5: note: in expansion of macro ‘UNWRAP_GPGME_DATA’
 1566 |     UNWRAP_GPGME_DATA(vout, out);
      |     ^~~~~~~~~~~~~~~~~
In file included from /usr/share/rbenv/versions/3.4.4/include/ruby-3.4.0/ruby/internal/core.h:27,
                 from /usr/share/rbenv/versions/3.4.4/include/ruby-3.4.0/ruby/ruby.h:29,
                 from /usr/share/rbenv/versions/3.4.4/include/ruby-3.4.0/ruby.h:38,
                 from gpgme_n.c:39:
/usr/share/rbenv/versions/3.4.4/include/ruby-3.4.0/ruby/internal/core/rdata.h:325:1: note: declared here
  325 | rb_data_object_get_warning(VALUE obj)
      | ^~~~~~~~~~~~~~~~~~~~~~~~~~
gpgme_n.c:1574:3: warning: ‘gpgme_op_edit_start’ is deprecated [-Wdeprecated-declarations]
 1574 |   err = gpgme_op_edit_start (ctx, key, edit_cb, (void *)vcb, out);
      |   ^~~
In file included from gpgme_n.c:43:
/github/vendor/gems/3.4.4/ruby/3.4.0/gems/gpgme-2.0.24/ports/x86_64-linux-gnu/gpgme/1.21.0/include/gpgme.h:2645:15: note: declared here
 2645 | gpgme_error_t gpgme_op_edit_start (gpgme_ctx_t ctx, gpgme_key_t key,
      |               ^~~~~~~~~~~~~~~~~~~
In file included from /usr/share/rbenv/versions/3.4.4/include/ruby-3.4.0/ruby/internal/assume.h:29,
                 from /usr/share/rbenv/versions/3.4.4/include/ruby-3.4.0/ruby/backward/2/assume.h:24,
                 from /usr/share/rbenv/versions/3.4.4/include/ruby-3.4.0/ruby/defines.h:72,
                 from /usr/share/rbenv/versions/3.4.4/include/ruby-3.4.0/ruby/ruby.h:25,
                 from /usr/share/rbenv/versions/3.4.4/include/ruby-3.4.0/ruby.h:38,
                 from gpgme_n.c:39:
gpgme_n.c: In function ‘rb_s_gpgme_op_card_edit’:
gpgme_n.c:101:32: warning: ‘rb_data_object_get_warning’ is deprecated: by TypedData [-Wdeprecated-declarations]
  101 |   Data_Get_Struct(vctx, struct gpgme_context, ctx)
      |                                ^~~~~~~~~~~~~
/usr/share/rbenv/versions/3.4.4/include/ruby-3.4.0/ruby/internal/cast.h:31:29: note: in definition of macro ‘RBIMPL_CAST’
   31 | # define RBIMPL_CAST(expr) (expr)
      |                             ^~~~
gpgme_n.c:101:3: note: in expansion of macro ‘Data_Get_Struct’
  101 |   Data_Get_Struct(vctx, struct gpgme_context, ctx)
      |   ^~~~~~~~~~~~~~~
gpgme_n.c:1590:3: note: in expansion of macro ‘UNWRAP_GPGME_CTX’
 1590 |   UNWRAP_GPGME_CTX(vctx, ctx);
      |   ^~~~~~~~~~~~~~~~
In file included from /usr/share/rbenv/versions/3.4.4/include/ruby-3.4.0/ruby/internal/core.h:27,
                 from /usr/share/rbenv/versions/3.4.4/include/ruby-3.4.0/ruby/ruby.h:29,
                 from /usr/share/rbenv/versions/3.4.4/include/ruby-3.4.0/ruby.h:38,
                 from gpgme_n.c:39:
/usr/share/rbenv/versions/3.4.4/include/ruby-3.4.0/ruby/internal/core/rdata.h:325:1: note: declared here
  325 | rb_data_object_get_warning(VALUE obj)
      | ^~~~~~~~~~~~~~~~~~~~~~~~~~
In file included from /usr/share/rbenv/versions/3.4.4/include/ruby-3.4.0/ruby/internal/assume.h:29,
                 from /usr/share/rbenv/versions/3.4.4/include/ruby-3.4.0/ruby/backward/2/assume.h:24,
                 from /usr/share/rbenv/versions/3.4.4/include/ruby-3.4.0/ruby/defines.h:72,
                 from /usr/share/rbenv/versions/3.4.4/include/ruby-3.4.0/ruby/ruby.h:25,
                 from /usr/share/rbenv/versions/3.4.4/include/ruby-3.4.0/ruby.h:38,
                 from gpgme_n.c:39:
gpgme_n.c:107:32: warning: ‘rb_data_object_get_warning’ is deprecated: by TypedData [-Wdeprecated-declarations]
  107 |   Data_Get_Struct(vkey, struct _gpgme_key, key)
      |                                ^~~~~~~~~~
/usr/share/rbenv/versions/3.4.4/include/ruby-3.4.0/ruby/internal/cast.h:31:29: note: in definition of macro ‘RBIMPL_CAST’
   31 | # define RBIMPL_CAST(expr) (expr)
      |                             ^~~~
gpgme_n.c:107:3: note: in expansion of macro ‘Data_Get_Struct’
  107 |   Data_Get_Struct(vkey, struct _gpgme_key, key)
      |   ^~~~~~~~~~~~~~~
gpgme_n.c:1593:3: note: in expansion of macro ‘UNWRAP_GPGME_KEY’
 1593 |   UNWRAP_GPGME_KEY(vkey, key);
      |   ^~~~~~~~~~~~~~~~
In file included from /usr/share/rbenv/versions/3.4.4/include/ruby-3.4.0/ruby/internal/core.h:27,
                 from /usr/share/rbenv/versions/3.4.4/include/ruby-3.4.0/ruby/ruby.h:29,
                 from /usr/share/rbenv/versions/3.4.4/include/ruby-3.4.0/ruby.h:38,
                 from gpgme_n.c:39:
/usr/share/rbenv/versions/3.4.4/include/ruby-3.4.0/ruby/internal/core/rdata.h:325:1: note: declared here
  325 | rb_data_object_get_warning(VALUE obj)
      | ^~~~~~~~~~~~~~~~~~~~~~~~~~
In file included from /usr/share/rbenv/versions/3.4.4/include/ruby-3.4.0/ruby/internal/assume.h:29,
                 from /usr/share/rbenv/versions/3.4.4/include/ruby-3.4.0/ruby/backward/2/assume.h:24,
                 from /usr/share/rbenv/versions/3.4.4/include/ruby-3.4.0/ruby/defines.h:72,
                 from /usr/share/rbenv/versions/3.4.4/include/ruby-3.4.0/ruby/ruby.h:25,
                 from /usr/share/rbenv/versions/3.4.4/include/ruby-3.4.0/ruby.h:38,
                 from gpgme_n.c:39:
gpgme_n.c:95:31: warning: ‘rb_data_object_get_warning’ is deprecated: by TypedData [-Wdeprecated-declarations]
   95 |   Data_Get_Struct(vdh, struct gpgme_data, dh);
      |                               ^~~~~~~~~~
/usr/share/rbenv/versions/3.4.4/include/ruby-3.4.0/ruby/internal/cast.h:31:29: note: in definition of macro ‘RBIMPL_CAST’
   31 | # define RBIMPL_CAST(expr) (expr)
      |                             ^~~~
gpgme_n.c:95:3: note: in expansion of macro ‘Data_Get_Struct’
   95 |   Data_Get_Struct(vdh, struct gpgme_data, dh);
      |   ^~~~~~~~~~~~~~~
gpgme_n.c:1595:5: note: in expansion of macro ‘UNWRAP_GPGME_DATA’
 1595 |     UNWRAP_GPGME_DATA(vout, out);
      |     ^~~~~~~~~~~~~~~~~
In file included from /usr/share/rbenv/versions/3.4.4/include/ruby-3.4.0/ruby/internal/core.h:27,
                 from /usr/share/rbenv/versions/3.4.4/include/ruby-3.4.0/ruby/ruby.h:29,
                 from /usr/share/rbenv/versions/3.4.4/include/ruby-3.4.0/ruby.h:38,
                 from gpgme_n.c:39:
/usr/share/rbenv/versions/3.4.4/include/ruby-3.4.0/ruby/internal/core/rdata.h:325:1: note: declared here
  325 | rb_data_object_get_warning(VALUE obj)
      | ^~~~~~~~~~~~~~~~~~~~~~~~~~
gpgme_n.c:1603:3: warning: ‘gpgme_op_card_edit’ is deprecated [-Wdeprecated-declarations]
 1603 |   err = gpgme_op_card_edit (ctx, key, edit_cb, (void *)vcb, out);
      |   ^~~
In file included from gpgme_n.c:43:
/github/vendor/gems/3.4.4/ruby/3.4.0/gems/gpgme-2.0.24/ports/x86_64-linux-gnu/gpgme/1.21.0/include/gpgme.h:2655:15: note: declared here
 2655 | gpgme_error_t gpgme_op_card_edit       (gpgme_ctx_t ctx, gpgme_key_t key,
      |               ^~~~~~~~~~~~~~~~~~
In file included from /usr/share/rbenv/versions/3.4.4/include/ruby-3.4.0/ruby/internal/assume.h:29,
                 from /usr/share/rbenv/versions/3.4.4/include/ruby-3.4.0/ruby/backward/2/assume.h:24,
                 from /usr/share/rbenv/versions/3.4.4/include/ruby-3.4.0/ruby/defines.h:72,
                 from /usr/share/rbenv/versions/3.4.4/include/ruby-3.4.0/ruby/ruby.h:25,
                 from /usr/share/rbenv/versions/3.4.4/include/ruby-3.4.0/ruby.h:38,
                 from gpgme_n.c:39:
gpgme_n.c: In function ‘rb_s_gpgme_op_card_edit_start’:
gpgme_n.c:101:32: warning: ‘rb_data_object_get_warning’ is deprecated: by TypedData [-Wdeprecated-declarations]
  101 |   Data_Get_Struct(vctx, struct gpgme_context, ctx)
      |                                ^~~~~~~~~~~~~
/usr/share/rbenv/versions/3.4.4/include/ruby-3.4.0/ruby/internal/cast.h:31:29: note: in definition of macro ‘RBIMPL_CAST’
   31 | # define RBIMPL_CAST(expr) (expr)
      |                             ^~~~
gpgme_n.c:101:3: note: in expansion of macro ‘Data_Get_Struct’
  101 |   Data_Get_Struct(vctx, struct gpgme_context, ctx)
      |   ^~~~~~~~~~~~~~~
gpgme_n.c:1619:3: note: in expansion of macro ‘UNWRAP_GPGME_CTX’
 1619 |   UNWRAP_GPGME_CTX(vctx, ctx);
      |   ^~~~~~~~~~~~~~~~
In file included from /usr/share/rbenv/versions/3.4.4/include/ruby-3.4.0/ruby/internal/core.h:27,
                 from /usr/share/rbenv/versions/3.4.4/include/ruby-3.4.0/ruby/ruby.h:29,
                 from /usr/share/rbenv/versions/3.4.4/include/ruby-3.4.0/ruby.h:38,
                 from gpgme_n.c:39:
/usr/share/rbenv/versions/3.4.4/include/ruby-3.4.0/ruby/internal/core/rdata.h:325:1: note: declared here
  325 | rb_data_object_get_warning(VALUE obj)
      | ^~~~~~~~~~~~~~~~~~~~~~~~~~
In file included from /usr/share/rbenv/versions/3.4.4/include/ruby-3.4.0/ruby/internal/assume.h:29,
                 from /usr/share/rbenv/versions/3.4.4/include/ruby-3.4.0/ruby/backward/2/assume.h:24,
                 from /usr/share/rbenv/versions/3.4.4/include/ruby-3.4.0/ruby/defines.h:72,
                 from /usr/share/rbenv/versions/3.4.4/include/ruby-3.4.0/ruby/ruby.h:25,
                 from /usr/share/rbenv/versions/3.4.4/include/ruby-3.4.0/ruby.h:38,
                 from gpgme_n.c:39:
gpgme_n.c:107:32: warning: ‘rb_data_object_get_warning’ is deprecated: by TypedData [-Wdeprecated-declarations]
  107 |   Data_Get_Struct(vkey, struct _gpgme_key, key)
      |                                ^~~~~~~~~~
/usr/share/rbenv/versions/3.4.4/include/ruby-3.4.0/ruby/internal/cast.h:31:29: note: in definition of macro ‘RBIMPL_CAST’
   31 | # define RBIMPL_CAST(expr) (expr)
      |                             ^~~~
gpgme_n.c:107:3: note: in expansion of macro ‘Data_Get_Struct’
  107 |   Data_Get_Struct(vkey, struct _gpgme_key, key)
      |   ^~~~~~~~~~~~~~~
gpgme_n.c:1622:3: note: in expansion of macro ‘UNWRAP_GPGME_KEY’
 1622 |   UNWRAP_GPGME_KEY(vkey, key);
      |   ^~~~~~~~~~~~~~~~
In file included from /usr/share/rbenv/versions/3.4.4/include/ruby-3.4.0/ruby/internal/core.h:27,
                 from /usr/share/rbenv/versions/3.4.4/include/ruby-3.4.0/ruby/ruby.h:29,
                 from /usr/share/rbenv/versions/3.4.4/include/ruby-3.4.0/ruby.h:38,
                 from gpgme_n.c:39:
/usr/share/rbenv/versions/3.4.4/include/ruby-3.4.0/ruby/internal/core/rdata.h:325:1: note: declared here
  325 | rb_data_object_get_warning(VALUE obj)
      | ^~~~~~~~~~~~~~~~~~~~~~~~~~
In file included from /usr/share/rbenv/versions/3.4.4/include/ruby-3.4.0/ruby/internal/assume.h:29,
                 from /usr/share/rbenv/versions/3.4.4/include/ruby-3.4.0/ruby/backward/2/assume.h:24,
                 from /usr/share/rbenv/versions/3.4.4/include/ruby-3.4.0/ruby/defines.h:72,
                 from /usr/share/rbenv/versions/3.4.4/include/ruby-3.4.0/ruby/ruby.h:25,
                 from /usr/share/rbenv/versions/3.4.4/include/ruby-3.4.0/ruby.h:38,
                 from gpgme_n.c:39:
gpgme_n.c:95:31: warning: ‘rb_data_object_get_warning’ is deprecated: by TypedData [-Wdeprecated-declarations]
   95 |   Data_Get_Struct(vdh, struct gpgme_data, dh);
      |                               ^~~~~~~~~~
/usr/share/rbenv/versions/3.4.4/include/ruby-3.4.0/ruby/internal/cast.h:31:29: note: in definition of macro ‘RBIMPL_CAST’
   31 | # define RBIMPL_CAST(expr) (expr)
      |                             ^~~~
gpgme_n.c:95:3: note: in expansion of macro ‘Data_Get_Struct’
   95 |   Data_Get_Struct(vdh, struct gpgme_data, dh);
      |   ^~~~~~~~~~~~~~~
gpgme_n.c:1624:5: note: in expansion of macro ‘UNWRAP_GPGME_DATA’
 1624 |     UNWRAP_GPGME_DATA(vout, out);
      |     ^~~~~~~~~~~~~~~~~
In file included from /usr/share/rbenv/versions/3.4.4/include/ruby-3.4.0/ruby/internal/core.h:27,
                 from /usr/share/rbenv/versions/3.4.4/include/ruby-3.4.0/ruby/ruby.h:29,
                 from /usr/share/rbenv/versions/3.4.4/include/ruby-3.4.0/ruby.h:38,
                 from gpgme_n.c:39:
/usr/share/rbenv/versions/3.4.4/include/ruby-3.4.0/ruby/internal/core/rdata.h:325:1: note: declared here
  325 | rb_data_object_get_warning(VALUE obj)
      | ^~~~~~~~~~~~~~~~~~~~~~~~~~
gpgme_n.c:1632:3: warning: ‘gpgme_op_card_edit_start’ is deprecated [-Wdeprecated-declarations]
 1632 |   err = gpgme_op_card_edit_start (ctx, key, edit_cb, (void *)vcb, out);
      |   ^~~
In file included from gpgme_n.c:43:
/github/vendor/gems/3.4.4/ruby/3.4.0/gems/gpgme-2.0.24/ports/x86_64-linux-gnu/gpgme/1.21.0/include/gpgme.h:2651:15: note: declared here
 2651 | gpgme_error_t gpgme_op_card_edit_start (gpgme_ctx_t ctx, gpgme_key_t key,
      |               ^~~~~~~~~~~~~~~~~~~~~~~~
In file included from /usr/share/rbenv/versions/3.4.4/include/ruby-3.4.0/ruby/internal/assume.h:29,
                 from /usr/share/rbenv/versions/3.4.4/include/ruby-3.4.0/ruby/backward/2/assume.h:24,
                 from /usr/share/rbenv/versions/3.4.4/include/ruby-3.4.0/ruby/defines.h:72,
                 from /usr/share/rbenv/versions/3.4.4/include/ruby-3.4.0/ruby/ruby.h:25,
                 from /usr/share/rbenv/versions/3.4.4/include/ruby-3.4.0/ruby.h:38,
                 from gpgme_n.c:39:
gpgme_n.c: In function ‘rb_s_gpgme_op_trustlist_start’:
gpgme_n.c:101:32: warning: ‘rb_data_object_get_warning’ is deprecated: by TypedData [-Wdeprecated-declarations]
  101 |   Data_Get_Struct(vctx, struct gpgme_context, ctx)
      |                                ^~~~~~~~~~~~~
/usr/share/rbenv/versions/3.4.4/include/ruby-3.4.0/ruby/internal/cast.h:31:29: note: in definition of macro ‘RBIMPL_CAST’
   31 | # define RBIMPL_CAST(expr) (expr)
      |                             ^~~~
gpgme_n.c:101:3: note: in expansion of macro ‘Data_Get_Struct’
  101 |   Data_Get_Struct(vctx, struct gpgme_context, ctx)
      |   ^~~~~~~~~~~~~~~
gpgme_n.c:1645:3: note: in expansion of macro ‘UNWRAP_GPGME_CTX’
 1645 |   UNWRAP_GPGME_CTX(vctx, ctx);
      |   ^~~~~~~~~~~~~~~~
In file included from /usr/share/rbenv/versions/3.4.4/include/ruby-3.4.0/ruby/internal/core.h:27,
                 from /usr/share/rbenv/versions/3.4.4/include/ruby-3.4.0/ruby/ruby.h:29,
                 from /usr/share/rbenv/versions/3.4.4/include/ruby-3.4.0/ruby.h:38,
                 from gpgme_n.c:39:
/usr/share/rbenv/versions/3.4.4/include/ruby-3.4.0/ruby/internal/core/rdata.h:325:1: note: declared here
  325 | rb_data_object_get_warning(VALUE obj)
      | ^~~~~~~~~~~~~~~~~~~~~~~~~~
In file included from /usr/share/rbenv/versions/3.4.4/include/ruby-3.4.0/ruby/internal/assume.h:29,
                 from /usr/share/rbenv/versions/3.4.4/include/ruby-3.4.0/ruby/backward/2/assume.h:24,
                 from /usr/share/rbenv/versions/3.4.4/include/ruby-3.4.0/ruby/defines.h:72,
                 from /usr/share/rbenv/versions/3.4.4/include/ruby-3.4.0/ruby/ruby.h:25,
                 from /usr/share/rbenv/versions/3.4.4/include/ruby-3.4.0/ruby.h:38,
                 from gpgme_n.c:39:
gpgme_n.c: In function ‘rb_s_gpgme_op_trustlist_next’:
gpgme_n.c:101:32: warning: ‘rb_data_object_get_warning’ is deprecated: by TypedData [-Wdeprecated-declarations]
  101 |   Data_Get_Struct(vctx, struct gpgme_context, ctx)
      |                                ^~~~~~~~~~~~~
/usr/share/rbenv/versions/3.4.4/include/ruby-3.4.0/ruby/internal/cast.h:31:29: note: in definition of macro ‘RBIMPL_CAST’
   31 | # define RBIMPL_CAST(expr) (expr)
      |                             ^~~~
gpgme_n.c:101:3: note: in expansion of macro ‘Data_Get_Struct’
  101 |   Data_Get_Struct(vctx, struct gpgme_context, ctx)
      |   ^~~~~~~~~~~~~~~
gpgme_n.c:1663:3: note: in expansion of macro ‘UNWRAP_GPGME_CTX’
 1663 |   UNWRAP_GPGME_CTX(vctx, ctx);
      |   ^~~~~~~~~~~~~~~~
In file included from /usr/share/rbenv/versions/3.4.4/include/ruby-3.4.0/ruby/internal/core.h:27,
                 from /usr/share/rbenv/versions/3.4.4/include/ruby-3.4.0/ruby/ruby.h:29,
                 from /usr/share/rbenv/versions/3.4.4/include/ruby-3.4.0/ruby.h:38,
                 from gpgme_n.c:39:
/usr/share/rbenv/versions/3.4.4/include/ruby-3.4.0/ruby/internal/core/rdata.h:325:1: note: declared here
  325 | rb_data_object_get_warning(VALUE obj)
      | ^~~~~~~~~~~~~~~~~~~~~~~~~~
gpgme_n.c:1670:7: warning: ‘rb_data_object_wrap_warning’ is deprecated: by TypedData [-Wdeprecated-declarations]
 1670 |       vitem = WRAP_GPGME_TRUST_ITEM(item);
      |       ^~~~~
In file included from /usr/share/rbenv/versions/3.4.4/include/ruby-3.4.0/ruby/internal/core.h:27,
                 from /usr/share/rbenv/versions/3.4.4/include/ruby-3.4.0/ruby/ruby.h:29,
                 from /usr/share/rbenv/versions/3.4.4/include/ruby-3.4.0/ruby.h:38,
                 from gpgme_n.c:39:
/usr/share/rbenv/versions/3.4.4/include/ruby-3.4.0/ruby/internal/core/rdata.h:293:1: note: declared here
  293 | rb_data_object_wrap_warning(VALUE klass, void *ptr, RUBY_DATA_FUNC mark, RUBY_DATA_FUNC free)
      | ^~~~~~~~~~~~~~~~~~~~~~~~~~~
In file included from /usr/share/rbenv/versions/3.4.4/include/ruby-3.4.0/ruby/internal/assume.h:29,
                 from /usr/share/rbenv/versions/3.4.4/include/ruby-3.4.0/ruby/backward/2/assume.h:24,
                 from /usr/share/rbenv/versions/3.4.4/include/ruby-3.4.0/ruby/defines.h:72,
                 from /usr/share/rbenv/versions/3.4.4/include/ruby-3.4.0/ruby/ruby.h:25,
                 from /usr/share/rbenv/versions/3.4.4/include/ruby-3.4.0/ruby.h:38,
                 from gpgme_n.c:39:
gpgme_n.c: In function ‘rb_s_gpgme_op_trustlist_end’:
gpgme_n.c:101:32: warning: ‘rb_data_object_get_warning’ is deprecated: by TypedData [-Wdeprecated-declarations]
  101 |   Data_Get_Struct(vctx, struct gpgme_context, ctx)
      |                                ^~~~~~~~~~~~~
/usr/share/rbenv/versions/3.4.4/include/ruby-3.4.0/ruby/internal/cast.h:31:29: note: in definition of macro ‘RBIMPL_CAST’
   31 | # define RBIMPL_CAST(expr) (expr)
      |                             ^~~~
gpgme_n.c:101:3: note: in expansion of macro ‘Data_Get_Struct’
  101 |   Data_Get_Struct(vctx, struct gpgme_context, ctx)
      |   ^~~~~~~~~~~~~~~
gpgme_n.c:1692:3: note: in expansion of macro ‘UNWRAP_GPGME_CTX’
 1692 |   UNWRAP_GPGME_CTX(vctx, ctx);
      |   ^~~~~~~~~~~~~~~~
In file included from /usr/share/rbenv/versions/3.4.4/include/ruby-3.4.0/ruby/internal/core.h:27,
                 from /usr/share/rbenv/versions/3.4.4/include/ruby-3.4.0/ruby/ruby.h:29,
                 from /usr/share/rbenv/versions/3.4.4/include/ruby-3.4.0/ruby.h:38,
                 from gpgme_n.c:39:
/usr/share/rbenv/versions/3.4.4/include/ruby-3.4.0/ruby/internal/core/rdata.h:325:1: note: declared here
  325 | rb_data_object_get_warning(VALUE obj)
      | ^~~~~~~~~~~~~~~~~~~~~~~~~~
In file included from /usr/share/rbenv/versions/3.4.4/include/ruby-3.4.0/ruby/internal/assume.h:29,
                 from /usr/share/rbenv/versions/3.4.4/include/ruby-3.4.0/ruby/backward/2/assume.h:24,
                 from /usr/share/rbenv/versions/3.4.4/include/ruby-3.4.0/ruby/defines.h:72,
                 from /usr/share/rbenv/versions/3.4.4/include/ruby-3.4.0/ruby/ruby.h:25,
                 from /usr/share/rbenv/versions/3.4.4/include/ruby-3.4.0/ruby.h:38,
                 from gpgme_n.c:39:
gpgme_n.c: In function ‘rb_s_gpgme_op_decrypt’:
gpgme_n.c:101:32: warning: ‘rb_data_object_get_warning’ is deprecated: by TypedData [-Wdeprecated-declarations]
  101 |   Data_Get_Struct(vctx, struct gpgme_context, ctx)
      |                                ^~~~~~~~~~~~~
/usr/share/rbenv/versions/3.4.4/include/ruby-3.4.0/ruby/internal/cast.h:31:29: note: in definition of macro ‘RBIMPL_CAST’
   31 | # define RBIMPL_CAST(expr) (expr)
      |                             ^~~~
gpgme_n.c:101:3: note: in expansion of macro ‘Data_Get_Struct’
  101 |   Data_Get_Struct(vctx, struct gpgme_context, ctx)
      |   ^~~~~~~~~~~~~~~
gpgme_n.c:1709:3: note: in expansion of macro ‘UNWRAP_GPGME_CTX’
 1709 |   UNWRAP_GPGME_CTX(vctx, ctx);
      |   ^~~~~~~~~~~~~~~~
In file included from /usr/share/rbenv/versions/3.4.4/include/ruby-3.4.0/ruby/internal/core.h:27,
                 from /usr/share/rbenv/versions/3.4.4/include/ruby-3.4.0/ruby/ruby.h:29,
                 from /usr/share/rbenv/versions/3.4.4/include/ruby-3.4.0/ruby.h:38,
                 from gpgme_n.c:39:
/usr/share/rbenv/versions/3.4.4/include/ruby-3.4.0/ruby/internal/core/rdata.h:325:1: note: declared here
  325 | rb_data_object_get_warning(VALUE obj)
      | ^~~~~~~~~~~~~~~~~~~~~~~~~~
In file included from /usr/share/rbenv/versions/3.4.4/include/ruby-3.4.0/ruby/internal/assume.h:29,
                 from /usr/share/rbenv/versions/3.4.4/include/ruby-3.4.0/ruby/backward/2/assume.h:24,
                 from /usr/share/rbenv/versions/3.4.4/include/ruby-3.4.0/ruby/defines.h:72,
                 from /usr/share/rbenv/versions/3.4.4/include/ruby-3.4.0/ruby/ruby.h:25,
                 from /usr/share/rbenv/versions/3.4.4/include/ruby-3.4.0/ruby.h:38,
                 from gpgme_n.c:39:
gpgme_n.c:95:31: warning: ‘rb_data_object_get_warning’ is deprecated: by TypedData [-Wdeprecated-declarations]
   95 |   Data_Get_Struct(vdh, struct gpgme_data, dh);
      |                               ^~~~~~~~~~
/usr/share/rbenv/versions/3.4.4/include/ruby-3.4.0/ruby/internal/cast.h:31:29: note: in definition of macro ‘RBIMPL_CAST’
   31 | # define RBIMPL_CAST(expr) (expr)
      |                             ^~~~
gpgme_n.c:95:3: note: in expansion of macro ‘Data_Get_Struct’
   95 |   Data_Get_Struct(vdh, struct gpgme_data, dh);
      |   ^~~~~~~~~~~~~~~
gpgme_n.c:1712:3: note: in expansion of macro ‘UNWRAP_GPGME_DATA’
 1712 |   UNWRAP_GPGME_DATA(vcipher, cipher);
      |   ^~~~~~~~~~~~~~~~~
In file included from /usr/share/rbenv/versions/3.4.4/include/ruby-3.4.0/ruby/internal/core.h:27,
                 from /usr/share/rbenv/versions/3.4.4/include/ruby-3.4.0/ruby/ruby.h:29,
                 from /usr/share/rbenv/versions/3.4.4/include/ruby-3.4.0/ruby.h:38,
                 from gpgme_n.c:39:
/usr/share/rbenv/versions/3.4.4/include/ruby-3.4.0/ruby/internal/core/rdata.h:325:1: note: declared here
  325 | rb_data_object_get_warning(VALUE obj)
      | ^~~~~~~~~~~~~~~~~~~~~~~~~~
In file included from /usr/share/rbenv/versions/3.4.4/include/ruby-3.4.0/ruby/internal/assume.h:29,
                 from /usr/share/rbenv/versions/3.4.4/include/ruby-3.4.0/ruby/backward/2/assume.h:24,
                 from /usr/share/rbenv/versions/3.4.4/include/ruby-3.4.0/ruby/defines.h:72,
                 from /usr/share/rbenv/versions/3.4.4/include/ruby-3.4.0/ruby/ruby.h:25,
                 from /usr/share/rbenv/versions/3.4.4/include/ruby-3.4.0/ruby.h:38,
                 from gpgme_n.c:39:
gpgme_n.c:95:31: warning: ‘rb_data_object_get_warning’ is deprecated: by TypedData [-Wdeprecated-declarations]
   95 |   Data_Get_Struct(vdh, struct gpgme_data, dh);
      |                               ^~~~~~~~~~
/usr/share/rbenv/versions/3.4.4/include/ruby-3.4.0/ruby/internal/cast.h:31:29: note: in definition of macro ‘RBIMPL_CAST’
   31 | # define RBIMPL_CAST(expr) (expr)
      |                             ^~~~
gpgme_n.c:95:3: note: in expansion of macro ‘Data_Get_Struct’
   95 |   Data_Get_Struct(vdh, struct gpgme_data, dh);
      |   ^~~~~~~~~~~~~~~
gpgme_n.c:1713:3: note: in expansion of macro ‘UNWRAP_GPGME_DATA’
 1713 |   UNWRAP_GPGME_DATA(vplain, plain);
      |   ^~~~~~~~~~~~~~~~~
In file included from /usr/share/rbenv/versions/3.4.4/include/ruby-3.4.0/ruby/internal/core.h:27,
                 from /usr/share/rbenv/versions/3.4.4/include/ruby-3.4.0/ruby/ruby.h:29,
                 from /usr/share/rbenv/versions/3.4.4/include/ruby-3.4.0/ruby.h:38,
                 from gpgme_n.c:39:
/usr/share/rbenv/versions/3.4.4/include/ruby-3.4.0/ruby/internal/core/rdata.h:325:1: note: declared here
  325 | rb_data_object_get_warning(VALUE obj)
      | ^~~~~~~~~~~~~~~~~~~~~~~~~~
In file included from /usr/share/rbenv/versions/3.4.4/include/ruby-3.4.0/ruby/internal/assume.h:29,
                 from /usr/share/rbenv/versions/3.4.4/include/ruby-3.4.0/ruby/backward/2/assume.h:24,
                 from /usr/share/rbenv/versions/3.4.4/include/ruby-3.4.0/ruby/defines.h:72,
                 from /usr/share/rbenv/versions/3.4.4/include/ruby-3.4.0/ruby/ruby.h:25,
                 from /usr/share/rbenv/versions/3.4.4/include/ruby-3.4.0/ruby.h:38,
                 from gpgme_n.c:39:
gpgme_n.c: In function ‘rb_s_gpgme_op_decrypt_start’:
gpgme_n.c:101:32: warning: ‘rb_data_object_get_warning’ is deprecated: by TypedData [-Wdeprecated-declarations]
  101 |   Data_Get_Struct(vctx, struct gpgme_context, ctx)
      |                                ^~~~~~~~~~~~~
/usr/share/rbenv/versions/3.4.4/include/ruby-3.4.0/ruby/internal/cast.h:31:29: note: in definition of macro ‘RBIMPL_CAST’
   31 | # define RBIMPL_CAST(expr) (expr)
      |                             ^~~~
gpgme_n.c:101:3: note: in expansion of macro ‘Data_Get_Struct’
  101 |   Data_Get_Struct(vctx, struct gpgme_context, ctx)
      |   ^~~~~~~~~~~~~~~
gpgme_n.c:1729:3: note: in expansion of macro ‘UNWRAP_GPGME_CTX’
 1729 |   UNWRAP_GPGME_CTX(vctx, ctx);
      |   ^~~~~~~~~~~~~~~~
In file included from /usr/share/rbenv/versions/3.4.4/include/ruby-3.4.0/ruby/internal/core.h:27,
                 from /usr/share/rbenv/versions/3.4.4/include/ruby-3.4.0/ruby/ruby.h:29,
                 from /usr/share/rbenv/versions/3.4.4/include/ruby-3.4.0/ruby.h:38,
                 from gpgme_n.c:39:
/usr/share/rbenv/versions/3.4.4/include/ruby-3.4.0/ruby/internal/core/rdata.h:325:1: note: declared here
  325 | rb_data_object_get_warning(VALUE obj)
      | ^~~~~~~~~~~~~~~~~~~~~~~~~~
In file included from /usr/share/rbenv/versions/3.4.4/include/ruby-3.4.0/ruby/internal/assume.h:29,
                 from /usr/share/rbenv/versions/3.4.4/include/ruby-3.4.0/ruby/backward/2/assume.h:24,
                 from /usr/share/rbenv/versions/3.4.4/include/ruby-3.4.0/ruby/defines.h:72,
                 from /usr/share/rbenv/versions/3.4.4/include/ruby-3.4.0/ruby/ruby.h:25,
                 from /usr/share/rbenv/versions/3.4.4/include/ruby-3.4.0/ruby.h:38,
                 from gpgme_n.c:39:
gpgme_n.c:95:31: warning: ‘rb_data_object_get_warning’ is deprecated: by TypedData [-Wdeprecated-declarations]
   95 |   Data_Get_Struct(vdh, struct gpgme_data, dh);
      |                               ^~~~~~~~~~
/usr/share/rbenv/versions/3.4.4/include/ruby-3.4.0/ruby/internal/cast.h:31:29: note: in definition of macro ‘RBIMPL_CAST’
   31 | # define RBIMPL_CAST(expr) (expr)
      |                             ^~~~
gpgme_n.c:95:3: note: in expansion of macro ‘Data_Get_Struct’
   95 |   Data_Get_Struct(vdh, struct gpgme_data, dh);
      |   ^~~~~~~~~~~~~~~
gpgme_n.c:1732:3: note: in expansion of macro ‘UNWRAP_GPGME_DATA’
 1732 |   UNWRAP_GPGME_DATA(vcipher, cipher);
      |   ^~~~~~~~~~~~~~~~~
In file included from /usr/share/rbenv/versions/3.4.4/include/ruby-3.4.0/ruby/internal/core.h:27,
                 from /usr/share/rbenv/versions/3.4.4/include/ruby-3.4.0/ruby/ruby.h:29,
                 from /usr/share/rbenv/versions/3.4.4/include/ruby-3.4.0/ruby.h:38,
                 from gpgme_n.c:39:
/usr/share/rbenv/versions/3.4.4/include/ruby-3.4.0/ruby/internal/core/rdata.h:325:1: note: declared here
  325 | rb_data_object_get_warning(VALUE obj)
      | ^~~~~~~~~~~~~~~~~~~~~~~~~~
In file included from /usr/share/rbenv/versions/3.4.4/include/ruby-3.4.0/ruby/internal/assume.h:29,
                 from /usr/share/rbenv/versions/3.4.4/include/ruby-3.4.0/ruby/backward/2/assume.h:24,
                 from /usr/share/rbenv/versions/3.4.4/include/ruby-3.4.0/ruby/defines.h:72,
                 from /usr/share/rbenv/versions/3.4.4/include/ruby-3.4.0/ruby/ruby.h:25,
                 from /usr/share/rbenv/versions/3.4.4/include/ruby-3.4.0/ruby.h:38,
                 from gpgme_n.c:39:
gpgme_n.c:95:31: warning: ‘rb_data_object_get_warning’ is deprecated: by TypedData [-Wdeprecated-declarations]
   95 |   Data_Get_Struct(vdh, struct gpgme_data, dh);
      |                               ^~~~~~~~~~
/usr/share/rbenv/versions/3.4.4/include/ruby-3.4.0/ruby/internal/cast.h:31:29: note: in definition of macro ‘RBIMPL_CAST’
   31 | # define RBIMPL_CAST(expr) (expr)
      |                             ^~~~
gpgme_n.c:95:3: note: in expansion of macro ‘Data_Get_Struct’
   95 |   Data_Get_Struct(vdh, struct gpgme_data, dh);
      |   ^~~~~~~~~~~~~~~
gpgme_n.c:1733:3: note: in expansion of macro ‘UNWRAP_GPGME_DATA’
 1733 |   UNWRAP_GPGME_DATA(vplain, plain);
      |   ^~~~~~~~~~~~~~~~~
In file included from /usr/share/rbenv/versions/3.4.4/include/ruby-3.4.0/ruby/internal/core.h:27,
                 from /usr/share/rbenv/versions/3.4.4/include/ruby-3.4.0/ruby/ruby.h:29,
                 from /usr/share/rbenv/versions/3.4.4/include/ruby-3.4.0/ruby.h:38,
                 from gpgme_n.c:39:
/usr/share/rbenv/versions/3.4.4/include/ruby-3.4.0/ruby/internal/core/rdata.h:325:1: note: declared here
  325 | rb_data_object_get_warning(VALUE obj)
      | ^~~~~~~~~~~~~~~~~~~~~~~~~~
In file included from /usr/share/rbenv/versions/3.4.4/include/ruby-3.4.0/ruby/internal/assume.h:29,
                 from /usr/share/rbenv/versions/3.4.4/include/ruby-3.4.0/ruby/backward/2/assume.h:24,
                 from /usr/share/rbenv/versions/3.4.4/include/ruby-3.4.0/ruby/defines.h:72,
                 from /usr/share/rbenv/versions/3.4.4/include/ruby-3.4.0/ruby/ruby.h:25,
                 from /usr/share/rbenv/versions/3.4.4/include/ruby-3.4.0/ruby.h:38,
                 from gpgme_n.c:39:
gpgme_n.c: In function ‘rb_s_gpgme_op_decrypt_result’:
gpgme_n.c:101:32: warning: ‘rb_data_object_get_warning’ is deprecated: by TypedData [-Wdeprecated-declarations]
  101 |   Data_Get_Struct(vctx, struct gpgme_context, ctx)
      |                                ^~~~~~~~~~~~~
/usr/share/rbenv/versions/3.4.4/include/ruby-3.4.0/ruby/internal/cast.h:31:29: note: in definition of macro ‘RBIMPL_CAST’
   31 | # define RBIMPL_CAST(expr) (expr)
      |                             ^~~~
gpgme_n.c:101:3: note: in expansion of macro ‘Data_Get_Struct’
  101 |   Data_Get_Struct(vctx, struct gpgme_context, ctx)
      |   ^~~~~~~~~~~~~~~
gpgme_n.c:1747:3: note: in expansion of macro ‘UNWRAP_GPGME_CTX’
 1747 |   UNWRAP_GPGME_CTX(vctx, ctx);
      |   ^~~~~~~~~~~~~~~~
In file included from /usr/share/rbenv/versions/3.4.4/include/ruby-3.4.0/ruby/internal/core.h:27,
                 from /usr/share/rbenv/versions/3.4.4/include/ruby-3.4.0/ruby/ruby.h:29,
                 from /usr/share/rbenv/versions/3.4.4/include/ruby-3.4.0/ruby.h:38,
                 from gpgme_n.c:39:
/usr/share/rbenv/versions/3.4.4/include/ruby-3.4.0/ruby/internal/core/rdata.h:325:1: note: declared here
  325 | rb_data_object_get_warning(VALUE obj)
      | ^~~~~~~~~~~~~~~~~~~~~~~~~~
In file included from /usr/share/rbenv/versions/3.4.4/include/ruby-3.4.0/ruby/internal/assume.h:29,
                 from /usr/share/rbenv/versions/3.4.4/include/ruby-3.4.0/ruby/backward/2/assume.h:24,
                 from /usr/share/rbenv/versions/3.4.4/include/ruby-3.4.0/ruby/defines.h:72,
                 from /usr/share/rbenv/versions/3.4.4/include/ruby-3.4.0/ruby/ruby.h:25,
                 from /usr/share/rbenv/versions/3.4.4/include/ruby-3.4.0/ruby.h:38,
                 from gpgme_n.c:39:
gpgme_n.c: In function ‘rb_s_gpgme_op_verify’:
gpgme_n.c:101:32: warning: ‘rb_data_object_get_warning’ is deprecated: by TypedData [-Wdeprecated-declarations]
  101 |   Data_Get_Struct(vctx, struct gpgme_context, ctx)
      |                                ^~~~~~~~~~~~~
/usr/share/rbenv/versions/3.4.4/include/ruby-3.4.0/ruby/internal/cast.h:31:29: note: in definition of macro ‘RBIMPL_CAST’
   31 | # define RBIMPL_CAST(expr) (expr)
      |                             ^~~~
gpgme_n.c:101:3: note: in expansion of macro ‘Data_Get_Struct’
  101 |   Data_Get_Struct(vctx, struct gpgme_context, ctx)
      |   ^~~~~~~~~~~~~~~
gpgme_n.c:1785:3: note: in expansion of macro ‘UNWRAP_GPGME_CTX’
 1785 |   UNWRAP_GPGME_CTX(vctx, ctx);
      |   ^~~~~~~~~~~~~~~~
In file included from /usr/share/rbenv/versions/3.4.4/include/ruby-3.4.0/ruby/internal/core.h:27,
                 from /usr/share/rbenv/versions/3.4.4/include/ruby-3.4.0/ruby/ruby.h:29,
                 from /usr/share/rbenv/versions/3.4.4/include/ruby-3.4.0/ruby.h:38,
                 from gpgme_n.c:39:
/usr/share/rbenv/versions/3.4.4/include/ruby-3.4.0/ruby/internal/core/rdata.h:325:1: note: declared here
  325 | rb_data_object_get_warning(VALUE obj)
      | ^~~~~~~~~~~~~~~~~~~~~~~~~~
In file included from /usr/share/rbenv/versions/3.4.4/include/ruby-3.4.0/ruby/internal/assume.h:29,
                 from /usr/share/rbenv/versions/3.4.4/include/ruby-3.4.0/ruby/backward/2/assume.h:24,
                 from /usr/share/rbenv/versions/3.4.4/include/ruby-3.4.0/ruby/defines.h:72,
                 from /usr/share/rbenv/versions/3.4.4/include/ruby-3.4.0/ruby/ruby.h:25,
                 from /usr/share/rbenv/versions/3.4.4/include/ruby-3.4.0/ruby.h:38,
                 from gpgme_n.c:39:
gpgme_n.c:95:31: warning: ‘rb_data_object_get_warning’ is deprecated: by TypedData [-Wdeprecated-declarations]
   95 |   Data_Get_Struct(vdh, struct gpgme_data, dh);
      |                               ^~~~~~~~~~
/usr/share/rbenv/versions/3.4.4/include/ruby-3.4.0/ruby/internal/cast.h:31:29: note: in definition of macro ‘RBIMPL_CAST’
   31 | # define RBIMPL_CAST(expr) (expr)
      |                             ^~~~
gpgme_n.c:95:3: note: in expansion of macro ‘Data_Get_Struct’
   95 |   Data_Get_Struct(vdh, struct gpgme_data, dh);
      |   ^~~~~~~~~~~~~~~
gpgme_n.c:1788:3: note: in expansion of macro ‘UNWRAP_GPGME_DATA’
 1788 |   UNWRAP_GPGME_DATA(vsig, sig);
      |   ^~~~~~~~~~~~~~~~~
In file included from /usr/share/rbenv/versions/3.4.4/include/ruby-3.4.0/ruby/internal/core.h:27,
                 from /usr/share/rbenv/versions/3.4.4/include/ruby-3.4.0/ruby/ruby.h:29,
                 from /usr/share/rbenv/versions/3.4.4/include/ruby-3.4.0/ruby.h:38,
                 from gpgme_n.c:39:
/usr/share/rbenv/versions/3.4.4/include/ruby-3.4.0/ruby/internal/core/rdata.h:325:1: note: declared here
  325 | rb_data_object_get_warning(VALUE obj)
      | ^~~~~~~~~~~~~~~~~~~~~~~~~~
In file included from /usr/share/rbenv/versions/3.4.4/include/ruby-3.4.0/ruby/internal/assume.h:29,
                 from /usr/share/rbenv/versions/3.4.4/include/ruby-3.4.0/ruby/backward/2/assume.h:24,
                 from /usr/share/rbenv/versions/3.4.4/include/ruby-3.4.0/ruby/defines.h:72,
                 from /usr/share/rbenv/versions/3.4.4/include/ruby-3.4.0/ruby/ruby.h:25,
                 from /usr/share/rbenv/versions/3.4.4/include/ruby-3.4.0/ruby.h:38,
                 from gpgme_n.c:39:
gpgme_n.c:95:31: warning: ‘rb_data_object_get_warning’ is deprecated: by TypedData [-Wdeprecated-declarations]
   95 |   Data_Get_Struct(vdh, struct gpgme_data, dh);
      |                               ^~~~~~~~~~
/usr/share/rbenv/versions/3.4.4/include/ruby-3.4.0/ruby/internal/cast.h:31:29: note: in definition of macro ‘RBIMPL_CAST’
   31 | # define RBIMPL_CAST(expr) (expr)
      |                             ^~~~
gpgme_n.c:95:3: note: in expansion of macro ‘Data_Get_Struct’
   95 |   Data_Get_Struct(vdh, struct gpgme_data, dh);
      |   ^~~~~~~~~~~~~~~
gpgme_n.c:1790:5: note: in expansion of macro ‘UNWRAP_GPGME_DATA’
 1790 |     UNWRAP_GPGME_DATA(vsigned_text, signed_text);
      |     ^~~~~~~~~~~~~~~~~
In file included from /usr/share/rbenv/versions/3.4.4/include/ruby-3.4.0/ruby/internal/core.h:27,
                 from /usr/share/rbenv/versions/3.4.4/include/ruby-3.4.0/ruby/ruby.h:29,
                 from /usr/share/rbenv/versions/3.4.4/include/ruby-3.4.0/ruby.h:38,
                 from gpgme_n.c:39:
/usr/share/rbenv/versions/3.4.4/include/ruby-3.4.0/ruby/internal/core/rdata.h:325:1: note: declared here
  325 | rb_data_object_get_warning(VALUE obj)
      | ^~~~~~~~~~~~~~~~~~~~~~~~~~
In file included from /usr/share/rbenv/versions/3.4.4/include/ruby-3.4.0/ruby/internal/assume.h:29,
                 from /usr/share/rbenv/versions/3.4.4/include/ruby-3.4.0/ruby/backward/2/assume.h:24,
                 from /usr/share/rbenv/versions/3.4.4/include/ruby-3.4.0/ruby/defines.h:72,
                 from /usr/share/rbenv/versions/3.4.4/include/ruby-3.4.0/ruby/ruby.h:25,
                 from /usr/share/rbenv/versions/3.4.4/include/ruby-3.4.0/ruby.h:38,
                 from gpgme_n.c:39:
gpgme_n.c:95:31: warning: ‘rb_data_object_get_warning’ is deprecated: by TypedData [-Wdeprecated-declarations]
   95 |   Data_Get_Struct(vdh, struct gpgme_data, dh);
      |                               ^~~~~~~~~~
/usr/share/rbenv/versions/3.4.4/include/ruby-3.4.0/ruby/internal/cast.h:31:29: note: in definition of macro ‘RBIMPL_CAST’
   31 | # define RBIMPL_CAST(expr) (expr)
      |                             ^~~~
gpgme_n.c:95:3: note: in expansion of macro ‘Data_Get_Struct’
   95 |   Data_Get_Struct(vdh, struct gpgme_data, dh);
      |   ^~~~~~~~~~~~~~~
gpgme_n.c:1792:5: note: in expansion of macro ‘UNWRAP_GPGME_DATA’
 1792 |     UNWRAP_GPGME_DATA(vplain, plain);
      |     ^~~~~~~~~~~~~~~~~
In file included from /usr/share/rbenv/versions/3.4.4/include/ruby-3.4.0/ruby/internal/core.h:27,
                 from /usr/share/rbenv/versions/3.4.4/include/ruby-3.4.0/ruby/ruby.h:29,
                 from /usr/share/rbenv/versions/3.4.4/include/ruby-3.4.0/ruby.h:38,
                 from gpgme_n.c:39:
/usr/share/rbenv/versions/3.4.4/include/ruby-3.4.0/ruby/internal/core/rdata.h:325:1: note: declared here
  325 | rb_data_object_get_warning(VALUE obj)
      | ^~~~~~~~~~~~~~~~~~~~~~~~~~
In file included from /usr/share/rbenv/versions/3.4.4/include/ruby-3.4.0/ruby/internal/assume.h:29,
                 from /usr/share/rbenv/versions/3.4.4/include/ruby-3.4.0/ruby/backward/2/assume.h:24,
                 from /usr/share/rbenv/versions/3.4.4/include/ruby-3.4.0/ruby/defines.h:72,
                 from /usr/share/rbenv/versions/3.4.4/include/ruby-3.4.0/ruby/ruby.h:25,
                 from /usr/share/rbenv/versions/3.4.4/include/ruby-3.4.0/ruby.h:38,
                 from gpgme_n.c:39:
gpgme_n.c: In function ‘rb_s_gpgme_op_verify_start’:
gpgme_n.c:101:32: warning: ‘rb_data_object_get_warning’ is deprecated: by TypedData [-Wdeprecated-declarations]
  101 |   Data_Get_Struct(vctx, struct gpgme_context, ctx)
      |                                ^~~~~~~~~~~~~
/usr/share/rbenv/versions/3.4.4/include/ruby-3.4.0/ruby/internal/cast.h:31:29: note: in definition of macro ‘RBIMPL_CAST’
   31 | # define RBIMPL_CAST(expr) (expr)
      |                             ^~~~
gpgme_n.c:101:3: note: in expansion of macro ‘Data_Get_Struct’
  101 |   Data_Get_Struct(vctx, struct gpgme_context, ctx)
      |   ^~~~~~~~~~~~~~~
gpgme_n.c:1808:3: note: in expansion of macro ‘UNWRAP_GPGME_CTX’
 1808 |   UNWRAP_GPGME_CTX(vctx, ctx);
      |   ^~~~~~~~~~~~~~~~
In file included from /usr/share/rbenv/versions/3.4.4/include/ruby-3.4.0/ruby/internal/core.h:27,
                 from /usr/share/rbenv/versions/3.4.4/include/ruby-3.4.0/ruby/ruby.h:29,
                 from /usr/share/rbenv/versions/3.4.4/include/ruby-3.4.0/ruby.h:38,
                 from gpgme_n.c:39:
/usr/share/rbenv/versions/3.4.4/include/ruby-3.4.0/ruby/internal/core/rdata.h:325:1: note: declared here
  325 | rb_data_object_get_warning(VALUE obj)
      | ^~~~~~~~~~~~~~~~~~~~~~~~~~
In file included from /usr/share/rbenv/versions/3.4.4/include/ruby-3.4.0/ruby/internal/assume.h:29,
                 from /usr/share/rbenv/versions/3.4.4/include/ruby-3.4.0/ruby/backward/2/assume.h:24,
                 from /usr/share/rbenv/versions/3.4.4/include/ruby-3.4.0/ruby/defines.h:72,
                 from /usr/share/rbenv/versions/3.4.4/include/ruby-3.4.0/ruby/ruby.h:25,
                 from /usr/share/rbenv/versions/3.4.4/include/ruby-3.4.0/ruby.h:38,
                 from gpgme_n.c:39:
gpgme_n.c:95:31: warning: ‘rb_data_object_get_warning’ is deprecated: by TypedData [-Wdeprecated-declarations]
   95 |   Data_Get_Struct(vdh, struct gpgme_data, dh);
      |                               ^~~~~~~~~~
/usr/share/rbenv/versions/3.4.4/include/ruby-3.4.0/ruby/internal/cast.h:31:29: note: in definition of macro ‘RBIMPL_CAST’
   31 | # define RBIMPL_CAST(expr) (expr)
      |                             ^~~~
gpgme_n.c:95:3: note: in expansion of macro ‘Data_Get_Struct’
   95 |   Data_Get_Struct(vdh, struct gpgme_data, dh);
      |   ^~~~~~~~~~~~~~~
gpgme_n.c:1811:3: note: in expansion of macro ‘UNWRAP_GPGME_DATA’
 1811 |   UNWRAP_GPGME_DATA(vsig, sig);
      |   ^~~~~~~~~~~~~~~~~
In file included from /usr/share/rbenv/versions/3.4.4/include/ruby-3.4.0/ruby/internal/core.h:27,
                 from /usr/share/rbenv/versions/3.4.4/include/ruby-3.4.0/ruby/ruby.h:29,
                 from /usr/share/rbenv/versions/3.4.4/include/ruby-3.4.0/ruby.h:38,
                 from gpgme_n.c:39:
/usr/share/rbenv/versions/3.4.4/include/ruby-3.4.0/ruby/internal/core/rdata.h:325:1: note: declared here
  325 | rb_data_object_get_warning(VALUE obj)
      | ^~~~~~~~~~~~~~~~~~~~~~~~~~
In file included from /usr/share/rbenv/versions/3.4.4/include/ruby-3.4.0/ruby/internal/assume.h:29,
                 from /usr/share/rbenv/versions/3.4.4/include/ruby-3.4.0/ruby/backward/2/assume.h:24,
                 from /usr/share/rbenv/versions/3.4.4/include/ruby-3.4.0/ruby/defines.h:72,
                 from /usr/share/rbenv/versions/3.4.4/include/ruby-3.4.0/ruby/ruby.h:25,
                 from /usr/share/rbenv/versions/3.4.4/include/ruby-3.4.0/ruby.h:38,
                 from gpgme_n.c:39:
gpgme_n.c:95:31: warning: ‘rb_data_object_get_warning’ is deprecated: by TypedData [-Wdeprecated-declarations]
   95 |   Data_Get_Struct(vdh, struct gpgme_data, dh);
      |                               ^~~~~~~~~~
/usr/share/rbenv/versions/3.4.4/include/ruby-3.4.0/ruby/internal/cast.h:31:29: note: in definition of macro ‘RBIMPL_CAST’
   31 | # define RBIMPL_CAST(expr) (expr)
      |                             ^~~~
gpgme_n.c:95:3: note: in expansion of macro ‘Data_Get_Struct’
   95 |   Data_Get_Struct(vdh, struct gpgme_data, dh);
      |   ^~~~~~~~~~~~~~~
gpgme_n.c:1813:5: note: in expansion of macro ‘UNWRAP_GPGME_DATA’
 1813 |     UNWRAP_GPGME_DATA(vsigned_text, signed_text);
      |     ^~~~~~~~~~~~~~~~~
In file included from /usr/share/rbenv/versions/3.4.4/include/ruby-3.4.0/ruby/internal/core.h:27,
                 from /usr/share/rbenv/versions/3.4.4/include/ruby-3.4.0/ruby/ruby.h:29,
                 from /usr/share/rbenv/versions/3.4.4/include/ruby-3.4.0/ruby.h:38,
                 from gpgme_n.c:39:
/usr/share/rbenv/versions/3.4.4/include/ruby-3.4.0/ruby/internal/core/rdata.h:325:1: note: declared here
  325 | rb_data_object_get_warning(VALUE obj)
      | ^~~~~~~~~~~~~~~~~~~~~~~~~~
In file included from /usr/share/rbenv/versions/3.4.4/include/ruby-3.4.0/ruby/internal/assume.h:29,
                 from /usr/share/rbenv/versions/3.4.4/include/ruby-3.4.0/ruby/backward/2/assume.h:24,
                 from /usr/share/rbenv/versions/3.4.4/include/ruby-3.4.0/ruby/defines.h:72,
                 from /usr/share/rbenv/versions/3.4.4/include/ruby-3.4.0/ruby/ruby.h:25,
                 from /usr/share/rbenv/versions/3.4.4/include/ruby-3.4.0/ruby.h:38,
                 from gpgme_n.c:39:
gpgme_n.c:95:31: warning: ‘rb_data_object_get_warning’ is deprecated: by TypedData [-Wdeprecated-declarations]
   95 |   Data_Get_Struct(vdh, struct gpgme_data, dh);
      |                               ^~~~~~~~~~
/usr/share/rbenv/versions/3.4.4/include/ruby-3.4.0/ruby/internal/cast.h:31:29: note: in definition of macro ‘RBIMPL_CAST’
   31 | # define RBIMPL_CAST(expr) (expr)
      |                             ^~~~
gpgme_n.c:95:3: note: in expansion of macro ‘Data_Get_Struct’
   95 |   Data_Get_Struct(vdh, struct gpgme_data, dh);
      |   ^~~~~~~~~~~~~~~
gpgme_n.c:1815:5: note: in expansion of macro ‘UNWRAP_GPGME_DATA’
 1815 |     UNWRAP_GPGME_DATA(vplain, plain);
      |     ^~~~~~~~~~~~~~~~~
In file included from /usr/share/rbenv/versions/3.4.4/include/ruby-3.4.0/ruby/internal/core.h:27,
                 from /usr/share/rbenv/versions/3.4.4/include/ruby-3.4.0/ruby/ruby.h:29,
                 from /usr/share/rbenv/versions/3.4.4/include/ruby-3.4.0/ruby.h:38,
                 from gpgme_n.c:39:
/usr/share/rbenv/versions/3.4.4/include/ruby-3.4.0/ruby/internal/core/rdata.h:325:1: note: declared here
  325 | rb_data_object_get_warning(VALUE obj)
      | ^~~~~~~~~~~~~~~~~~~~~~~~~~
In file included from /usr/share/rbenv/versions/3.4.4/include/ruby-3.4.0/ruby/internal/assume.h:29,
                 from /usr/share/rbenv/versions/3.4.4/include/ruby-3.4.0/ruby/backward/2/assume.h:24,
                 from /usr/share/rbenv/versions/3.4.4/include/ruby-3.4.0/ruby/defines.h:72,
                 from /usr/share/rbenv/versions/3.4.4/include/ruby-3.4.0/ruby/ruby.h:25,
                 from /usr/share/rbenv/versions/3.4.4/include/ruby-3.4.0/ruby.h:38,
                 from gpgme_n.c:39:
gpgme_n.c: In function ‘rb_s_gpgme_op_verify_result’:
gpgme_n.c:101:32: warning: ‘rb_data_object_get_warning’ is deprecated: by TypedData [-Wdeprecated-declarations]
  101 |   Data_Get_Struct(vctx, struct gpgme_context, ctx)
      |                                ^~~~~~~~~~~~~
/usr/share/rbenv/versions/3.4.4/include/ruby-3.4.0/ruby/internal/cast.h:31:29: note: in definition of macro ‘RBIMPL_CAST’
   31 | # define RBIMPL_CAST(expr) (expr)
      |                             ^~~~
gpgme_n.c:101:3: note: in expansion of macro ‘Data_Get_Struct’
  101 |   Data_Get_Struct(vctx, struct gpgme_context, ctx)
      |   ^~~~~~~~~~~~~~~
gpgme_n.c:1829:3: note: in expansion of macro ‘UNWRAP_GPGME_CTX’
 1829 |   UNWRAP_GPGME_CTX(vctx, ctx);
      |   ^~~~~~~~~~~~~~~~
In file included from /usr/share/rbenv/versions/3.4.4/include/ruby-3.4.0/ruby/internal/core.h:27,
                 from /usr/share/rbenv/versions/3.4.4/include/ruby-3.4.0/ruby/ruby.h:29,
                 from /usr/share/rbenv/versions/3.4.4/include/ruby-3.4.0/ruby.h:38,
                 from gpgme_n.c:39:
/usr/share/rbenv/versions/3.4.4/include/ruby-3.4.0/ruby/internal/core/rdata.h:325:1: note: declared here
  325 | rb_data_object_get_warning(VALUE obj)
      | ^~~~~~~~~~~~~~~~~~~~~~~~~~
In file included from /usr/share/rbenv/versions/3.4.4/include/ruby-3.4.0/ruby/internal/assume.h:29,
                 from /usr/share/rbenv/versions/3.4.4/include/ruby-3.4.0/ruby/backward/2/assume.h:24,
                 from /usr/share/rbenv/versions/3.4.4/include/ruby-3.4.0/ruby/defines.h:72,
                 from /usr/share/rbenv/versions/3.4.4/include/ruby-3.4.0/ruby/ruby.h:25,
                 from /usr/share/rbenv/versions/3.4.4/include/ruby-3.4.0/ruby.h:38,
                 from gpgme_n.c:39:
gpgme_n.c: In function ‘rb_s_gpgme_op_decrypt_verify’:
gpgme_n.c:101:32: warning: ‘rb_data_object_get_warning’ is deprecated: by TypedData [-Wdeprecated-declarations]
  101 |   Data_Get_Struct(vctx, struct gpgme_context, ctx)
      |                                ^~~~~~~~~~~~~
/usr/share/rbenv/versions/3.4.4/include/ruby-3.4.0/ruby/internal/cast.h:31:29: note: in definition of macro ‘RBIMPL_CAST’
   31 | # define RBIMPL_CAST(expr) (expr)
      |                             ^~~~
gpgme_n.c:101:3: note: in expansion of macro ‘Data_Get_Struct’
  101 |   Data_Get_Struct(vctx, struct gpgme_context, ctx)
      |   ^~~~~~~~~~~~~~~
gpgme_n.c:1892:3: note: in expansion of macro ‘UNWRAP_GPGME_CTX’
 1892 |   UNWRAP_GPGME_CTX(vctx, ctx);
      |   ^~~~~~~~~~~~~~~~
In file included from /usr/share/rbenv/versions/3.4.4/include/ruby-3.4.0/ruby/internal/core.h:27,
                 from /usr/share/rbenv/versions/3.4.4/include/ruby-3.4.0/ruby/ruby.h:29,
                 from /usr/share/rbenv/versions/3.4.4/include/ruby-3.4.0/ruby.h:38,
                 from gpgme_n.c:39:
/usr/share/rbenv/versions/3.4.4/include/ruby-3.4.0/ruby/internal/core/rdata.h:325:1: note: declared here
  325 | rb_data_object_get_warning(VALUE obj)
      | ^~~~~~~~~~~~~~~~~~~~~~~~~~
In file included from /usr/share/rbenv/versions/3.4.4/include/ruby-3.4.0/ruby/internal/assume.h:29,
                 from /usr/share/rbenv/versions/3.4.4/include/ruby-3.4.0/ruby/backward/2/assume.h:24,
                 from /usr/share/rbenv/versions/3.4.4/include/ruby-3.4.0/ruby/defines.h:72,
                 from /usr/share/rbenv/versions/3.4.4/include/ruby-3.4.0/ruby/ruby.h:25,
                 from /usr/share/rbenv/versions/3.4.4/include/ruby-3.4.0/ruby.h:38,
                 from gpgme_n.c:39:
gpgme_n.c:95:31: warning: ‘rb_data_object_get_warning’ is deprecated: by TypedData [-Wdeprecated-declarations]
   95 |   Data_Get_Struct(vdh, struct gpgme_data, dh);
      |                               ^~~~~~~~~~
/usr/share/rbenv/versions/3.4.4/include/ruby-3.4.0/ruby/internal/cast.h:31:29: note: in definition of macro ‘RBIMPL_CAST’
   31 | # define RBIMPL_CAST(expr) (expr)
      |                             ^~~~
gpgme_n.c:95:3: note: in expansion of macro ‘Data_Get_Struct’
   95 |   Data_Get_Struct(vdh, struct gpgme_data, dh);
      |   ^~~~~~~~~~~~~~~
gpgme_n.c:1895:3: note: in expansion of macro ‘UNWRAP_GPGME_DATA’
 1895 |   UNWRAP_GPGME_DATA(vcipher, cipher);
      |   ^~~~~~~~~~~~~~~~~
In file included from /usr/share/rbenv/versions/3.4.4/include/ruby-3.4.0/ruby/internal/core.h:27,
                 from /usr/share/rbenv/versions/3.4.4/include/ruby-3.4.0/ruby/ruby.h:29,
                 from /usr/share/rbenv/versions/3.4.4/include/ruby-3.4.0/ruby.h:38,
                 from gpgme_n.c:39:
/usr/share/rbenv/versions/3.4.4/include/ruby-3.4.0/ruby/internal/core/rdata.h:325:1: note: declared here
  325 | rb_data_object_get_warning(VALUE obj)
      | ^~~~~~~~~~~~~~~~~~~~~~~~~~
In file included from /usr/share/rbenv/versions/3.4.4/include/ruby-3.4.0/ruby/internal/assume.h:29,
                 from /usr/share/rbenv/versions/3.4.4/include/ruby-3.4.0/ruby/backward/2/assume.h:24,
                 from /usr/share/rbenv/versions/3.4.4/include/ruby-3.4.0/ruby/defines.h:72,
                 from /usr/share/rbenv/versions/3.4.4/include/ruby-3.4.0/ruby/ruby.h:25,
                 from /usr/share/rbenv/versions/3.4.4/include/ruby-3.4.0/ruby.h:38,
                 from gpgme_n.c:39:
gpgme_n.c:95:31: warning: ‘rb_data_object_get_warning’ is deprecated: by TypedData [-Wdeprecated-declarations]
   95 |   Data_Get_Struct(vdh, struct gpgme_data, dh);
      |                               ^~~~~~~~~~
/usr/share/rbenv/versions/3.4.4/include/ruby-3.4.0/ruby/internal/cast.h:31:29: note: in definition of macro ‘RBIMPL_CAST’
   31 | # define RBIMPL_CAST(expr) (expr)
      |                             ^~~~
gpgme_n.c:95:3: note: in expansion of macro ‘Data_Get_Struct’
   95 |   Data_Get_Struct(vdh, struct gpgme_data, dh);
      |   ^~~~~~~~~~~~~~~
gpgme_n.c:1896:3: note: in expansion of macro ‘UNWRAP_GPGME_DATA’
 1896 |   UNWRAP_GPGME_DATA(vplain, plain);
      |   ^~~~~~~~~~~~~~~~~
In file included from /usr/share/rbenv/versions/3.4.4/include/ruby-3.4.0/ruby/internal/core.h:27,
                 from /usr/share/rbenv/versions/3.4.4/include/ruby-3.4.0/ruby/ruby.h:29,
                 from /usr/share/rbenv/versions/3.4.4/include/ruby-3.4.0/ruby.h:38,
                 from gpgme_n.c:39:
/usr/share/rbenv/versions/3.4.4/include/ruby-3.4.0/ruby/internal/core/rdata.h:325:1: note: declared here
  325 | rb_data_object_get_warning(VALUE obj)
      | ^~~~~~~~~~~~~~~~~~~~~~~~~~
In file included from /usr/share/rbenv/versions/3.4.4/include/ruby-3.4.0/ruby/internal/assume.h:29,
                 from /usr/share/rbenv/versions/3.4.4/include/ruby-3.4.0/ruby/backward/2/assume.h:24,
                 from /usr/share/rbenv/versions/3.4.4/include/ruby-3.4.0/ruby/defines.h:72,
                 from /usr/share/rbenv/versions/3.4.4/include/ruby-3.4.0/ruby/ruby.h:25,
                 from /usr/share/rbenv/versions/3.4.4/include/ruby-3.4.0/ruby.h:38,
                 from gpgme_n.c:39:
gpgme_n.c: In function ‘rb_s_gpgme_op_decrypt_verify_start’:
gpgme_n.c:101:32: warning: ‘rb_data_object_get_warning’ is deprecated: by TypedData [-Wdeprecated-declarations]
  101 |   Data_Get_Struct(vctx, struct gpgme_context, ctx)
      |                                ^~~~~~~~~~~~~
/usr/share/rbenv/versions/3.4.4/include/ruby-3.4.0/ruby/internal/cast.h:31:29: note: in definition of macro ‘RBIMPL_CAST’
   31 | # define RBIMPL_CAST(expr) (expr)
      |                             ^~~~
gpgme_n.c:101:3: note: in expansion of macro ‘Data_Get_Struct’
  101 |   Data_Get_Struct(vctx, struct gpgme_context, ctx)
      |   ^~~~~~~~~~~~~~~
gpgme_n.c:1912:3: note: in expansion of macro ‘UNWRAP_GPGME_CTX’
 1912 |   UNWRAP_GPGME_CTX(vctx, ctx);
      |   ^~~~~~~~~~~~~~~~
In file included from /usr/share/rbenv/versions/3.4.4/include/ruby-3.4.0/ruby/internal/core.h:27,
                 from /usr/share/rbenv/versions/3.4.4/include/ruby-3.4.0/ruby/ruby.h:29,
                 from /usr/share/rbenv/versions/3.4.4/include/ruby-3.4.0/ruby.h:38,
                 from gpgme_n.c:39:
/usr/share/rbenv/versions/3.4.4/include/ruby-3.4.0/ruby/internal/core/rdata.h:325:1: note: declared here
  325 | rb_data_object_get_warning(VALUE obj)
      | ^~~~~~~~~~~~~~~~~~~~~~~~~~
In file included from /usr/share/rbenv/versions/3.4.4/include/ruby-3.4.0/ruby/internal/assume.h:29,
                 from /usr/share/rbenv/versions/3.4.4/include/ruby-3.4.0/ruby/backward/2/assume.h:24,
                 from /usr/share/rbenv/versions/3.4.4/include/ruby-3.4.0/ruby/defines.h:72,
                 from /usr/share/rbenv/versions/3.4.4/include/ruby-3.4.0/ruby/ruby.h:25,
                 from /usr/share/rbenv/versions/3.4.4/include/ruby-3.4.0/ruby.h:38,
                 from gpgme_n.c:39:
gpgme_n.c:95:31: warning: ‘rb_data_object_get_warning’ is deprecated: by TypedData [-Wdeprecated-declarations]
   95 |   Data_Get_Struct(vdh, struct gpgme_data, dh);
      |                               ^~~~~~~~~~
/usr/share/rbenv/versions/3.4.4/include/ruby-3.4.0/ruby/internal/cast.h:31:29: note: in definition of macro ‘RBIMPL_CAST’
   31 | # define RBIMPL_CAST(expr) (expr)
      |                             ^~~~
gpgme_n.c:95:3: note: in expansion of macro ‘Data_Get_Struct’
   95 |   Data_Get_Struct(vdh, struct gpgme_data, dh);
      |   ^~~~~~~~~~~~~~~
gpgme_n.c:1915:3: note: in expansion of macro ‘UNWRAP_GPGME_DATA’
 1915 |   UNWRAP_GPGME_DATA(vcipher, cipher);
      |   ^~~~~~~~~~~~~~~~~
In file included from /usr/share/rbenv/versions/3.4.4/include/ruby-3.4.0/ruby/internal/core.h:27,
                 from /usr/share/rbenv/versions/3.4.4/include/ruby-3.4.0/ruby/ruby.h:29,
                 from /usr/share/rbenv/versions/3.4.4/include/ruby-3.4.0/ruby.h:38,
                 from gpgme_n.c:39:
/usr/share/rbenv/versions/3.4.4/include/ruby-3.4.0/ruby/internal/core/rdata.h:325:1: note: declared here
  325 | rb_data_object_get_warning(VALUE obj)
      | ^~~~~~~~~~~~~~~~~~~~~~~~~~
In file included from /usr/share/rbenv/versions/3.4.4/include/ruby-3.4.0/ruby/internal/assume.h:29,
                 from /usr/share/rbenv/versions/3.4.4/include/ruby-3.4.0/ruby/backward/2/assume.h:24,
                 from /usr/share/rbenv/versions/3.4.4/include/ruby-3.4.0/ruby/defines.h:72,
                 from /usr/share/rbenv/versions/3.4.4/include/ruby-3.4.0/ruby/ruby.h:25,
                 from /usr/share/rbenv/versions/3.4.4/include/ruby-3.4.0/ruby.h:38,
                 from gpgme_n.c:39:
gpgme_n.c:95:31: warning: ‘rb_data_object_get_warning’ is deprecated: by TypedData [-Wdeprecated-declarations]
   95 |   Data_Get_Struct(vdh, struct gpgme_data, dh);
      |                               ^~~~~~~~~~
/usr/share/rbenv/versions/3.4.4/include/ruby-3.4.0/ruby/internal/cast.h:31:29: note: in definition of macro ‘RBIMPL_CAST’
   31 | # define RBIMPL_CAST(expr) (expr)
      |                             ^~~~
gpgme_n.c:95:3: note: in expansion of macro ‘Data_Get_Struct’
   95 |   Data_Get_Struct(vdh, struct gpgme_data, dh);
      |   ^~~~~~~~~~~~~~~
gpgme_n.c:1916:3: note: in expansion of macro ‘UNWRAP_GPGME_DATA’
 1916 |   UNWRAP_GPGME_DATA(vplain, plain);
      |   ^~~~~~~~~~~~~~~~~
In file included from /usr/share/rbenv/versions/3.4.4/include/ruby-3.4.0/ruby/internal/core.h:27,
                 from /usr/share/rbenv/versions/3.4.4/include/ruby-3.4.0/ruby/ruby.h:29,
                 from /usr/share/rbenv/versions/3.4.4/include/ruby-3.4.0/ruby.h:38,
                 from gpgme_n.c:39:
/usr/share/rbenv/versions/3.4.4/include/ruby-3.4.0/ruby/internal/core/rdata.h:325:1: note: declared here
  325 | rb_data_object_get_warning(VALUE obj)
      | ^~~~~~~~~~~~~~~~~~~~~~~~~~
In file included from /usr/share/rbenv/versions/3.4.4/include/ruby-3.4.0/ruby/internal/assume.h:29,
                 from /usr/share/rbenv/versions/3.4.4/include/ruby-3.4.0/ruby/backward/2/assume.h:24,
                 from /usr/share/rbenv/versions/3.4.4/include/ruby-3.4.0/ruby/defines.h:72,
                 from /usr/share/rbenv/versions/3.4.4/include/ruby-3.4.0/ruby/ruby.h:25,
                 from /usr/share/rbenv/versions/3.4.4/include/ruby-3.4.0/ruby.h:38,
                 from gpgme_n.c:39:
gpgme_n.c: In function ‘rb_s_gpgme_signers_clear’:
gpgme_n.c:101:32: warning: ‘rb_data_object_get_warning’ is deprecated: by TypedData [-Wdeprecated-declarations]
  101 |   Data_Get_Struct(vctx, struct gpgme_context, ctx)
      |                                ^~~~~~~~~~~~~
/usr/share/rbenv/versions/3.4.4/include/ruby-3.4.0/ruby/internal/cast.h:31:29: note: in definition of macro ‘RBIMPL_CAST’
   31 | # define RBIMPL_CAST(expr) (expr)
      |                             ^~~~
gpgme_n.c:101:3: note: in expansion of macro ‘Data_Get_Struct’
  101 |   Data_Get_Struct(vctx, struct gpgme_context, ctx)
      |   ^~~~~~~~~~~~~~~
gpgme_n.c:1927:3: note: in expansion of macro ‘UNWRAP_GPGME_CTX’
 1927 |   UNWRAP_GPGME_CTX(vctx, ctx);
      |   ^~~~~~~~~~~~~~~~
In file included from /usr/share/rbenv/versions/3.4.4/include/ruby-3.4.0/ruby/internal/core.h:27,
                 from /usr/share/rbenv/versions/3.4.4/include/ruby-3.4.0/ruby/ruby.h:29,
                 from /usr/share/rbenv/versions/3.4.4/include/ruby-3.4.0/ruby.h:38,
                 from gpgme_n.c:39:
/usr/share/rbenv/versions/3.4.4/include/ruby-3.4.0/ruby/internal/core/rdata.h:325:1: note: declared here
  325 | rb_data_object_get_warning(VALUE obj)
      | ^~~~~~~~~~~~~~~~~~~~~~~~~~
In file included from /usr/share/rbenv/versions/3.4.4/include/ruby-3.4.0/ruby/internal/assume.h:29,
                 from /usr/share/rbenv/versions/3.4.4/include/ruby-3.4.0/ruby/backward/2/assume.h:24,
                 from /usr/share/rbenv/versions/3.4.4/include/ruby-3.4.0/ruby/defines.h:72,
                 from /usr/share/rbenv/versions/3.4.4/include/ruby-3.4.0/ruby/ruby.h:25,
                 from /usr/share/rbenv/versions/3.4.4/include/ruby-3.4.0/ruby.h:38,
                 from gpgme_n.c:39:
gpgme_n.c: In function ‘rb_s_gpgme_signers_add’:
gpgme_n.c:101:32: warning: ‘rb_data_object_get_warning’ is deprecated: by TypedData [-Wdeprecated-declarations]
  101 |   Data_Get_Struct(vctx, struct gpgme_context, ctx)
      |                                ^~~~~~~~~~~~~
/usr/share/rbenv/versions/3.4.4/include/ruby-3.4.0/ruby/internal/cast.h:31:29: note: in definition of macro ‘RBIMPL_CAST’
   31 | # define RBIMPL_CAST(expr) (expr)
      |                             ^~~~
gpgme_n.c:101:3: note: in expansion of macro ‘Data_Get_Struct’
  101 |   Data_Get_Struct(vctx, struct gpgme_context, ctx)
      |   ^~~~~~~~~~~~~~~
gpgme_n.c:1941:3: note: in expansion of macro ‘UNWRAP_GPGME_CTX’
 1941 |   UNWRAP_GPGME_CTX(vctx, ctx);
      |   ^~~~~~~~~~~~~~~~
In file included from /usr/share/rbenv/versions/3.4.4/include/ruby-3.4.0/ruby/internal/core.h:27,
                 from /usr/share/rbenv/versions/3.4.4/include/ruby-3.4.0/ruby/ruby.h:29,
                 from /usr/share/rbenv/versions/3.4.4/include/ruby-3.4.0/ruby.h:38,
                 from gpgme_n.c:39:
/usr/share/rbenv/versions/3.4.4/include/ruby-3.4.0/ruby/internal/core/rdata.h:325:1: note: declared here
  325 | rb_data_object_get_warning(VALUE obj)
      | ^~~~~~~~~~~~~~~~~~~~~~~~~~
In file included from /usr/share/rbenv/versions/3.4.4/include/ruby-3.4.0/ruby/internal/assume.h:29,
                 from /usr/share/rbenv/versions/3.4.4/include/ruby-3.4.0/ruby/backward/2/assume.h:24,
                 from /usr/share/rbenv/versions/3.4.4/include/ruby-3.4.0/ruby/defines.h:72,
                 from /usr/share/rbenv/versions/3.4.4/include/ruby-3.4.0/ruby/ruby.h:25,
                 from /usr/share/rbenv/versions/3.4.4/include/ruby-3.4.0/ruby.h:38,
                 from gpgme_n.c:39:
gpgme_n.c:107:32: warning: ‘rb_data_object_get_warning’ is deprecated: by TypedData [-Wdeprecated-declarations]
  107 |   Data_Get_Struct(vkey, struct _gpgme_key, key)
      |                                ^~~~~~~~~~
/usr/share/rbenv/versions/3.4.4/include/ruby-3.4.0/ruby/internal/cast.h:31:29: note: in definition of macro ‘RBIMPL_CAST’
   31 | # define RBIMPL_CAST(expr) (expr)
      |                             ^~~~
gpgme_n.c:107:3: note: in expansion of macro ‘Data_Get_Struct’
  107 |   Data_Get_Struct(vkey, struct _gpgme_key, key)
      |   ^~~~~~~~~~~~~~~
gpgme_n.c:1944:3: note: in expansion of macro ‘UNWRAP_GPGME_KEY’
 1944 |   UNWRAP_GPGME_KEY(vkey, key);
      |   ^~~~~~~~~~~~~~~~
In file included from /usr/share/rbenv/versions/3.4.4/include/ruby-3.4.0/ruby/internal/core.h:27,
                 from /usr/share/rbenv/versions/3.4.4/include/ruby-3.4.0/ruby/ruby.h:29,
                 from /usr/share/rbenv/versions/3.4.4/include/ruby-3.4.0/ruby.h:38,
                 from gpgme_n.c:39:
/usr/share/rbenv/versions/3.4.4/include/ruby-3.4.0/ruby/internal/core/rdata.h:325:1: note: declared here
  325 | rb_data_object_get_warning(VALUE obj)
      | ^~~~~~~~~~~~~~~~~~~~~~~~~~
In file included from /usr/share/rbenv/versions/3.4.4/include/ruby-3.4.0/ruby/internal/assume.h:29,
                 from /usr/share/rbenv/versions/3.4.4/include/ruby-3.4.0/ruby/backward/2/assume.h:24,
                 from /usr/share/rbenv/versions/3.4.4/include/ruby-3.4.0/ruby/defines.h:72,
                 from /usr/share/rbenv/versions/3.4.4/include/ruby-3.4.0/ruby/ruby.h:25,
                 from /usr/share/rbenv/versions/3.4.4/include/ruby-3.4.0/ruby.h:38,
                 from gpgme_n.c:39:
gpgme_n.c: In function ‘rb_s_gpgme_signers_enum’:
gpgme_n.c:101:32: warning: ‘rb_data_object_get_warning’ is deprecated: by TypedData [-Wdeprecated-declarations]
  101 |   Data_Get_Struct(vctx, struct gpgme_context, ctx)
      |                                ^~~~~~~~~~~~~
/usr/share/rbenv/versions/3.4.4/include/ruby-3.4.0/ruby/internal/cast.h:31:29: note: in definition of macro ‘RBIMPL_CAST’
   31 | # define RBIMPL_CAST(expr) (expr)
      |                             ^~~~
gpgme_n.c:101:3: note: in expansion of macro ‘Data_Get_Struct’
  101 |   Data_Get_Struct(vctx, struct gpgme_context, ctx)
      |   ^~~~~~~~~~~~~~~
gpgme_n.c:1956:3: note: in expansion of macro ‘UNWRAP_GPGME_CTX’
 1956 |   UNWRAP_GPGME_CTX(vctx, ctx);
      |   ^~~~~~~~~~~~~~~~
In file included from /usr/share/rbenv/versions/3.4.4/include/ruby-3.4.0/ruby/internal/core.h:27,
                 from /usr/share/rbenv/versions/3.4.4/include/ruby-3.4.0/ruby/ruby.h:29,
                 from /usr/share/rbenv/versions/3.4.4/include/ruby-3.4.0/ruby.h:38,
                 from gpgme_n.c:39:
/usr/share/rbenv/versions/3.4.4/include/ruby-3.4.0/ruby/internal/core/rdata.h:325:1: note: declared here
  325 | rb_data_object_get_warning(VALUE obj)
      | ^~~~~~~~~~~~~~~~~~~~~~~~~~
gpgme_n.c:1963:3: warning: ‘rb_data_object_wrap_warning’ is deprecated: by TypedData [-Wdeprecated-declarations]
 1963 |   return WRAP_GPGME_KEY(key);
      |   ^~~~~~
In file included from /usr/share/rbenv/versions/3.4.4/include/ruby-3.4.0/ruby/internal/core.h:27,
                 from /usr/share/rbenv/versions/3.4.4/include/ruby-3.4.0/ruby/ruby.h:29,
                 from /usr/share/rbenv/versions/3.4.4/include/ruby-3.4.0/ruby.h:38,
                 from gpgme_n.c:39:
/usr/share/rbenv/versions/3.4.4/include/ruby-3.4.0/ruby/internal/core/rdata.h:293:1: note: declared here
  293 | rb_data_object_wrap_warning(VALUE klass, void *ptr, RUBY_DATA_FUNC mark, RUBY_DATA_FUNC free)
      | ^~~~~~~~~~~~~~~~~~~~~~~~~~~
In file included from /usr/share/rbenv/versions/3.4.4/include/ruby-3.4.0/ruby/internal/assume.h:29,
                 from /usr/share/rbenv/versions/3.4.4/include/ruby-3.4.0/ruby/backward/2/assume.h:24,
                 from /usr/share/rbenv/versions/3.4.4/include/ruby-3.4.0/ruby/defines.h:72,
                 from /usr/share/rbenv/versions/3.4.4/include/ruby-3.4.0/ruby/ruby.h:25,
                 from /usr/share/rbenv/versions/3.4.4/include/ruby-3.4.0/ruby.h:38,
                 from gpgme_n.c:39:
gpgme_n.c: In function ‘rb_s_gpgme_op_sign’:
gpgme_n.c:101:32: warning: ‘rb_data_object_get_warning’ is deprecated: by TypedData [-Wdeprecated-declarations]
  101 |   Data_Get_Struct(vctx, struct gpgme_context, ctx)
      |                                ^~~~~~~~~~~~~
/usr/share/rbenv/versions/3.4.4/include/ruby-3.4.0/ruby/internal/cast.h:31:29: note: in definition of macro ‘RBIMPL_CAST’
   31 | # define RBIMPL_CAST(expr) (expr)
      |                             ^~~~
gpgme_n.c:101:3: note: in expansion of macro ‘Data_Get_Struct’
  101 |   Data_Get_Struct(vctx, struct gpgme_context, ctx)
      |   ^~~~~~~~~~~~~~~
gpgme_n.c:1976:3: note: in expansion of macro ‘UNWRAP_GPGME_CTX’
 1976 |   UNWRAP_GPGME_CTX(vctx, ctx);
      |   ^~~~~~~~~~~~~~~~
In file included from /usr/share/rbenv/versions/3.4.4/include/ruby-3.4.0/ruby/internal/core.h:27,
                 from /usr/share/rbenv/versions/3.4.4/include/ruby-3.4.0/ruby/ruby.h:29,
                 from /usr/share/rbenv/versions/3.4.4/include/ruby-3.4.0/ruby.h:38,
                 from gpgme_n.c:39:
/usr/share/rbenv/versions/3.4.4/include/ruby-3.4.0/ruby/internal/core/rdata.h:325:1: note: declared here
  325 | rb_data_object_get_warning(VALUE obj)
      | ^~~~~~~~~~~~~~~~~~~~~~~~~~
In file included from /usr/share/rbenv/versions/3.4.4/include/ruby-3.4.0/ruby/internal/assume.h:29,
                 from /usr/share/rbenv/versions/3.4.4/include/ruby-3.4.0/ruby/backward/2/assume.h:24,
                 from /usr/share/rbenv/versions/3.4.4/include/ruby-3.4.0/ruby/defines.h:72,
                 from /usr/share/rbenv/versions/3.4.4/include/ruby-3.4.0/ruby/ruby.h:25,
                 from /usr/share/rbenv/versions/3.4.4/include/ruby-3.4.0/ruby.h:38,
                 from gpgme_n.c:39:
gpgme_n.c:95:31: warning: ‘rb_data_object_get_warning’ is deprecated: by TypedData [-Wdeprecated-declarations]
   95 |   Data_Get_Struct(vdh, struct gpgme_data, dh);
      |                               ^~~~~~~~~~
/usr/share/rbenv/versions/3.4.4/include/ruby-3.4.0/ruby/internal/cast.h:31:29: note: in definition of macro ‘RBIMPL_CAST’
   31 | # define RBIMPL_CAST(expr) (expr)
      |                             ^~~~
gpgme_n.c:95:3: note: in expansion of macro ‘Data_Get_Struct’
   95 |   Data_Get_Struct(vdh, struct gpgme_data, dh);
      |   ^~~~~~~~~~~~~~~
gpgme_n.c:1979:3: note: in expansion of macro ‘UNWRAP_GPGME_DATA’
 1979 |   UNWRAP_GPGME_DATA(vplain, plain);
      |   ^~~~~~~~~~~~~~~~~
In file included from /usr/share/rbenv/versions/3.4.4/include/ruby-3.4.0/ruby/internal/core.h:27,
                 from /usr/share/rbenv/versions/3.4.4/include/ruby-3.4.0/ruby/ruby.h:29,
                 from /usr/share/rbenv/versions/3.4.4/include/ruby-3.4.0/ruby.h:38,
                 from gpgme_n.c:39:
/usr/share/rbenv/versions/3.4.4/include/ruby-3.4.0/ruby/internal/core/rdata.h:325:1: note: declared here
  325 | rb_data_object_get_warning(VALUE obj)
      | ^~~~~~~~~~~~~~~~~~~~~~~~~~
In file included from /usr/share/rbenv/versions/3.4.4/include/ruby-3.4.0/ruby/internal/assume.h:29,
                 from /usr/share/rbenv/versions/3.4.4/include/ruby-3.4.0/ruby/backward/2/assume.h:24,
                 from /usr/share/rbenv/versions/3.4.4/include/ruby-3.4.0/ruby/defines.h:72,
                 from /usr/share/rbenv/versions/3.4.4/include/ruby-3.4.0/ruby/ruby.h:25,
                 from /usr/share/rbenv/versions/3.4.4/include/ruby-3.4.0/ruby.h:38,
                 from gpgme_n.c:39:
gpgme_n.c:95:31: warning: ‘rb_data_object_get_warning’ is deprecated: by TypedData [-Wdeprecated-declarations]
   95 |   Data_Get_Struct(vdh, struct gpgme_data, dh);
      |                               ^~~~~~~~~~
/usr/share/rbenv/versions/3.4.4/include/ruby-3.4.0/ruby/internal/cast.h:31:29: note: in definition of macro ‘RBIMPL_CAST’
   31 | # define RBIMPL_CAST(expr) (expr)
      |                             ^~~~
gpgme_n.c:95:3: note: in expansion of macro ‘Data_Get_Struct’
   95 |   Data_Get_Struct(vdh, struct gpgme_data, dh);
      |   ^~~~~~~~~~~~~~~
gpgme_n.c:1980:3: note: in expansion of macro ‘UNWRAP_GPGME_DATA’
 1980 |   UNWRAP_GPGME_DATA(vsig, sig);
      |   ^~~~~~~~~~~~~~~~~
In file included from /usr/share/rbenv/versions/3.4.4/include/ruby-3.4.0/ruby/internal/core.h:27,
                 from /usr/share/rbenv/versions/3.4.4/include/ruby-3.4.0/ruby/ruby.h:29,
                 from /usr/share/rbenv/versions/3.4.4/include/ruby-3.4.0/ruby.h:38,
                 from gpgme_n.c:39:
/usr/share/rbenv/versions/3.4.4/include/ruby-3.4.0/ruby/internal/core/rdata.h:325:1: note: declared here
  325 | rb_data_object_get_warning(VALUE obj)
      | ^~~~~~~~~~~~~~~~~~~~~~~~~~
In file included from /usr/share/rbenv/versions/3.4.4/include/ruby-3.4.0/ruby/internal/assume.h:29,
                 from /usr/share/rbenv/versions/3.4.4/include/ruby-3.4.0/ruby/backward/2/assume.h:24,
                 from /usr/share/rbenv/versions/3.4.4/include/ruby-3.4.0/ruby/defines.h:72,
                 from /usr/share/rbenv/versions/3.4.4/include/ruby-3.4.0/ruby/ruby.h:25,
                 from /usr/share/rbenv/versions/3.4.4/include/ruby-3.4.0/ruby.h:38,
                 from gpgme_n.c:39:
gpgme_n.c: In function ‘rb_s_gpgme_op_sign_start’:
gpgme_n.c:101:32: warning: ‘rb_data_object_get_warning’ is deprecated: by TypedData [-Wdeprecated-declarations]
  101 |   Data_Get_Struct(vctx, struct gpgme_context, ctx)
      |                                ^~~~~~~~~~~~~
/usr/share/rbenv/versions/3.4.4/include/ruby-3.4.0/ruby/internal/cast.h:31:29: note: in definition of macro ‘RBIMPL_CAST’
   31 | # define RBIMPL_CAST(expr) (expr)
      |                             ^~~~
gpgme_n.c:101:3: note: in expansion of macro ‘Data_Get_Struct’
  101 |   Data_Get_Struct(vctx, struct gpgme_context, ctx)
      |   ^~~~~~~~~~~~~~~
gpgme_n.c:1996:3: note: in expansion of macro ‘UNWRAP_GPGME_CTX’
 1996 |   UNWRAP_GPGME_CTX(vctx, ctx);
      |   ^~~~~~~~~~~~~~~~
In file included from /usr/share/rbenv/versions/3.4.4/include/ruby-3.4.0/ruby/internal/core.h:27,
                 from /usr/share/rbenv/versions/3.4.4/include/ruby-3.4.0/ruby/ruby.h:29,
                 from /usr/share/rbenv/versions/3.4.4/include/ruby-3.4.0/ruby.h:38,
                 from gpgme_n.c:39:
/usr/share/rbenv/versions/3.4.4/include/ruby-3.4.0/ruby/internal/core/rdata.h:325:1: note: declared here
  325 | rb_data_object_get_warning(VALUE obj)
      | ^~~~~~~~~~~~~~~~~~~~~~~~~~
In file included from /usr/share/rbenv/versions/3.4.4/include/ruby-3.4.0/ruby/internal/assume.h:29,
                 from /usr/share/rbenv/versions/3.4.4/include/ruby-3.4.0/ruby/backward/2/assume.h:24,
                 from /usr/share/rbenv/versions/3.4.4/include/ruby-3.4.0/ruby/defines.h:72,
                 from /usr/share/rbenv/versions/3.4.4/include/ruby-3.4.0/ruby/ruby.h:25,
                 from /usr/share/rbenv/versions/3.4.4/include/ruby-3.4.0/ruby.h:38,
                 from gpgme_n.c:39:
gpgme_n.c:95:31: warning: ‘rb_data_object_get_warning’ is deprecated: by TypedData [-Wdeprecated-declarations]
   95 |   Data_Get_Struct(vdh, struct gpgme_data, dh);
      |                               ^~~~~~~~~~
/usr/share/rbenv/versions/3.4.4/include/ruby-3.4.0/ruby/internal/cast.h:31:29: note: in definition of macro ‘RBIMPL_CAST’
   31 | # define RBIMPL_CAST(expr) (expr)
      |                             ^~~~
gpgme_n.c:95:3: note: in expansion of macro ‘Data_Get_Struct’
   95 |   Data_Get_Struct(vdh, struct gpgme_data, dh);
      |   ^~~~~~~~~~~~~~~
gpgme_n.c:1999:3: note: in expansion of macro ‘UNWRAP_GPGME_DATA’
 1999 |   UNWRAP_GPGME_DATA(vplain, plain);
      |   ^~~~~~~~~~~~~~~~~
In file included from /usr/share/rbenv/versions/3.4.4/include/ruby-3.4.0/ruby/internal/core.h:27,
                 from /usr/share/rbenv/versions/3.4.4/include/ruby-3.4.0/ruby/ruby.h:29,
                 from /usr/share/rbenv/versions/3.4.4/include/ruby-3.4.0/ruby.h:38,
                 from gpgme_n.c:39:
/usr/share/rbenv/versions/3.4.4/include/ruby-3.4.0/ruby/internal/core/rdata.h:325:1: note: declared here
  325 | rb_data_object_get_warning(VALUE obj)
      | ^~~~~~~~~~~~~~~~~~~~~~~~~~
In file included from /usr/share/rbenv/versions/3.4.4/include/ruby-3.4.0/ruby/internal/assume.h:29,
                 from /usr/share/rbenv/versions/3.4.4/include/ruby-3.4.0/ruby/backward/2/assume.h:24,
                 from /usr/share/rbenv/versions/3.4.4/include/ruby-3.4.0/ruby/defines.h:72,
                 from /usr/share/rbenv/versions/3.4.4/include/ruby-3.4.0/ruby/ruby.h:25,
                 from /usr/share/rbenv/versions/3.4.4/include/ruby-3.4.0/ruby.h:38,
                 from gpgme_n.c:39:
gpgme_n.c:95:31: warning: ‘rb_data_object_get_warning’ is deprecated: by TypedData [-Wdeprecated-declarations]
   95 |   Data_Get_Struct(vdh, struct gpgme_data, dh);
      |                               ^~~~~~~~~~
/usr/share/rbenv/versions/3.4.4/include/ruby-3.4.0/ruby/internal/cast.h:31:29: note: in definition of macro ‘RBIMPL_CAST’
   31 | # define RBIMPL_CAST(expr) (expr)
      |                             ^~~~
gpgme_n.c:95:3: note: in expansion of macro ‘Data_Get_Struct’
   95 |   Data_Get_Struct(vdh, struct gpgme_data, dh);
      |   ^~~~~~~~~~~~~~~
gpgme_n.c:2000:3: note: in expansion of macro ‘UNWRAP_GPGME_DATA’
 2000 |   UNWRAP_GPGME_DATA(vsig, sig);
      |   ^~~~~~~~~~~~~~~~~
In file included from /usr/share/rbenv/versions/3.4.4/include/ruby-3.4.0/ruby/internal/core.h:27,
                 from /usr/share/rbenv/versions/3.4.4/include/ruby-3.4.0/ruby/ruby.h:29,
                 from /usr/share/rbenv/versions/3.4.4/include/ruby-3.4.0/ruby.h:38,
                 from gpgme_n.c:39:
/usr/share/rbenv/versions/3.4.4/include/ruby-3.4.0/ruby/internal/core/rdata.h:325:1: note: declared here
  325 | rb_data_object_get_warning(VALUE obj)
      | ^~~~~~~~~~~~~~~~~~~~~~~~~~
In file included from /usr/share/rbenv/versions/3.4.4/include/ruby-3.4.0/ruby/internal/assume.h:29,
                 from /usr/share/rbenv/versions/3.4.4/include/ruby-3.4.0/ruby/backward/2/assume.h:24,
                 from /usr/share/rbenv/versions/3.4.4/include/ruby-3.4.0/ruby/defines.h:72,
                 from /usr/share/rbenv/versions/3.4.4/include/ruby-3.4.0/ruby/ruby.h:25,
                 from /usr/share/rbenv/versions/3.4.4/include/ruby-3.4.0/ruby.h:38,
                 from gpgme_n.c:39:
gpgme_n.c: In function ‘rb_s_gpgme_op_sign_result’:
gpgme_n.c:101:32: warning: ‘rb_data_object_get_warning’ is deprecated: by TypedData [-Wdeprecated-declarations]
  101 |   Data_Get_Struct(vctx, struct gpgme_context, ctx)
      |                                ^~~~~~~~~~~~~
/usr/share/rbenv/versions/3.4.4/include/ruby-3.4.0/ruby/internal/cast.h:31:29: note: in definition of macro ‘RBIMPL_CAST’
   31 | # define RBIMPL_CAST(expr) (expr)
      |                             ^~~~
gpgme_n.c:101:3: note: in expansion of macro ‘Data_Get_Struct’
  101 |   Data_Get_Struct(vctx, struct gpgme_context, ctx)
      |   ^~~~~~~~~~~~~~~
gpgme_n.c:2015:3: note: in expansion of macro ‘UNWRAP_GPGME_CTX’
 2015 |   UNWRAP_GPGME_CTX(vctx, ctx);
      |   ^~~~~~~~~~~~~~~~
In file included from /usr/share/rbenv/versions/3.4.4/include/ruby-3.4.0/ruby/internal/core.h:27,
                 from /usr/share/rbenv/versions/3.4.4/include/ruby-3.4.0/ruby/ruby.h:29,
                 from /usr/share/rbenv/versions/3.4.4/include/ruby-3.4.0/ruby.h:38,
                 from gpgme_n.c:39:
/usr/share/rbenv/versions/3.4.4/include/ruby-3.4.0/ruby/internal/core/rdata.h:325:1: note: declared here
  325 | rb_data_object_get_warning(VALUE obj)
      | ^~~~~~~~~~~~~~~~~~~~~~~~~~
In file included from /usr/share/rbenv/versions/3.4.4/include/ruby-3.4.0/ruby/internal/assume.h:29,
                 from /usr/share/rbenv/versions/3.4.4/include/ruby-3.4.0/ruby/backward/2/assume.h:24,
                 from /usr/share/rbenv/versions/3.4.4/include/ruby-3.4.0/ruby/defines.h:72,
                 from /usr/share/rbenv/versions/3.4.4/include/ruby-3.4.0/ruby/ruby.h:25,
                 from /usr/share/rbenv/versions/3.4.4/include/ruby-3.4.0/ruby.h:38,
                 from gpgme_n.c:39:
gpgme_n.c: In function ‘rb_s_gpgme_op_encrypt’:
gpgme_n.c:101:32: warning: ‘rb_data_object_get_warning’ is deprecated: by TypedData [-Wdeprecated-declarations]
  101 |   Data_Get_Struct(vctx, struct gpgme_context, ctx)
      |                                ^~~~~~~~~~~~~
/usr/share/rbenv/versions/3.4.4/include/ruby-3.4.0/ruby/internal/cast.h:31:29: note: in definition of macro ‘RBIMPL_CAST’
   31 | # define RBIMPL_CAST(expr) (expr)
      |                             ^~~~
gpgme_n.c:101:3: note: in expansion of macro ‘Data_Get_Struct’
  101 |   Data_Get_Struct(vctx, struct gpgme_context, ctx)
      |   ^~~~~~~~~~~~~~~
gpgme_n.c:2068:3: note: in expansion of macro ‘UNWRAP_GPGME_CTX’
 2068 |   UNWRAP_GPGME_CTX(vctx, ctx);
      |   ^~~~~~~~~~~~~~~~
In file included from /usr/share/rbenv/versions/3.4.4/include/ruby-3.4.0/ruby/internal/core.h:27,
                 from /usr/share/rbenv/versions/3.4.4/include/ruby-3.4.0/ruby/ruby.h:29,
                 from /usr/share/rbenv/versions/3.4.4/include/ruby-3.4.0/ruby.h:38,
                 from gpgme_n.c:39:
/usr/share/rbenv/versions/3.4.4/include/ruby-3.4.0/ruby/internal/core/rdata.h:325:1: note: declared here
  325 | rb_data_object_get_warning(VALUE obj)
      | ^~~~~~~~~~~~~~~~~~~~~~~~~~
In file included from /usr/share/rbenv/versions/3.4.4/include/ruby-3.4.0/ruby/internal/assume.h:29,
                 from /usr/share/rbenv/versions/3.4.4/include/ruby-3.4.0/ruby/backward/2/assume.h:24,
                 from /usr/share/rbenv/versions/3.4.4/include/ruby-3.4.0/ruby/defines.h:72,
                 from /usr/share/rbenv/versions/3.4.4/include/ruby-3.4.0/ruby/ruby.h:25,
                 from /usr/share/rbenv/versions/3.4.4/include/ruby-3.4.0/ruby.h:38,
                 from gpgme_n.c:39:
gpgme_n.c:107:32: warning: ‘rb_data_object_get_warning’ is deprecated: by TypedData [-Wdeprecated-declarations]
  107 |   Data_Get_Struct(vkey, struct _gpgme_key, key)
      |                                ^~~~~~~~~~
/usr/share/rbenv/versions/3.4.4/include/ruby-3.4.0/ruby/internal/cast.h:31:29: note: in definition of macro ‘RBIMPL_CAST’
   31 | # define RBIMPL_CAST(expr) (expr)
      |                             ^~~~
gpgme_n.c:107:3: note: in expansion of macro ‘Data_Get_Struct’
  107 |   Data_Get_Struct(vkey, struct _gpgme_key, key)
      |   ^~~~~~~~~~~~~~~
gpgme_n.c:2078:9: note: in expansion of macro ‘UNWRAP_GPGME_KEY’
 2078 |         UNWRAP_GPGME_KEY(RARRAY_PTR(vrecp)[i], recp[i]);
      |         ^~~~~~~~~~~~~~~~
In file included from /usr/share/rbenv/versions/3.4.4/include/ruby-3.4.0/ruby/internal/core.h:27,
                 from /usr/share/rbenv/versions/3.4.4/include/ruby-3.4.0/ruby/ruby.h:29,
                 from /usr/share/rbenv/versions/3.4.4/include/ruby-3.4.0/ruby.h:38,
                 from gpgme_n.c:39:
/usr/share/rbenv/versions/3.4.4/include/ruby-3.4.0/ruby/internal/core/rdata.h:325:1: note: declared here
  325 | rb_data_object_get_warning(VALUE obj)
      | ^~~~~~~~~~~~~~~~~~~~~~~~~~
In file included from /usr/share/rbenv/versions/3.4.4/include/ruby-3.4.0/ruby/internal/assume.h:29,
                 from /usr/share/rbenv/versions/3.4.4/include/ruby-3.4.0/ruby/backward/2/assume.h:24,
                 from /usr/share/rbenv/versions/3.4.4/include/ruby-3.4.0/ruby/defines.h:72,
                 from /usr/share/rbenv/versions/3.4.4/include/ruby-3.4.0/ruby/ruby.h:25,
                 from /usr/share/rbenv/versions/3.4.4/include/ruby-3.4.0/ruby.h:38,
                 from gpgme_n.c:39:
gpgme_n.c:95:31: warning: ‘rb_data_object_get_warning’ is deprecated: by TypedData [-Wdeprecated-declarations]
   95 |   Data_Get_Struct(vdh, struct gpgme_data, dh);
      |                               ^~~~~~~~~~
/usr/share/rbenv/versions/3.4.4/include/ruby-3.4.0/ruby/internal/cast.h:31:29: note: in definition of macro ‘RBIMPL_CAST’
   31 | # define RBIMPL_CAST(expr) (expr)
      |                             ^~~~
gpgme_n.c:95:3: note: in expansion of macro ‘Data_Get_Struct’
   95 |   Data_Get_Struct(vdh, struct gpgme_data, dh);
      |   ^~~~~~~~~~~~~~~
gpgme_n.c:2081:3: note: in expansion of macro ‘UNWRAP_GPGME_DATA’
 2081 |   UNWRAP_GPGME_DATA(vplain, plain);
      |   ^~~~~~~~~~~~~~~~~
In file included from /usr/share/rbenv/versions/3.4.4/include/ruby-3.4.0/ruby/internal/core.h:27,
                 from /usr/share/rbenv/versions/3.4.4/include/ruby-3.4.0/ruby/ruby.h:29,
                 from /usr/share/rbenv/versions/3.4.4/include/ruby-3.4.0/ruby.h:38,
                 from gpgme_n.c:39:
/usr/share/rbenv/versions/3.4.4/include/ruby-3.4.0/ruby/internal/core/rdata.h:325:1: note: declared here
  325 | rb_data_object_get_warning(VALUE obj)
      | ^~~~~~~~~~~~~~~~~~~~~~~~~~
In file included from /usr/share/rbenv/versions/3.4.4/include/ruby-3.4.0/ruby/internal/assume.h:29,
                 from /usr/share/rbenv/versions/3.4.4/include/ruby-3.4.0/ruby/backward/2/assume.h:24,
                 from /usr/share/rbenv/versions/3.4.4/include/ruby-3.4.0/ruby/defines.h:72,
                 from /usr/share/rbenv/versions/3.4.4/include/ruby-3.4.0/ruby/ruby.h:25,
                 from /usr/share/rbenv/versions/3.4.4/include/ruby-3.4.0/ruby.h:38,
                 from gpgme_n.c:39:
gpgme_n.c:95:31: warning: ‘rb_data_object_get_warning’ is deprecated: by TypedData [-Wdeprecated-declarations]
   95 |   Data_Get_Struct(vdh, struct gpgme_data, dh);
      |                               ^~~~~~~~~~
/usr/share/rbenv/versions/3.4.4/include/ruby-3.4.0/ruby/internal/cast.h:31:29: note: in definition of macro ‘RBIMPL_CAST’
   31 | # define RBIMPL_CAST(expr) (expr)
      |                             ^~~~
gpgme_n.c:95:3: note: in expansion of macro ‘Data_Get_Struct’
   95 |   Data_Get_Struct(vdh, struct gpgme_data, dh);
      |   ^~~~~~~~~~~~~~~
gpgme_n.c:2082:3: note: in expansion of macro ‘UNWRAP_GPGME_DATA’
 2082 |   UNWRAP_GPGME_DATA(vcipher, cipher);
      |   ^~~~~~~~~~~~~~~~~
In file included from /usr/share/rbenv/versions/3.4.4/include/ruby-3.4.0/ruby/internal/core.h:27,
                 from /usr/share/rbenv/versions/3.4.4/include/ruby-3.4.0/ruby/ruby.h:29,
                 from /usr/share/rbenv/versions/3.4.4/include/ruby-3.4.0/ruby.h:38,
                 from gpgme_n.c:39:
/usr/share/rbenv/versions/3.4.4/include/ruby-3.4.0/ruby/internal/core/rdata.h:325:1: note: declared here
  325 | rb_data_object_get_warning(VALUE obj)
      | ^~~~~~~~~~~~~~~~~~~~~~~~~~
In file included from /usr/share/rbenv/versions/3.4.4/include/ruby-3.4.0/ruby/internal/assume.h:29,
                 from /usr/share/rbenv/versions/3.4.4/include/ruby-3.4.0/ruby/backward/2/assume.h:24,
                 from /usr/share/rbenv/versions/3.4.4/include/ruby-3.4.0/ruby/defines.h:72,
                 from /usr/share/rbenv/versions/3.4.4/include/ruby-3.4.0/ruby/ruby.h:25,
                 from /usr/share/rbenv/versions/3.4.4/include/ruby-3.4.0/ruby.h:38,
                 from gpgme_n.c:39:
gpgme_n.c: In function ‘rb_s_gpgme_op_encrypt_start’:
gpgme_n.c:101:32: warning: ‘rb_data_object_get_warning’ is deprecated: by TypedData [-Wdeprecated-declarations]
  101 |   Data_Get_Struct(vctx, struct gpgme_context, ctx)
      |                                ^~~~~~~~~~~~~
/usr/share/rbenv/versions/3.4.4/include/ruby-3.4.0/ruby/internal/cast.h:31:29: note: in definition of macro ‘RBIMPL_CAST’
   31 | # define RBIMPL_CAST(expr) (expr)
      |                             ^~~~
gpgme_n.c:101:3: note: in expansion of macro ‘Data_Get_Struct’
  101 |   Data_Get_Struct(vctx, struct gpgme_context, ctx)
      |   ^~~~~~~~~~~~~~~
gpgme_n.c:2101:3: note: in expansion of macro ‘UNWRAP_GPGME_CTX’
 2101 |   UNWRAP_GPGME_CTX(vctx, ctx);
      |   ^~~~~~~~~~~~~~~~
In file included from /usr/share/rbenv/versions/3.4.4/include/ruby-3.4.0/ruby/internal/core.h:27,
                 from /usr/share/rbenv/versions/3.4.4/include/ruby-3.4.0/ruby/ruby.h:29,
                 from /usr/share/rbenv/versions/3.4.4/include/ruby-3.4.0/ruby.h:38,
                 from gpgme_n.c:39:
/usr/share/rbenv/versions/3.4.4/include/ruby-3.4.0/ruby/internal/core/rdata.h:325:1: note: declared here
  325 | rb_data_object_get_warning(VALUE obj)
      | ^~~~~~~~~~~~~~~~~~~~~~~~~~
In file included from /usr/share/rbenv/versions/3.4.4/include/ruby-3.4.0/ruby/internal/assume.h:29,
                 from /usr/share/rbenv/versions/3.4.4/include/ruby-3.4.0/ruby/backward/2/assume.h:24,
                 from /usr/share/rbenv/versions/3.4.4/include/ruby-3.4.0/ruby/defines.h:72,
                 from /usr/share/rbenv/versions/3.4.4/include/ruby-3.4.0/ruby/ruby.h:25,
                 from /usr/share/rbenv/versions/3.4.4/include/ruby-3.4.0/ruby.h:38,
                 from gpgme_n.c:39:
gpgme_n.c:107:32: warning: ‘rb_data_object_get_warning’ is deprecated: by TypedData [-Wdeprecated-declarations]
  107 |   Data_Get_Struct(vkey, struct _gpgme_key, key)
      |                                ^~~~~~~~~~
/usr/share/rbenv/versions/3.4.4/include/ruby-3.4.0/ruby/internal/cast.h:31:29: note: in definition of macro ‘RBIMPL_CAST’
   31 | # define RBIMPL_CAST(expr) (expr)
      |                             ^~~~
gpgme_n.c:107:3: note: in expansion of macro ‘Data_Get_Struct’
  107 |   Data_Get_Struct(vkey, struct _gpgme_key, key)
      |   ^~~~~~~~~~~~~~~
gpgme_n.c:2111:9: note: in expansion of macro ‘UNWRAP_GPGME_KEY’
 2111 |         UNWRAP_GPGME_KEY(RARRAY_PTR(vrecp)[i], recp[i]);
      |         ^~~~~~~~~~~~~~~~
In file included from /usr/share/rbenv/versions/3.4.4/include/ruby-3.4.0/ruby/internal/core.h:27,
                 from /usr/share/rbenv/versions/3.4.4/include/ruby-3.4.0/ruby/ruby.h:29,
                 from /usr/share/rbenv/versions/3.4.4/include/ruby-3.4.0/ruby.h:38,
                 from gpgme_n.c:39:
/usr/share/rbenv/versions/3.4.4/include/ruby-3.4.0/ruby/internal/core/rdata.h:325:1: note: declared here
  325 | rb_data_object_get_warning(VALUE obj)
      | ^~~~~~~~~~~~~~~~~~~~~~~~~~
In file included from /usr/share/rbenv/versions/3.4.4/include/ruby-3.4.0/ruby/internal/assume.h:29,
                 from /usr/share/rbenv/versions/3.4.4/include/ruby-3.4.0/ruby/backward/2/assume.h:24,
                 from /usr/share/rbenv/versions/3.4.4/include/ruby-3.4.0/ruby/defines.h:72,
                 from /usr/share/rbenv/versions/3.4.4/include/ruby-3.4.0/ruby/ruby.h:25,
                 from /usr/share/rbenv/versions/3.4.4/include/ruby-3.4.0/ruby.h:38,
                 from gpgme_n.c:39:
gpgme_n.c:95:31: warning: ‘rb_data_object_get_warning’ is deprecated: by TypedData [-Wdeprecated-declarations]
   95 |   Data_Get_Struct(vdh, struct gpgme_data, dh);
      |                               ^~~~~~~~~~
/usr/share/rbenv/versions/3.4.4/include/ruby-3.4.0/ruby/internal/cast.h:31:29: note: in definition of macro ‘RBIMPL_CAST’
   31 | # define RBIMPL_CAST(expr) (expr)
      |                             ^~~~
gpgme_n.c:95:3: note: in expansion of macro ‘Data_Get_Struct’
   95 |   Data_Get_Struct(vdh, struct gpgme_data, dh);
      |   ^~~~~~~~~~~~~~~
gpgme_n.c:2114:3: note: in expansion of macro ‘UNWRAP_GPGME_DATA’
 2114 |   UNWRAP_GPGME_DATA(vplain, plain);
      |   ^~~~~~~~~~~~~~~~~
In file included from /usr/share/rbenv/versions/3.4.4/include/ruby-3.4.0/ruby/internal/core.h:27,
                 from /usr/share/rbenv/versions/3.4.4/include/ruby-3.4.0/ruby/ruby.h:29,
                 from /usr/share/rbenv/versions/3.4.4/include/ruby-3.4.0/ruby.h:38,
                 from gpgme_n.c:39:
/usr/share/rbenv/versions/3.4.4/include/ruby-3.4.0/ruby/internal/core/rdata.h:325:1: note: declared here
  325 | rb_data_object_get_warning(VALUE obj)
      | ^~~~~~~~~~~~~~~~~~~~~~~~~~
In file included from /usr/share/rbenv/versions/3.4.4/include/ruby-3.4.0/ruby/internal/assume.h:29,
                 from /usr/share/rbenv/versions/3.4.4/include/ruby-3.4.0/ruby/backward/2/assume.h:24,
                 from /usr/share/rbenv/versions/3.4.4/include/ruby-3.4.0/ruby/defines.h:72,
                 from /usr/share/rbenv/versions/3.4.4/include/ruby-3.4.0/ruby/ruby.h:25,
                 from /usr/share/rbenv/versions/3.4.4/include/ruby-3.4.0/ruby.h:38,
                 from gpgme_n.c:39:
gpgme_n.c:95:31: warning: ‘rb_data_object_get_warning’ is deprecated: by TypedData [-Wdeprecated-declarations]
   95 |   Data_Get_Struct(vdh, struct gpgme_data, dh);
      |                               ^~~~~~~~~~
/usr/share/rbenv/versions/3.4.4/include/ruby-3.4.0/ruby/internal/cast.h:31:29: note: in definition of macro ‘RBIMPL_CAST’
   31 | # define RBIMPL_CAST(expr) (expr)
      |                             ^~~~
gpgme_n.c:95:3: note: in expansion of macro ‘Data_Get_Struct’
   95 |   Data_Get_Struct(vdh, struct gpgme_data, dh);
      |   ^~~~~~~~~~~~~~~
gpgme_n.c:2115:3: note: in expansion of macro ‘UNWRAP_GPGME_DATA’
 2115 |   UNWRAP_GPGME_DATA(vcipher, cipher);
      |   ^~~~~~~~~~~~~~~~~
In file included from /usr/share/rbenv/versions/3.4.4/include/ruby-3.4.0/ruby/internal/core.h:27,
                 from /usr/share/rbenv/versions/3.4.4/include/ruby-3.4.0/ruby/ruby.h:29,
                 from /usr/share/rbenv/versions/3.4.4/include/ruby-3.4.0/ruby.h:38,
                 from gpgme_n.c:39:
/usr/share/rbenv/versions/3.4.4/include/ruby-3.4.0/ruby/internal/core/rdata.h:325:1: note: declared here
  325 | rb_data_object_get_warning(VALUE obj)
      | ^~~~~~~~~~~~~~~~~~~~~~~~~~
In file included from /usr/share/rbenv/versions/3.4.4/include/ruby-3.4.0/ruby/internal/assume.h:29,
                 from /usr/share/rbenv/versions/3.4.4/include/ruby-3.4.0/ruby/backward/2/assume.h:24,
                 from /usr/share/rbenv/versions/3.4.4/include/ruby-3.4.0/ruby/defines.h:72,
                 from /usr/share/rbenv/versions/3.4.4/include/ruby-3.4.0/ruby/ruby.h:25,
                 from /usr/share/rbenv/versions/3.4.4/include/ruby-3.4.0/ruby.h:38,
                 from gpgme_n.c:39:
gpgme_n.c: In function ‘rb_s_gpgme_op_encrypt_result’:
gpgme_n.c:101:32: warning: ‘rb_data_object_get_warning’ is deprecated: by TypedData [-Wdeprecated-declarations]
  101 |   Data_Get_Struct(vctx, struct gpgme_context, ctx)
      |                                ^~~~~~~~~~~~~
/usr/share/rbenv/versions/3.4.4/include/ruby-3.4.0/ruby/internal/cast.h:31:29: note: in definition of macro ‘RBIMPL_CAST’
   31 | # define RBIMPL_CAST(expr) (expr)
      |                             ^~~~
gpgme_n.c:101:3: note: in expansion of macro ‘Data_Get_Struct’
  101 |   Data_Get_Struct(vctx, struct gpgme_context, ctx)
      |   ^~~~~~~~~~~~~~~
gpgme_n.c:2133:3: note: in expansion of macro ‘UNWRAP_GPGME_CTX’
 2133 |   UNWRAP_GPGME_CTX(vctx, ctx);
      |   ^~~~~~~~~~~~~~~~
In file included from /usr/share/rbenv/versions/3.4.4/include/ruby-3.4.0/ruby/internal/core.h:27,
                 from /usr/share/rbenv/versions/3.4.4/include/ruby-3.4.0/ruby/ruby.h:29,
                 from /usr/share/rbenv/versions/3.4.4/include/ruby-3.4.0/ruby.h:38,
                 from gpgme_n.c:39:
/usr/share/rbenv/versions/3.4.4/include/ruby-3.4.0/ruby/internal/core/rdata.h:325:1: note: declared here
  325 | rb_data_object_get_warning(VALUE obj)
      | ^~~~~~~~~~~~~~~~~~~~~~~~~~
In file included from /usr/share/rbenv/versions/3.4.4/include/ruby-3.4.0/ruby/internal/assume.h:29,
                 from /usr/share/rbenv/versions/3.4.4/include/ruby-3.4.0/ruby/backward/2/assume.h:24,
                 from /usr/share/rbenv/versions/3.4.4/include/ruby-3.4.0/ruby/defines.h:72,
                 from /usr/share/rbenv/versions/3.4.4/include/ruby-3.4.0/ruby/ruby.h:25,
                 from /usr/share/rbenv/versions/3.4.4/include/ruby-3.4.0/ruby.h:38,
                 from gpgme_n.c:39:
gpgme_n.c: In function ‘rb_s_gpgme_op_encrypt_sign’:
gpgme_n.c:101:32: warning: ‘rb_data_object_get_warning’ is deprecated: by TypedData [-Wdeprecated-declarations]
  101 |   Data_Get_Struct(vctx, struct gpgme_context, ctx)
      |                                ^~~~~~~~~~~~~
/usr/share/rbenv/versions/3.4.4/include/ruby-3.4.0/ruby/internal/cast.h:31:29: note: in definition of macro ‘RBIMPL_CAST’
   31 | # define RBIMPL_CAST(expr) (expr)
      |                             ^~~~
gpgme_n.c:101:3: note: in expansion of macro ‘Data_Get_Struct’
  101 |   Data_Get_Struct(vctx, struct gpgme_context, ctx)
      |   ^~~~~~~~~~~~~~~
gpgme_n.c:2167:3: note: in expansion of macro ‘UNWRAP_GPGME_CTX’
 2167 |   UNWRAP_GPGME_CTX(vctx, ctx);
      |   ^~~~~~~~~~~~~~~~
In file included from /usr/share/rbenv/versions/3.4.4/include/ruby-3.4.0/ruby/internal/core.h:27,
                 from /usr/share/rbenv/versions/3.4.4/include/ruby-3.4.0/ruby/ruby.h:29,
                 from /usr/share/rbenv/versions/3.4.4/include/ruby-3.4.0/ruby.h:38,
                 from gpgme_n.c:39:
/usr/share/rbenv/versions/3.4.4/include/ruby-3.4.0/ruby/internal/core/rdata.h:325:1: note: declared here
  325 | rb_data_object_get_warning(VALUE obj)
      | ^~~~~~~~~~~~~~~~~~~~~~~~~~
In file included from /usr/share/rbenv/versions/3.4.4/include/ruby-3.4.0/ruby/internal/assume.h:29,
                 from /usr/share/rbenv/versions/3.4.4/include/ruby-3.4.0/ruby/backward/2/assume.h:24,
                 from /usr/share/rbenv/versions/3.4.4/include/ruby-3.4.0/ruby/defines.h:72,
                 from /usr/share/rbenv/versions/3.4.4/include/ruby-3.4.0/ruby/ruby.h:25,
                 from /usr/share/rbenv/versions/3.4.4/include/ruby-3.4.0/ruby.h:38,
                 from gpgme_n.c:39:
gpgme_n.c:107:32: warning: ‘rb_data_object_get_warning’ is deprecated: by TypedData [-Wdeprecated-declarations]
  107 |   Data_Get_Struct(vkey, struct _gpgme_key, key)
      |                                ^~~~~~~~~~
/usr/share/rbenv/versions/3.4.4/include/ruby-3.4.0/ruby/internal/cast.h:31:29: note: in definition of macro ‘RBIMPL_CAST’
   31 | # define RBIMPL_CAST(expr) (expr)
      |                             ^~~~
gpgme_n.c:107:3: note: in expansion of macro ‘Data_Get_Struct’
  107 |   Data_Get_Struct(vkey, struct _gpgme_key, key)
      |   ^~~~~~~~~~~~~~~
gpgme_n.c:2177:9: note: in expansion of macro ‘UNWRAP_GPGME_KEY’
 2177 |         UNWRAP_GPGME_KEY(RARRAY_PTR(vrecp)[i], recp[i]);
      |         ^~~~~~~~~~~~~~~~
In file included from /usr/share/rbenv/versions/3.4.4/include/ruby-3.4.0/ruby/internal/core.h:27,
                 from /usr/share/rbenv/versions/3.4.4/include/ruby-3.4.0/ruby/ruby.h:29,
                 from /usr/share/rbenv/versions/3.4.4/include/ruby-3.4.0/ruby.h:38,
                 from gpgme_n.c:39:
/usr/share/rbenv/versions/3.4.4/include/ruby-3.4.0/ruby/internal/core/rdata.h:325:1: note: declared here
  325 | rb_data_object_get_warning(VALUE obj)
      | ^~~~~~~~~~~~~~~~~~~~~~~~~~
In file included from /usr/share/rbenv/versions/3.4.4/include/ruby-3.4.0/ruby/internal/assume.h:29,
                 from /usr/share/rbenv/versions/3.4.4/include/ruby-3.4.0/ruby/backward/2/assume.h:24,
                 from /usr/share/rbenv/versions/3.4.4/include/ruby-3.4.0/ruby/defines.h:72,
                 from /usr/share/rbenv/versions/3.4.4/include/ruby-3.4.0/ruby/ruby.h:25,
                 from /usr/share/rbenv/versions/3.4.4/include/ruby-3.4.0/ruby.h:38,
                 from gpgme_n.c:39:
gpgme_n.c:95:31: warning: ‘rb_data_object_get_warning’ is deprecated: by TypedData [-Wdeprecated-declarations]
   95 |   Data_Get_Struct(vdh, struct gpgme_data, dh);
      |                               ^~~~~~~~~~
/usr/share/rbenv/versions/3.4.4/include/ruby-3.4.0/ruby/internal/cast.h:31:29: note: in definition of macro ‘RBIMPL_CAST’
   31 | # define RBIMPL_CAST(expr) (expr)
      |                             ^~~~
gpgme_n.c:95:3: note: in expansion of macro ‘Data_Get_Struct’
   95 |   Data_Get_Struct(vdh, struct gpgme_data, dh);
      |   ^~~~~~~~~~~~~~~
gpgme_n.c:2180:3: note: in expansion of macro ‘UNWRAP_GPGME_DATA’
 2180 |   UNWRAP_GPGME_DATA(vplain, plain);
      |   ^~~~~~~~~~~~~~~~~
In file included from /usr/share/rbenv/versions/3.4.4/include/ruby-3.4.0/ruby/internal/core.h:27,
                 from /usr/share/rbenv/versions/3.4.4/include/ruby-3.4.0/ruby/ruby.h:29,
                 from /usr/share/rbenv/versions/3.4.4/include/ruby-3.4.0/ruby.h:38,
                 from gpgme_n.c:39:
/usr/share/rbenv/versions/3.4.4/include/ruby-3.4.0/ruby/internal/core/rdata.h:325:1: note: declared here
  325 | rb_data_object_get_warning(VALUE obj)
      | ^~~~~~~~~~~~~~~~~~~~~~~~~~
In file included from /usr/share/rbenv/versions/3.4.4/include/ruby-3.4.0/ruby/internal/assume.h:29,
                 from /usr/share/rbenv/versions/3.4.4/include/ruby-3.4.0/ruby/backward/2/assume.h:24,
                 from /usr/share/rbenv/versions/3.4.4/include/ruby-3.4.0/ruby/defines.h:72,
                 from /usr/share/rbenv/versions/3.4.4/include/ruby-3.4.0/ruby/ruby.h:25,
                 from /usr/share/rbenv/versions/3.4.4/include/ruby-3.4.0/ruby.h:38,
                 from gpgme_n.c:39:
gpgme_n.c:95:31: warning: ‘rb_data_object_get_warning’ is deprecated: by TypedData [-Wdeprecated-declarations]
   95 |   Data_Get_Struct(vdh, struct gpgme_data, dh);
      |                               ^~~~~~~~~~
/usr/share/rbenv/versions/3.4.4/include/ruby-3.4.0/ruby/internal/cast.h:31:29: note: in definition of macro ‘RBIMPL_CAST’
   31 | # define RBIMPL_CAST(expr) (expr)
      |                             ^~~~
gpgme_n.c:95:3: note: in expansion of macro ‘Data_Get_Struct’
   95 |   Data_Get_Struct(vdh, struct gpgme_data, dh);
      |   ^~~~~~~~~~~~~~~
gpgme_n.c:2181:3: note: in expansion of macro ‘UNWRAP_GPGME_DATA’
 2181 |   UNWRAP_GPGME_DATA(vcipher, cipher);
      |   ^~~~~~~~~~~~~~~~~
In file included from /usr/share/rbenv/versions/3.4.4/include/ruby-3.4.0/ruby/internal/core.h:27,
                 from /usr/share/rbenv/versions/3.4.4/include/ruby-3.4.0/ruby/ruby.h:29,
                 from /usr/share/rbenv/versions/3.4.4/include/ruby-3.4.0/ruby.h:38,
                 from gpgme_n.c:39:
/usr/share/rbenv/versions/3.4.4/include/ruby-3.4.0/ruby/internal/core/rdata.h:325:1: note: declared here
  325 | rb_data_object_get_warning(VALUE obj)
      | ^~~~~~~~~~~~~~~~~~~~~~~~~~
In file included from /usr/share/rbenv/versions/3.4.4/include/ruby-3.4.0/ruby/internal/assume.h:29,
                 from /usr/share/rbenv/versions/3.4.4/include/ruby-3.4.0/ruby/backward/2/assume.h:24,
                 from /usr/share/rbenv/versions/3.4.4/include/ruby-3.4.0/ruby/defines.h:72,
                 from /usr/share/rbenv/versions/3.4.4/include/ruby-3.4.0/ruby/ruby.h:25,
                 from /usr/share/rbenv/versions/3.4.4/include/ruby-3.4.0/ruby.h:38,
                 from gpgme_n.c:39:
gpgme_n.c: In function ‘rb_s_gpgme_op_encrypt_sign_start’:
gpgme_n.c:101:32: warning: ‘rb_data_object_get_warning’ is deprecated: by TypedData [-Wdeprecated-declarations]
  101 |   Data_Get_Struct(vctx, struct gpgme_context, ctx)
      |                                ^~~~~~~~~~~~~
/usr/share/rbenv/versions/3.4.4/include/ruby-3.4.0/ruby/internal/cast.h:31:29: note: in definition of macro ‘RBIMPL_CAST’
   31 | # define RBIMPL_CAST(expr) (expr)
      |                             ^~~~
gpgme_n.c:101:3: note: in expansion of macro ‘Data_Get_Struct’
  101 |   Data_Get_Struct(vctx, struct gpgme_context, ctx)
      |   ^~~~~~~~~~~~~~~
gpgme_n.c:2200:3: note: in expansion of macro ‘UNWRAP_GPGME_CTX’
 2200 |   UNWRAP_GPGME_CTX(vctx, ctx);
      |   ^~~~~~~~~~~~~~~~
In file included from /usr/share/rbenv/versions/3.4.4/include/ruby-3.4.0/ruby/internal/core.h:27,
                 from /usr/share/rbenv/versions/3.4.4/include/ruby-3.4.0/ruby/ruby.h:29,
                 from /usr/share/rbenv/versions/3.4.4/include/ruby-3.4.0/ruby.h:38,
                 from gpgme_n.c:39:
/usr/share/rbenv/versions/3.4.4/include/ruby-3.4.0/ruby/internal/core/rdata.h:325:1: note: declared here
  325 | rb_data_object_get_warning(VALUE obj)
      | ^~~~~~~~~~~~~~~~~~~~~~~~~~
In file included from /usr/share/rbenv/versions/3.4.4/include/ruby-3.4.0/ruby/internal/assume.h:29,
                 from /usr/share/rbenv/versions/3.4.4/include/ruby-3.4.0/ruby/backward/2/assume.h:24,
                 from /usr/share/rbenv/versions/3.4.4/include/ruby-3.4.0/ruby/defines.h:72,
                 from /usr/share/rbenv/versions/3.4.4/include/ruby-3.4.0/ruby/ruby.h:25,
                 from /usr/share/rbenv/versions/3.4.4/include/ruby-3.4.0/ruby.h:38,
                 from gpgme_n.c:39:
gpgme_n.c:107:32: warning: ‘rb_data_object_get_warning’ is deprecated: by TypedData [-Wdeprecated-declarations]
  107 |   Data_Get_Struct(vkey, struct _gpgme_key, key)
      |                                ^~~~~~~~~~
/usr/share/rbenv/versions/3.4.4/include/ruby-3.4.0/ruby/internal/cast.h:31:29: note: in definition of macro ‘RBIMPL_CAST’
   31 | # define RBIMPL_CAST(expr) (expr)
      |                             ^~~~
gpgme_n.c:107:3: note: in expansion of macro ‘Data_Get_Struct’
  107 |   Data_Get_Struct(vkey, struct _gpgme_key, key)
      |   ^~~~~~~~~~~~~~~
gpgme_n.c:2210:9: note: in expansion of macro ‘UNWRAP_GPGME_KEY’
 2210 |         UNWRAP_GPGME_KEY(RARRAY_PTR(vrecp)[i], recp[i]);
      |         ^~~~~~~~~~~~~~~~
In file included from /usr/share/rbenv/versions/3.4.4/include/ruby-3.4.0/ruby/internal/core.h:27,
                 from /usr/share/rbenv/versions/3.4.4/include/ruby-3.4.0/ruby/ruby.h:29,
                 from /usr/share/rbenv/versions/3.4.4/include/ruby-3.4.0/ruby.h:38,
                 from gpgme_n.c:39:
/usr/share/rbenv/versions/3.4.4/include/ruby-3.4.0/ruby/internal/core/rdata.h:325:1: note: declared here
  325 | rb_data_object_get_warning(VALUE obj)
      | ^~~~~~~~~~~~~~~~~~~~~~~~~~
In file included from /usr/share/rbenv/versions/3.4.4/include/ruby-3.4.0/ruby/internal/assume.h:29,
                 from /usr/share/rbenv/versions/3.4.4/include/ruby-3.4.0/ruby/backward/2/assume.h:24,
                 from /usr/share/rbenv/versions/3.4.4/include/ruby-3.4.0/ruby/defines.h:72,
                 from /usr/share/rbenv/versions/3.4.4/include/ruby-3.4.0/ruby/ruby.h:25,
                 from /usr/share/rbenv/versions/3.4.4/include/ruby-3.4.0/ruby.h:38,
                 from gpgme_n.c:39:
gpgme_n.c:95:31: warning: ‘rb_data_object_get_warning’ is deprecated: by TypedData [-Wdeprecated-declarations]
   95 |   Data_Get_Struct(vdh, struct gpgme_data, dh);
      |                               ^~~~~~~~~~
/usr/share/rbenv/versions/3.4.4/include/ruby-3.4.0/ruby/internal/cast.h:31:29: note: in definition of macro ‘RBIMPL_CAST’
   31 | # define RBIMPL_CAST(expr) (expr)
      |                             ^~~~
gpgme_n.c:95:3: note: in expansion of macro ‘Data_Get_Struct’
   95 |   Data_Get_Struct(vdh, struct gpgme_data, dh);
      |   ^~~~~~~~~~~~~~~
gpgme_n.c:2213:3: note: in expansion of macro ‘UNWRAP_GPGME_DATA’
 2213 |   UNWRAP_GPGME_DATA(vplain, plain);
      |   ^~~~~~~~~~~~~~~~~
In file included from /usr/share/rbenv/versions/3.4.4/include/ruby-3.4.0/ruby/internal/core.h:27,
                 from /usr/share/rbenv/versions/3.4.4/include/ruby-3.4.0/ruby/ruby.h:29,
                 from /usr/share/rbenv/versions/3.4.4/include/ruby-3.4.0/ruby.h:38,
                 from gpgme_n.c:39:
/usr/share/rbenv/versions/3.4.4/include/ruby-3.4.0/ruby/internal/core/rdata.h:325:1: note: declared here
  325 | rb_data_object_get_warning(VALUE obj)
      | ^~~~~~~~~~~~~~~~~~~~~~~~~~
In file included from /usr/share/rbenv/versions/3.4.4/include/ruby-3.4.0/ruby/internal/assume.h:29,
                 from /usr/share/rbenv/versions/3.4.4/include/ruby-3.4.0/ruby/backward/2/assume.h:24,
                 from /usr/share/rbenv/versions/3.4.4/include/ruby-3.4.0/ruby/defines.h:72,
                 from /usr/share/rbenv/versions/3.4.4/include/ruby-3.4.0/ruby/ruby.h:25,
                 from /usr/share/rbenv/versions/3.4.4/include/ruby-3.4.0/ruby.h:38,
                 from gpgme_n.c:39:
gpgme_n.c:95:31: warning: ‘rb_data_object_get_warning’ is deprecated: by TypedData [-Wdeprecated-declarations]
   95 |   Data_Get_Struct(vdh, struct gpgme_data, dh);
      |                               ^~~~~~~~~~
/usr/share/rbenv/versions/3.4.4/include/ruby-3.4.0/ruby/internal/cast.h:31:29: note: in definition of macro ‘RBIMPL_CAST’
   31 | # define RBIMPL_CAST(expr) (expr)
      |                             ^~~~
gpgme_n.c:95:3: note: in expansion of macro ‘Data_Get_Struct’
   95 |   Data_Get_Struct(vdh, struct gpgme_data, dh);
      |   ^~~~~~~~~~~~~~~
gpgme_n.c:2214:3: note: in expansion of macro ‘UNWRAP_GPGME_DATA’
 2214 |   UNWRAP_GPGME_DATA(vcipher, cipher);
      |   ^~~~~~~~~~~~~~~~~
In file included from /usr/share/rbenv/versions/3.4.4/include/ruby-3.4.0/ruby/internal/core.h:27,
                 from /usr/share/rbenv/versions/3.4.4/include/ruby-3.4.0/ruby/ruby.h:29,
                 from /usr/share/rbenv/versions/3.4.4/include/ruby-3.4.0/ruby.h:38,
                 from gpgme_n.c:39:
/usr/share/rbenv/versions/3.4.4/include/ruby-3.4.0/ruby/internal/core/rdata.h:325:1: note: declared here
  325 | rb_data_object_get_warning(VALUE obj)
      | ^~~~~~~~~~~~~~~~~~~~~~~~~~
In file included from /usr/share/rbenv/versions/3.4.4/include/ruby-3.4.0/ruby/internal/assume.h:29,
                 from /usr/share/rbenv/versions/3.4.4/include/ruby-3.4.0/ruby/backward/2/assume.h:24,
                 from /usr/share/rbenv/versions/3.4.4/include/ruby-3.4.0/ruby/defines.h:72,
                 from /usr/share/rbenv/versions/3.4.4/include/ruby-3.4.0/ruby/ruby.h:25,
                 from /usr/share/rbenv/versions/3.4.4/include/ruby-3.4.0/ruby.h:38,
                 from gpgme_n.c:39:
gpgme_n.c: In function ‘rb_s_gpgme_wait’:
gpgme_n.c:101:32: warning: ‘rb_data_object_get_warning’ is deprecated: by TypedData [-Wdeprecated-declarations]
  101 |   Data_Get_Struct(vctx, struct gpgme_context, ctx)
      |                                ^~~~~~~~~~~~~
/usr/share/rbenv/versions/3.4.4/include/ruby-3.4.0/ruby/internal/cast.h:31:29: note: in definition of macro ‘RBIMPL_CAST’
   31 | # define RBIMPL_CAST(expr) (expr)
      |                             ^~~~
gpgme_n.c:101:3: note: in expansion of macro ‘Data_Get_Struct’
  101 |   Data_Get_Struct(vctx, struct gpgme_context, ctx)
      |   ^~~~~~~~~~~~~~~
gpgme_n.c:2233:7: note: in expansion of macro ‘UNWRAP_GPGME_CTX’
 2233 |       UNWRAP_GPGME_CTX(vctx, ctx);
      |       ^~~~~~~~~~~~~~~~
In file included from /usr/share/rbenv/versions/3.4.4/include/ruby-3.4.0/ruby/internal/core.h:27,
                 from /usr/share/rbenv/versions/3.4.4/include/ruby-3.4.0/ruby/ruby.h:29,
                 from /usr/share/rbenv/versions/3.4.4/include/ruby-3.4.0/ruby.h:38,
                 from gpgme_n.c:39:
/usr/share/rbenv/versions/3.4.4/include/ruby-3.4.0/ruby/internal/core/rdata.h:325:1: note: declared here
  325 | rb_data_object_get_warning(VALUE obj)
      | ^~~~~~~~~~~~~~~~~~~~~~~~~~
gpgme_n.c:2243:9: warning: ‘rb_data_object_wrap_warning’ is deprecated: by TypedData [-Wdeprecated-declarations]
 2243 |         vctx = WRAP_GPGME_CTX(ret);
      |         ^~~~
In file included from /usr/share/rbenv/versions/3.4.4/include/ruby-3.4.0/ruby/internal/core.h:27,
                 from /usr/share/rbenv/versions/3.4.4/include/ruby-3.4.0/ruby/ruby.h:29,
                 from /usr/share/rbenv/versions/3.4.4/include/ruby-3.4.0/ruby.h:38,
                 from gpgme_n.c:39:
/usr/share/rbenv/versions/3.4.4/include/ruby-3.4.0/ruby/internal/core/rdata.h:293:1: note: declared here
  293 | rb_data_object_wrap_warning(VALUE klass, void *ptr, RUBY_DATA_FUNC mark, RUBY_DATA_FUNC free)
      | ^~~~~~~~~~~~~~~~~~~~~~~~~~~
In file included from /usr/share/rbenv/versions/3.4.4/include/ruby-3.4.0/ruby/internal/assume.h:29,
                 from /usr/share/rbenv/versions/3.4.4/include/ruby-3.4.0/ruby/backward/2/assume.h:24,
                 from /usr/share/rbenv/versions/3.4.4/include/ruby-3.4.0/ruby/defines.h:72,
                 from /usr/share/rbenv/versions/3.4.4/include/ruby-3.4.0/ruby/ruby.h:25,
                 from /usr/share/rbenv/versions/3.4.4/include/ruby-3.4.0/ruby.h:38,
                 from gpgme_n.c:39:
gpgme_n.c: In function ‘rb_s_gpgme_op_spawn_start’:
gpgme_n.c:101:32: warning: ‘rb_data_object_get_warning’ is deprecated: by TypedData [-Wdeprecated-declarations]
  101 |   Data_Get_Struct(vctx, struct gpgme_context, ctx)
      |                                ^~~~~~~~~~~~~
/usr/share/rbenv/versions/3.4.4/include/ruby-3.4.0/ruby/internal/cast.h:31:29: note: in definition of macro ‘RBIMPL_CAST’
   31 | # define RBIMPL_CAST(expr) (expr)
      |                             ^~~~
gpgme_n.c:101:3: note: in expansion of macro ‘Data_Get_Struct’
  101 |   Data_Get_Struct(vctx, struct gpgme_context, ctx)
      |   ^~~~~~~~~~~~~~~
gpgme_n.c:2265:3: note: in expansion of macro ‘UNWRAP_GPGME_CTX’
 2265 |   UNWRAP_GPGME_CTX(vctx, ctx);
      |   ^~~~~~~~~~~~~~~~
In file included from /usr/share/rbenv/versions/3.4.4/include/ruby-3.4.0/ruby/internal/core.h:27,
                 from /usr/share/rbenv/versions/3.4.4/include/ruby-3.4.0/ruby/ruby.h:29,
                 from /usr/share/rbenv/versions/3.4.4/include/ruby-3.4.0/ruby.h:38,
                 from gpgme_n.c:39:
/usr/share/rbenv/versions/3.4.4/include/ruby-3.4.0/ruby/internal/core/rdata.h:325:1: note: declared here
  325 | rb_data_object_get_warning(VALUE obj)
      | ^~~~~~~~~~~~~~~~~~~~~~~~~~
In file included from /usr/share/rbenv/versions/3.4.4/include/ruby-3.4.0/ruby/internal/assume.h:29,
                 from /usr/share/rbenv/versions/3.4.4/include/ruby-3.4.0/ruby/backward/2/assume.h:24,
                 from /usr/share/rbenv/versions/3.4.4/include/ruby-3.4.0/ruby/defines.h:72,
                 from /usr/share/rbenv/versions/3.4.4/include/ruby-3.4.0/ruby/ruby.h:25,
                 from /usr/share/rbenv/versions/3.4.4/include/ruby-3.4.0/ruby.h:38,
                 from gpgme_n.c:39:
gpgme_n.c:95:31: warning: ‘rb_data_object_get_warning’ is deprecated: by TypedData [-Wdeprecated-declarations]
   95 |   Data_Get_Struct(vdh, struct gpgme_data, dh);
      |                               ^~~~~~~~~~
/usr/share/rbenv/versions/3.4.4/include/ruby-3.4.0/ruby/internal/cast.h:31:29: note: in definition of macro ‘RBIMPL_CAST’
   31 | # define RBIMPL_CAST(expr) (expr)
      |                             ^~~~
gpgme_n.c:95:3: note: in expansion of macro ‘Data_Get_Struct’
   95 |   Data_Get_Struct(vdh, struct gpgme_data, dh);
      |   ^~~~~~~~~~~~~~~
gpgme_n.c:2283:3: note: in expansion of macro ‘UNWRAP_GPGME_DATA’
 2283 |   UNWRAP_GPGME_DATA(vdatain, datain);
      |   ^~~~~~~~~~~~~~~~~
In file included from /usr/share/rbenv/versions/3.4.4/include/ruby-3.4.0/ruby/internal/core.h:27,
                 from /usr/share/rbenv/versions/3.4.4/include/ruby-3.4.0/ruby/ruby.h:29,
                 from /usr/share/rbenv/versions/3.4.4/include/ruby-3.4.0/ruby.h:38,
                 from gpgme_n.c:39:
/usr/share/rbenv/versions/3.4.4/include/ruby-3.4.0/ruby/internal/core/rdata.h:325:1: note: declared here
  325 | rb_data_object_get_warning(VALUE obj)
      | ^~~~~~~~~~~~~~~~~~~~~~~~~~
In file included from /usr/share/rbenv/versions/3.4.4/include/ruby-3.4.0/ruby/internal/assume.h:29,
                 from /usr/share/rbenv/versions/3.4.4/include/ruby-3.4.0/ruby/backward/2/assume.h:24,
                 from /usr/share/rbenv/versions/3.4.4/include/ruby-3.4.0/ruby/defines.h:72,
                 from /usr/share/rbenv/versions/3.4.4/include/ruby-3.4.0/ruby/ruby.h:25,
                 from /usr/share/rbenv/versions/3.4.4/include/ruby-3.4.0/ruby.h:38,
                 from gpgme_n.c:39:
gpgme_n.c:95:31: warning: ‘rb_data_object_get_warning’ is deprecated: by TypedData [-Wdeprecated-declarations]
   95 |   Data_Get_Struct(vdh, struct gpgme_data, dh);
      |                               ^~~~~~~~~~
/usr/share/rbenv/versions/3.4.4/include/ruby-3.4.0/ruby/internal/cast.h:31:29: note: in definition of macro ‘RBIMPL_CAST’
   31 | # define RBIMPL_CAST(expr) (expr)
      |                             ^~~~
gpgme_n.c:95:3: note: in expansion of macro ‘Data_Get_Struct’
   95 |   Data_Get_Struct(vdh, struct gpgme_data, dh);
      |   ^~~~~~~~~~~~~~~
gpgme_n.c:2284:3: note: in expansion of macro ‘UNWRAP_GPGME_DATA’
 2284 |   UNWRAP_GPGME_DATA(vdataout, dataout);
      |   ^~~~~~~~~~~~~~~~~
In file included from /usr/share/rbenv/versions/3.4.4/include/ruby-3.4.0/ruby/internal/core.h:27,
                 from /usr/share/rbenv/versions/3.4.4/include/ruby-3.4.0/ruby/ruby.h:29,
                 from /usr/share/rbenv/versions/3.4.4/include/ruby-3.4.0/ruby.h:38,
                 from gpgme_n.c:39:
/usr/share/rbenv/versions/3.4.4/include/ruby-3.4.0/ruby/internal/core/rdata.h:325:1: note: declared here
  325 | rb_data_object_get_warning(VALUE obj)
      | ^~~~~~~~~~~~~~~~~~~~~~~~~~
In file included from /usr/share/rbenv/versions/3.4.4/include/ruby-3.4.0/ruby/internal/assume.h:29,
                 from /usr/share/rbenv/versions/3.4.4/include/ruby-3.4.0/ruby/backward/2/assume.h:24,
                 from /usr/share/rbenv/versions/3.4.4/include/ruby-3.4.0/ruby/defines.h:72,
                 from /usr/share/rbenv/versions/3.4.4/include/ruby-3.4.0/ruby/ruby.h:25,
                 from /usr/share/rbenv/versions/3.4.4/include/ruby-3.4.0/ruby.h:38,
                 from gpgme_n.c:39:
gpgme_n.c:95:31: warning: ‘rb_data_object_get_warning’ is deprecated: by TypedData [-Wdeprecated-declarations]
   95 |   Data_Get_Struct(vdh, struct gpgme_data, dh);
      |                               ^~~~~~~~~~
/usr/share/rbenv/versions/3.4.4/include/ruby-3.4.0/ruby/internal/cast.h:31:29: note: in definition of macro ‘RBIMPL_CAST’
   31 | # define RBIMPL_CAST(expr) (expr)
      |                             ^~~~
gpgme_n.c:95:3: note: in expansion of macro ‘Data_Get_Struct’
   95 |   Data_Get_Struct(vdh, struct gpgme_data, dh);
      |   ^~~~~~~~~~~~~~~
gpgme_n.c:2285:3: note: in expansion of macro ‘UNWRAP_GPGME_DATA’
 2285 |   UNWRAP_GPGME_DATA(vdataerr, dataerr);
      |   ^~~~~~~~~~~~~~~~~
In file included from /usr/share/rbenv/versions/3.4.4/include/ruby-3.4.0/ruby/internal/core.h:27,
                 from /usr/share/rbenv/versions/3.4.4/include/ruby-3.4.0/ruby/ruby.h:29,
                 from /usr/share/rbenv/versions/3.4.4/include/ruby-3.4.0/ruby.h:38,
                 from gpgme_n.c:39:
/usr/share/rbenv/versions/3.4.4/include/ruby-3.4.0/ruby/internal/core/rdata.h:325:1: note: declared here
  325 | rb_data_object_get_warning(VALUE obj)
      | ^~~~~~~~~~~~~~~~~~~~~~~~~~
In file included from /usr/share/rbenv/versions/3.4.4/include/ruby-3.4.0/ruby/internal/assume.h:29,
                 from /usr/share/rbenv/versions/3.4.4/include/ruby-3.4.0/ruby/backward/2/assume.h:24,
                 from /usr/share/rbenv/versions/3.4.4/include/ruby-3.4.0/ruby/defines.h:72,
                 from /usr/share/rbenv/versions/3.4.4/include/ruby-3.4.0/ruby/ruby.h:25,
                 from /usr/share/rbenv/versions/3.4.4/include/ruby-3.4.0/ruby.h:38,
                 from gpgme_n.c:39:
gpgme_n.c: In function ‘rb_s_gpgme_op_spawn’:
gpgme_n.c:101:32: warning: ‘rb_data_object_get_warning’ is deprecated: by TypedData [-Wdeprecated-declarations]
  101 |   Data_Get_Struct(vctx, struct gpgme_context, ctx)
      |                                ^~~~~~~~~~~~~
/usr/share/rbenv/versions/3.4.4/include/ruby-3.4.0/ruby/internal/cast.h:31:29: note: in definition of macro ‘RBIMPL_CAST’
   31 | # define RBIMPL_CAST(expr) (expr)
      |                             ^~~~
gpgme_n.c:101:3: note: in expansion of macro ‘Data_Get_Struct’
  101 |   Data_Get_Struct(vctx, struct gpgme_context, ctx)
      |   ^~~~~~~~~~~~~~~
gpgme_n.c:2309:3: note: in expansion of macro ‘UNWRAP_GPGME_CTX’
 2309 |   UNWRAP_GPGME_CTX(vctx, ctx);
      |   ^~~~~~~~~~~~~~~~
In file included from /usr/share/rbenv/versions/3.4.4/include/ruby-3.4.0/ruby/internal/core.h:27,
                 from /usr/share/rbenv/versions/3.4.4/include/ruby-3.4.0/ruby/ruby.h:29,
                 from /usr/share/rbenv/versions/3.4.4/include/ruby-3.4.0/ruby.h:38,
                 from gpgme_n.c:39:
/usr/share/rbenv/versions/3.4.4/include/ruby-3.4.0/ruby/internal/core/rdata.h:325:1: note: declared here
  325 | rb_data_object_get_warning(VALUE obj)
      | ^~~~~~~~~~~~~~~~~~~~~~~~~~
In file included from /usr/share/rbenv/versions/3.4.4/include/ruby-3.4.0/ruby/internal/assume.h:29,
                 from /usr/share/rbenv/versions/3.4.4/include/ruby-3.4.0/ruby/backward/2/assume.h:24,
                 from /usr/share/rbenv/versions/3.4.4/include/ruby-3.4.0/ruby/defines.h:72,
                 from /usr/share/rbenv/versions/3.4.4/include/ruby-3.4.0/ruby/ruby.h:25,
                 from /usr/share/rbenv/versions/3.4.4/include/ruby-3.4.0/ruby.h:38,
                 from gpgme_n.c:39:
gpgme_n.c:95:31: warning: ‘rb_data_object_get_warning’ is deprecated: by TypedData [-Wdeprecated-declarations]
   95 |   Data_Get_Struct(vdh, struct gpgme_data, dh);
      |                               ^~~~~~~~~~
/usr/share/rbenv/versions/3.4.4/include/ruby-3.4.0/ruby/internal/cast.h:31:29: note: in definition of macro ‘RBIMPL_CAST’
   31 | # define RBIMPL_CAST(expr) (expr)
      |                             ^~~~
gpgme_n.c:95:3: note: in expansion of macro ‘Data_Get_Struct’
   95 |   Data_Get_Struct(vdh, struct gpgme_data, dh);
      |   ^~~~~~~~~~~~~~~
gpgme_n.c:2327:3: note: in expansion of macro ‘UNWRAP_GPGME_DATA’
 2327 |   UNWRAP_GPGME_DATA(vdatain, datain);
      |   ^~~~~~~~~~~~~~~~~
In file included from /usr/share/rbenv/versions/3.4.4/include/ruby-3.4.0/ruby/internal/core.h:27,
                 from /usr/share/rbenv/versions/3.4.4/include/ruby-3.4.0/ruby/ruby.h:29,
                 from /usr/share/rbenv/versions/3.4.4/include/ruby-3.4.0/ruby.h:38,
                 from gpgme_n.c:39:
/usr/share/rbenv/versions/3.4.4/include/ruby-3.4.0/ruby/internal/core/rdata.h:325:1: note: declared here
  325 | rb_data_object_get_warning(VALUE obj)
      | ^~~~~~~~~~~~~~~~~~~~~~~~~~
In file included from /usr/share/rbenv/versions/3.4.4/include/ruby-3.4.0/ruby/internal/assume.h:29,
                 from /usr/share/rbenv/versions/3.4.4/include/ruby-3.4.0/ruby/backward/2/assume.h:24,
                 from /usr/share/rbenv/versions/3.4.4/include/ruby-3.4.0/ruby/defines.h:72,
                 from /usr/share/rbenv/versions/3.4.4/include/ruby-3.4.0/ruby/ruby.h:25,
                 from /usr/share/rbenv/versions/3.4.4/include/ruby-3.4.0/ruby.h:38,
                 from gpgme_n.c:39:
gpgme_n.c:95:31: warning: ‘rb_data_object_get_warning’ is deprecated: by TypedData [-Wdeprecated-declarations]
   95 |   Data_Get_Struct(vdh, struct gpgme_data, dh);
      |                               ^~~~~~~~~~
/usr/share/rbenv/versions/3.4.4/include/ruby-3.4.0/ruby/internal/cast.h:31:29: note: in definition of macro ‘RBIMPL_CAST’
   31 | # define RBIMPL_CAST(expr) (expr)
      |                             ^~~~
gpgme_n.c:95:3: note: in expansion of macro ‘Data_Get_Struct’
   95 |   Data_Get_Struct(vdh, struct gpgme_data, dh);
      |   ^~~~~~~~~~~~~~~
gpgme_n.c:2328:3: note: in expansion of macro ‘UNWRAP_GPGME_DATA’
 2328 |   UNWRAP_GPGME_DATA(vdataout, dataout);
      |   ^~~~~~~~~~~~~~~~~
In file included from /usr/share/rbenv/versions/3.4.4/include/ruby-3.4.0/ruby/internal/core.h:27,
                 from /usr/share/rbenv/versions/3.4.4/include/ruby-3.4.0/ruby/ruby.h:29,
                 from /usr/share/rbenv/versions/3.4.4/include/ruby-3.4.0/ruby.h:38,
                 from gpgme_n.c:39:
/usr/share/rbenv/versions/3.4.4/include/ruby-3.4.0/ruby/internal/core/rdata.h:325:1: note: declared here
  325 | rb_data_object_get_warning(VALUE obj)
      | ^~~~~~~~~~~~~~~~~~~~~~~~~~
In file included from /usr/share/rbenv/versions/3.4.4/include/ruby-3.4.0/ruby/internal/assume.h:29,
                 from /usr/share/rbenv/versions/3.4.4/include/ruby-3.4.0/ruby/backward/2/assume.h:24,
                 from /usr/share/rbenv/versions/3.4.4/include/ruby-3.4.0/ruby/defines.h:72,
                 from /usr/share/rbenv/versions/3.4.4/include/ruby-3.4.0/ruby/ruby.h:25,
                 from /usr/share/rbenv/versions/3.4.4/include/ruby-3.4.0/ruby.h:38,
                 from gpgme_n.c:39:
gpgme_n.c:95:31: warning: ‘rb_data_object_get_warning’ is deprecated: by TypedData [-Wdeprecated-declarations]
   95 |   Data_Get_Struct(vdh, struct gpgme_data, dh);
      |                               ^~~~~~~~~~
/usr/share/rbenv/versions/3.4.4/include/ruby-3.4.0/ruby/internal/cast.h:31:29: note: in definition of macro ‘RBIMPL_CAST’
   31 | # define RBIMPL_CAST(expr) (expr)
      |                             ^~~~
gpgme_n.c:95:3: note: in expansion of macro ‘Data_Get_Struct’
   95 |   Data_Get_Struct(vdh, struct gpgme_data, dh);
      |   ^~~~~~~~~~~~~~~
gpgme_n.c:2329:3: note: in expansion of macro ‘UNWRAP_GPGME_DATA’
 2329 |   UNWRAP_GPGME_DATA(vdataerr, dataerr);
      |   ^~~~~~~~~~~~~~~~~
In file included from /usr/share/rbenv/versions/3.4.4/include/ruby-3.4.0/ruby/internal/core.h:27,
                 from /usr/share/rbenv/versions/3.4.4/include/ruby-3.4.0/ruby/ruby.h:29,
                 from /usr/share/rbenv/versions/3.4.4/include/ruby-3.4.0/ruby.h:38,
                 from gpgme_n.c:39:
/usr/share/rbenv/versions/3.4.4/include/ruby-3.4.0/ruby/internal/core/rdata.h:325:1: note: declared here
  325 | rb_data_object_get_warning(VALUE obj)
      | ^~~~~~~~~~~~~~~~~~~~~~~~~~
linking shared-object gpgme_n.so
Cleaning files only used during build.
rm -rf /github/vendor/gems/3.4.4/ruby/3.4.0/gems/gpgme-2.0.24/ext/gpgme/tmp/x86_64-linux-gnu/ports
rmdir -p /github/vendor/gems/3.4.4/ruby/3.4.0/gems/gpgme-2.0.24/ext/gpgme/tmp/x86_64-linux-gnu
rm -rf /github/vendor/gems/3.4.4/ruby/3.4.0/gems/gpgme-2.0.24/ports

current directory: /github/vendor/gems/3.4.4/ruby/3.4.0/gems/gpgme-2.0.24/ext/gpgme
make -j16 DESTDIR\= sitearchdir\=./.gem.20250613-147-f3tr6h sitelibdir\=./.gem.20250613-147-f3tr6h install
/usr/bin/install -c -m 0755 gpgme_n.so ./.gem.20250613-147-f3tr6h

current directory: /github/vendor/gems/3.4.4/ruby/3.4.0/gems/gpgme-2.0.24/ext/gpgme
make -j16 DESTDIR\= sitearchdir\=./.gem.20250613-147-f3tr6h sitelibdir\=./.gem.20250613-147-f3tr6h clean
