current directory: /github/vendor/gems/3.4.4/ruby/3.4.0/gems/rugged-1.4.3.102.ga6b7142/ext/rugged
/usr/share/rbenv/versions/3.4.4/bin/ruby extconf.rb --with-sha1dc
checking for gmake... no
checking for make... yes
checking for cmake... yes
checking for pkg-config... yes
-- The C compiler identification is GNU 9.4.0
-- Check for working C compiler: /usr/bin/gcc
-- Check for working C compiler: /usr/bin/gcc -- works
-- Detecting C compiler ABI info
-- Detecting C compiler ABI info - done
-- Detecting C compile features
-- Detecting C compile features - done
-- Found PkgConfig: /usr/bin/pkg-config (found version "0.29.1") 
-- Looking for pthread.h
-- Looking for pthread.h - found
-- Performing Test CMAKE_HAVE_LIBC_PTHREAD
-- Performing Test CMAKE_HAVE_LIBC_PTHREAD - Failed
-- Looking for pthread_create in pthreads
-- Looking for pthread_create in pthreads - not found
-- Looking for pthread_create in pthread
-- Looking for pthread_create in pthread - found
-- Found Threads: TRUE  
-- Performing Test HAVE_STRUCT_STAT_ST_MTIM
-- Performing Test HAVE_STRUCT_STAT_ST_MTIM - Success
-- Performing Test HAVE_STRUCT_STAT_ST_MTIMESPEC
-- Performing Test HAVE_STRUCT_STAT_ST_MTIMESPEC - Failed
-- Performing Test HAVE_STRUCT_STAT_MTIME_NSEC
-- Performing Test HAVE_STRUCT_STAT_MTIME_NSEC - Failed
-- Performing Test HAVE_STRUCT_STAT_NSEC
-- Performing Test HAVE_STRUCT_STAT_NSEC - Success
-- Looking for futimens
-- Looking for futimens - found
-- Performing Test IS_WALL_SUPPORTED
-- Performing Test IS_WALL_SUPPORTED - Success
-- Performing Test IS_WEXTRA_SUPPORTED
-- Performing Test IS_WEXTRA_SUPPORTED - Success
-- Performing Test IS_WDOCUMENTATION_SUPPORTED
-- Performing Test IS_WDOCUMENTATION_SUPPORTED - Failed
-- Performing Test IS_WNO_DOCUMENTATION_DEPRECATED_SYNC_SUPPORTED
-- Performing Test IS_WNO_DOCUMENTATION_DEPRECATED_SYNC_SUPPORTED - Success
-- Performing Test IS_WNO_MISSING_FIELD_INITIALIZERS_SUPPORTED
-- Performing Test IS_WNO_MISSING_FIELD_INITIALIZERS_SUPPORTED - Success
-- Performing Test IS_WMISSING_DECLARATIONS_SUPPORTED
-- Performing Test IS_WMISSING_DECLARATIONS_SUPPORTED - Success
-- Performing Test IS_WSTRICT_ALIASING_SUPPORTED
-- Performing Test IS_WSTRICT_ALIASING_SUPPORTED - Success
-- Performing Test IS_WSTRICT_PROTOTYPES_SUPPORTED
-- Performing Test IS_WSTRICT_PROTOTYPES_SUPPORTED - Success
-- Performing Test IS_WDECLARATION_AFTER_STATEMENT_SUPPORTED
-- Performing Test IS_WDECLARATION_AFTER_STATEMENT_SUPPORTED - Success
-- Performing Test IS_WSHIFT_COUNT_OVERFLOW_SUPPORTED
-- Performing Test IS_WSHIFT_COUNT_OVERFLOW_SUPPORTED - Success
-- Performing Test IS_WUNUSED_CONST_VARIABLE_SUPPORTED
-- Performing Test IS_WUNUSED_CONST_VARIABLE_SUPPORTED - Success
-- Performing Test IS_WUNUSED_FUNCTION_SUPPORTED
-- Performing Test IS_WUNUSED_FUNCTION_SUPPORTED - Success
-- Performing Test IS_WINT_CONVERSION_SUPPORTED
-- Performing Test IS_WINT_CONVERSION_SUPPORTED - Success
-- Performing Test IS_WC11_EXTENSIONS_SUPPORTED
-- Performing Test IS_WC11_EXTENSIONS_SUPPORTED - Failed
-- Performing Test IS_WC99_C11_COMPAT_SUPPORTED
-- Performing Test IS_WC99_C11_COMPAT_SUPPORTED - Success
-- Performing Test IS_WFORMAT_SUPPORTED
-- Performing Test IS_WFORMAT_SUPPORTED - Success
-- Performing Test IS_WFORMAT_SECURITY_SUPPORTED
-- Performing Test IS_WFORMAT_SECURITY_SUPPORTED - Success
-- Checking prototype qsort_r for GIT_QSORT_R_BSD - False
-- Checking prototype qsort_r for GIT_QSORT_R_GNU - True
-- Looking for qsort_s
-- Looking for qsort_s - not found
-- Looking for getentropy
-- Looking for getentropy - found
-- Looking for clock_gettime in rt
-- Looking for clock_gettime in rt - found
-- Found OpenSSL: /usr/lib/x86_64-linux-gnu/libcrypto.so (found version "1.1.1f")  
-- http-parser version 2 was not found or disabled; using bundled 3rd-party sources.
-- Performing Test IS_WIMPLICIT_FALLTHROUGH_1_SUPPORTED
-- Performing Test IS_WIMPLICIT_FALLTHROUGH_1_SUPPORTED - Success
-- Could NOT find PCRE (missing: PCRE_LIBRARY PCRE_POSIX_LIBRARY PCRE_INCLUDE_DIR) 
-- Looking for dirent.h
-- Looking for dirent.h - found
-- Looking for stdint.h
-- Looking for stdint.h - found
-- Looking for inttypes.h
-- Looking for inttypes.h - found
-- Looking for sys/stat.h
-- Looking for sys/stat.h - found
-- Looking for sys/types.h
-- Looking for sys/types.h - found
-- Looking for unistd.h
-- Looking for unistd.h - found
-- Looking for windows.h
-- Looking for windows.h - not found
-- Looking for bcopy
-- Looking for bcopy - found
-- Looking for memmove
-- Looking for memmove - found
-- Looking for strerror
-- Looking for strerror - found
-- Looking for strtoll
-- Looking for strtoll - found
-- Looking for strtoq
-- Looking for strtoq - found
-- Looking for _strtoi64
-- Looking for _strtoi64 - not found
-- Looking for stddef.h
-- Looking for stddef.h - found
-- Check size of long long
-- Check size of long long - done
-- Check size of unsigned long long
-- Check size of unsigned long long - done
-- Performing Test IS_WNO_UNUSED_FUNCTION_SUPPORTED
-- Performing Test IS_WNO_UNUSED_FUNCTION_SUPPORTED - Success
-- Performing Test IS_WNO_IMPLICIT_FALLTHROUGH_SUPPORTED
-- Performing Test IS_WNO_IMPLICIT_FALLTHROUGH_SUPPORTED - Success
-- LIBSSH2 not found. Set CMAKE_PREFIX_PATH if it is installed outside of the default search path.
-- Found ZLIB: /usr/lib/x86_64-linux-gnu/libz.so (found version "1.2.11") 
-- Checking for module 'heimdal-gssapi'
--   No package 'heimdal-gssapi' found
-- Could NOT find GSSAPI (missing: GSSAPI_LIBRARIES GSSAPI_INCLUDE_DIR) 
-- Enabled features:
 * nanoseconds, support nanosecond precision file mtimes and ctimes
 * futimens, futimens support
 * threadsafe, threadsafe support
 * HTTPS, using OpenSSL
 * SHA, using CollisionDetection
 * http-parser, http-parser support (bundled)
 * regex, using bundled PCRE
 * zlib, using system zlib
 * ntlmclient, NTLM authentication support for Unix

-- Disabled features:
 * debugpool, debug pool allocator
 * debugalloc, debug strict allocators
 * debugopen, path validation in open
 * SSH, SSH transport support
 * SPNEGO, SPNEGO authentication support
 * iconv, iconv encoding conversion support

-- Configuring done
-- Generating done
CMake Warning:
  Manually-specified variables were not used by the project:

    USE_SHA1DC


-- Build files have been written to: /github/vendor/gems/3.4.4/ruby/3.4.0/gems/rugged-1.4.3.102.ga6b7142/vendor/libgit2/build
 -- /usr/bin/make
checking for -lgit2... yes
checking for git2.h... yes
creating Makefile

current directory: /github/vendor/gems/3.4.4/ruby/3.4.0/gems/rugged-1.4.3.102.ga6b7142/ext/rugged
make -j16 DESTDIR\= sitearchdir\=./.gem.20250613-147-pe74ld sitelibdir\=./.gem.20250613-147-pe74ld clean

current directory: /github/vendor/gems/3.4.4/ruby/3.4.0/gems/rugged-1.4.3.102.ga6b7142/ext/rugged
make -j16 DESTDIR\= sitearchdir\=./.gem.20250613-147-pe74ld sitelibdir\=./.gem.20250613-147-pe74ld
compiling rugged.c
compiling rugged_allocator.c
compiling rugged_backend.c
compiling rugged_blame.c
compiling rugged_blob.c
compiling rugged_branch.c
compiling rugged_branch_collection.c
compiling rugged_commit.c
compiling rugged_config.c
compiling rugged_cred.c
compiling rugged_diff.c
compiling rugged_diff_delta.c
compiling rugged_diff_hunk.c
compiling rugged_diff_line.c
compiling rugged_index.c
rugged_commit.c: In function ‘rb_git_commit_amend’:
rugged_commit.c:360:2: warning: ‘rb_data_object_get_warning’ is deprecated: by TypedData [-Wdeprecated-declarations]
  360 |  Data_Get_Struct(owner, git_repository, repo);
      |  ^~~~~~~~~~~~~~~
In file included from /usr/share/rbenv/versions/3.4.4/include/ruby-3.4.0/ruby/internal/core.h:27,
                 from /usr/share/rbenv/versions/3.4.4/include/ruby-3.4.0/ruby/ruby.h:29,
                 from /usr/share/rbenv/versions/3.4.4/include/ruby-3.4.0/ruby.h:38,
                 from rugged.h:16,
                 from rugged_commit.c:8:
/usr/share/rbenv/versions/3.4.4/include/ruby-3.4.0/ruby/internal/core/rdata.h:325:1: note: declared here
  325 | rb_data_object_get_warning(VALUE obj)
      | ^~~~~~~~~~~~~~~~~~~~~~~~~~
rugged_commit.c: In function ‘rb_git_commit_create’:
rugged_commit.c:552:2: warning: ‘rb_data_object_get_warning’ is deprecated: by TypedData [-Wdeprecated-declarations]
  552 |  Data_Get_Struct(rb_repo, git_repository, repo);
      |  ^~~~~~~~~~~~~~~
In file included from /usr/share/rbenv/versions/3.4.4/include/ruby-3.4.0/ruby/internal/core.h:27,
                 from /usr/share/rbenv/versions/3.4.4/include/ruby-3.4.0/ruby/ruby.h:29,
                 from /usr/share/rbenv/versions/3.4.4/include/ruby-3.4.0/ruby.h:38,
                 from rugged.h:16,
                 from rugged_commit.c:8:
/usr/share/rbenv/versions/3.4.4/include/ruby-3.4.0/ruby/internal/core/rdata.h:325:1: note: declared here
  325 | rb_data_object_get_warning(VALUE obj)
      | ^~~~~~~~~~~~~~~~~~~~~~~~~~
rugged_blame.c: In function ‘rb_git_blame_new’:
rugged_blame.c:138:2: warning: ‘rb_data_object_get_warning’ is deprecated: by TypedData [-Wdeprecated-declarations]
  138 |  Data_Get_Struct(rb_repo, git_repository, repo);
      |  ^~~~~~~~~~~~~~~
In file included from /usr/share/rbenv/versions/3.4.4/include/ruby-3.4.0/ruby/internal/core.h:27,
                 from /usr/share/rbenv/versions/3.4.4/include/ruby-3.4.0/ruby/ruby.h:29,
                 from /usr/share/rbenv/versions/3.4.4/include/ruby-3.4.0/ruby.h:38,
                 from rugged.h:16,
                 from rugged_blame.c:8:
/usr/share/rbenv/versions/3.4.4/include/ruby-3.4.0/ruby/internal/core/rdata.h:325:1: note: declared here
  325 | rb_data_object_get_warning(VALUE obj)
      | ^~~~~~~~~~~~~~~~~~~~~~~~~~
rugged_blame.c:148:2: warning: ‘rb_data_object_wrap_warning’ is deprecated: by TypedData [-Wdeprecated-declarations]
  148 |  return Data_Wrap_Struct(klass, NULL, &git_blame_free, blame);
      |  ^~~~~~
In file included from /usr/share/rbenv/versions/3.4.4/include/ruby-3.4.0/ruby/internal/core.h:27,
                 from /usr/share/rbenv/versions/3.4.4/include/ruby-3.4.0/ruby/ruby.h:29,
                 from /usr/share/rbenv/versions/3.4.4/include/ruby-3.4.0/ruby.h:38,
                 from rugged.h:16,
                 from rugged_blame.c:8:
/usr/share/rbenv/versions/3.4.4/include/ruby-3.4.0/ruby/internal/core/rdata.h:293:1: note: declared here
  293 | rb_data_object_wrap_warning(VALUE klass, void *ptr, RUBY_DATA_FUNC mark, RUBY_DATA_FUNC free)
      | ^~~~~~~~~~~~~~~~~~~~~~~~~~~
rugged_blame.c: In function ‘rb_git_blame_for_line’:
rugged_blame.c:163:2: warning: ‘rb_data_object_get_warning’ is deprecated: by TypedData [-Wdeprecated-declarations]
  163 |  Data_Get_Struct(self, git_blame, blame);
      |  ^~~~~~~~~~~~~~~
In file included from /usr/share/rbenv/versions/3.4.4/include/ruby-3.4.0/ruby/internal/core.h:27,
                 from /usr/share/rbenv/versions/3.4.4/include/ruby-3.4.0/ruby/ruby.h:29,
                 from /usr/share/rbenv/versions/3.4.4/include/ruby-3.4.0/ruby.h:38,
                 from rugged.h:16,
                 from rugged_blame.c:8:
/usr/share/rbenv/versions/3.4.4/include/ruby-3.4.0/ruby/internal/core/rdata.h:325:1: note: declared here
  325 | rb_data_object_get_warning(VALUE obj)
      | ^~~~~~~~~~~~~~~~~~~~~~~~~~
rugged_blame.c: In function ‘rb_git_blame_count’:
rugged_blame.c:187:2: warning: ‘rb_data_object_get_warning’ is deprecated: by TypedData [-Wdeprecated-declarations]
  187 |  Data_Get_Struct(self, git_blame, blame);
      |  ^~~~~~~~~~~~~~~
In file included from /usr/share/rbenv/versions/3.4.4/include/ruby-3.4.0/ruby/internal/core.h:27,
                 from /usr/share/rbenv/versions/3.4.4/include/ruby-3.4.0/ruby/ruby.h:29,
                 from /usr/share/rbenv/versions/3.4.4/include/ruby-3.4.0/ruby.h:38,
                 from rugged.h:16,
                 from rugged_blame.c:8:
/usr/share/rbenv/versions/3.4.4/include/ruby-3.4.0/ruby/internal/core/rdata.h:325:1: note: declared here
  325 | rb_data_object_get_warning(VALUE obj)
      | ^~~~~~~~~~~~~~~~~~~~~~~~~~
rugged_blame.c: In function ‘rb_git_blame_get_by_index’:
rugged_blame.c:213:2: warning: ‘rb_data_object_get_warning’ is deprecated: by TypedData [-Wdeprecated-declarations]
  213 |  Data_Get_Struct(self, git_blame, blame);
      |  ^~~~~~~~~~~~~~~
In file included from /usr/share/rbenv/versions/3.4.4/include/ruby-3.4.0/ruby/internal/core.h:27,
                 from /usr/share/rbenv/versions/3.4.4/include/ruby-3.4.0/ruby/ruby.h:29,
                 from /usr/share/rbenv/versions/3.4.4/include/ruby-3.4.0/ruby.h:38,
                 from rugged.h:16,
                 from rugged_blame.c:8:
/usr/share/rbenv/versions/3.4.4/include/ruby-3.4.0/ruby/internal/core/rdata.h:325:1: note: declared here
  325 | rb_data_object_get_warning(VALUE obj)
      | ^~~~~~~~~~~~~~~~~~~~~~~~~~
rugged_blame.c: In function ‘rb_git_blame_each’:
rugged_blame.c:252:2: warning: ‘rb_data_object_get_warning’ is deprecated: by TypedData [-Wdeprecated-declarations]
  252 |  Data_Get_Struct(self, git_blame, blame);
      |  ^~~~~~~~~~~~~~~
In file included from /usr/share/rbenv/versions/3.4.4/include/ruby-3.4.0/ruby/internal/core.h:27,
                 from /usr/share/rbenv/versions/3.4.4/include/ruby-3.4.0/ruby/ruby.h:29,
                 from /usr/share/rbenv/versions/3.4.4/include/ruby-3.4.0/ruby.h:38,
                 from rugged.h:16,
                 from rugged_blame.c:8:
/usr/share/rbenv/versions/3.4.4/include/ruby-3.4.0/ruby/internal/core/rdata.h:325:1: note: declared here
  325 | rb_data_object_get_warning(VALUE obj)
      | ^~~~~~~~~~~~~~~~~~~~~~~~~~
rugged_commit.c: In function ‘rb_git_commit_to_mbox’:
rugged_commit.c:617:2: warning: ‘rb_data_object_get_warning’ is deprecated: by TypedData [-Wdeprecated-declarations]
  617 |  Data_Get_Struct(rb_repo, git_repository, repo);
      |  ^~~~~~~~~~~~~~~
In file included from /usr/share/rbenv/versions/3.4.4/include/ruby-3.4.0/ruby/internal/core.h:27,
                 from /usr/share/rbenv/versions/3.4.4/include/ruby-3.4.0/ruby/ruby.h:29,
                 from /usr/share/rbenv/versions/3.4.4/include/ruby-3.4.0/ruby.h:38,
                 from rugged.h:16,
                 from rugged_commit.c:8:
/usr/share/rbenv/versions/3.4.4/include/ruby-3.4.0/ruby/internal/core/rdata.h:325:1: note: declared here
  325 | rb_data_object_get_warning(VALUE obj)
      | ^~~~~~~~~~~~~~~~~~~~~~~~~~
rugged_commit.c: In function ‘rb_git_commit_extract_signature’:
rugged_commit.c:738:2: warning: ‘rb_data_object_get_warning’ is deprecated: by TypedData [-Wdeprecated-declarations]
  738 |  Data_Get_Struct(rb_repo, git_repository, repo);
      |  ^~~~~~~~~~~~~~~
In file included from /usr/share/rbenv/versions/3.4.4/include/ruby-3.4.0/ruby/internal/core.h:27,
                 from /usr/share/rbenv/versions/3.4.4/include/ruby-3.4.0/ruby/ruby.h:29,
                 from /usr/share/rbenv/versions/3.4.4/include/ruby-3.4.0/ruby.h:38,
                 from rugged.h:16,
                 from rugged_commit.c:8:
/usr/share/rbenv/versions/3.4.4/include/ruby-3.4.0/ruby/internal/core/rdata.h:325:1: note: declared here
  325 | rb_data_object_get_warning(VALUE obj)
      | ^~~~~~~~~~~~~~~~~~~~~~~~~~
rugged_commit.c: In function ‘rb_git_commit_create_to_s’:
rugged_commit.c:802:2: warning: ‘rb_data_object_get_warning’ is deprecated: by TypedData [-Wdeprecated-declarations]
  802 |  Data_Get_Struct(rb_repo, git_repository, repo);
      |  ^~~~~~~~~~~~~~~
In file included from /usr/share/rbenv/versions/3.4.4/include/ruby-3.4.0/ruby/internal/core.h:27,
                 from /usr/share/rbenv/versions/3.4.4/include/ruby-3.4.0/ruby/ruby.h:29,
                 from /usr/share/rbenv/versions/3.4.4/include/ruby-3.4.0/ruby.h:38,
                 from rugged.h:16,
                 from rugged_commit.c:8:
/usr/share/rbenv/versions/3.4.4/include/ruby-3.4.0/ruby/internal/core/rdata.h:325:1: note: declared here
  325 | rb_data_object_get_warning(VALUE obj)
      | ^~~~~~~~~~~~~~~~~~~~~~~~~~
rugged_commit.c: In function ‘rb_git_commit_create_with_signature’:
rugged_commit.c:853:2: warning: ‘rb_data_object_get_warning’ is deprecated: by TypedData [-Wdeprecated-declarations]
  853 |  Data_Get_Struct(rb_repo, git_repository, repo);
      |  ^~~~~~~~~~~~~~~
In file included from /usr/share/rbenv/versions/3.4.4/include/ruby-3.4.0/ruby/internal/core.h:27,
                 from /usr/share/rbenv/versions/3.4.4/include/ruby-3.4.0/ruby/ruby.h:29,
                 from /usr/share/rbenv/versions/3.4.4/include/ruby-3.4.0/ruby.h:38,
                 from rugged.h:16,
                 from rugged_commit.c:8:
/usr/share/rbenv/versions/3.4.4/include/ruby-3.4.0/ruby/internal/core/rdata.h:325:1: note: declared here
  325 | rb_data_object_get_warning(VALUE obj)
      | ^~~~~~~~~~~~~~~~~~~~~~~~~~
compiling rugged_note.c
rugged_branch_collection.c: In function ‘rb_git_branch_collection_create’:
rugged_branch_collection.c:122:2: warning: ‘rb_data_object_get_warning’ is deprecated: by TypedData [-Wdeprecated-declarations]
  122 |  Data_Get_Struct(rb_repo, git_repository, repo);
      |  ^~~~~~~~~~~~~~~
In file included from /usr/share/rbenv/versions/3.4.4/include/ruby-3.4.0/ruby/internal/core.h:27,
                 from /usr/share/rbenv/versions/3.4.4/include/ruby-3.4.0/ruby/ruby.h:29,
                 from /usr/share/rbenv/versions/3.4.4/include/ruby-3.4.0/ruby.h:38,
                 from rugged.h:16,
                 from rugged_branch_collection.c:8:
/usr/share/rbenv/versions/3.4.4/include/ruby-3.4.0/ruby/internal/core/rdata.h:325:1: note: declared here
  325 | rb_data_object_get_warning(VALUE obj)
      | ^~~~~~~~~~~~~~~~~~~~~~~~~~
rugged_branch_collection.c: In function ‘rb_git_branch_collection_aref’:
rugged_branch_collection.c:167:2: warning: ‘rb_data_object_get_warning’ is deprecated: by TypedData [-Wdeprecated-declarations]
  167 |  Data_Get_Struct(rb_repo, git_repository, repo);
      |  ^~~~~~~~~~~~~~~
In file included from /usr/share/rbenv/versions/3.4.4/include/ruby-3.4.0/ruby/internal/core.h:27,
                 from /usr/share/rbenv/versions/3.4.4/include/ruby-3.4.0/ruby/ruby.h:29,
                 from /usr/share/rbenv/versions/3.4.4/include/ruby-3.4.0/ruby.h:38,
                 from rugged.h:16,
                 from rugged_branch_collection.c:8:
/usr/share/rbenv/versions/3.4.4/include/ruby-3.4.0/ruby/internal/core/rdata.h:325:1: note: declared here
  325 | rb_data_object_get_warning(VALUE obj)
      | ^~~~~~~~~~~~~~~~~~~~~~~~~~
rugged_blob.c: In function ‘rb_git_blob_from_buffer’:
rugged_blob.c:146:2: warning: ‘rb_data_object_get_warning’ is deprecated: by TypedData [-Wdeprecated-declarations]
  146 |  Data_Get_Struct(rb_repo, git_repository, repo);
      |  ^~~~~~~~~~~~~~~
In file included from /usr/share/rbenv/versions/3.4.4/include/ruby-3.4.0/ruby/internal/core.h:27,
                 from /usr/share/rbenv/versions/3.4.4/include/ruby-3.4.0/ruby/ruby.h:29,
                 from /usr/share/rbenv/versions/3.4.4/include/ruby-3.4.0/ruby.h:38,
                 from rugged.h:16,
                 from rugged_blob.c:8:
/usr/share/rbenv/versions/3.4.4/include/ruby-3.4.0/ruby/internal/core/rdata.h:325:1: note: declared here
  325 | rb_data_object_get_warning(VALUE obj)
      | ^~~~~~~~~~~~~~~~~~~~~~~~~~
rugged_blob.c: In function ‘rb_git_blob_from_workdir’:
rugged_blob.c:173:2: warning: ‘rb_data_object_get_warning’ is deprecated: by TypedData [-Wdeprecated-declarations]
  173 |  Data_Get_Struct(rb_repo, git_repository, repo);
      |  ^~~~~~~~~~~~~~~
In file included from /usr/share/rbenv/versions/3.4.4/include/ruby-3.4.0/ruby/internal/core.h:27,
                 from /usr/share/rbenv/versions/3.4.4/include/ruby-3.4.0/ruby/ruby.h:29,
                 from /usr/share/rbenv/versions/3.4.4/include/ruby-3.4.0/ruby.h:38,
                 from rugged.h:16,
                 from rugged_blob.c:8:
/usr/share/rbenv/versions/3.4.4/include/ruby-3.4.0/ruby/internal/core/rdata.h:325:1: note: declared here
  325 | rb_data_object_get_warning(VALUE obj)
      | ^~~~~~~~~~~~~~~~~~~~~~~~~~
rugged_blob.c: In function ‘rb_git_blob_from_disk’:
rugged_blob.c:201:2: warning: ‘rb_data_object_get_warning’ is deprecated: by TypedData [-Wdeprecated-declarations]
  201 |  Data_Get_Struct(rb_repo, git_repository, repo);
      |  ^~~~~~~~~~~~~~~
In file included from /usr/share/rbenv/versions/3.4.4/include/ruby-3.4.0/ruby/internal/core.h:27,
                 from /usr/share/rbenv/versions/3.4.4/include/ruby-3.4.0/ruby/ruby.h:29,
                 from /usr/share/rbenv/versions/3.4.4/include/ruby-3.4.0/ruby.h:38,
                 from rugged.h:16,
                 from rugged_blob.c:8:
/usr/share/rbenv/versions/3.4.4/include/ruby-3.4.0/ruby/internal/core/rdata.h:325:1: note: declared here
  325 | rb_data_object_get_warning(VALUE obj)
      | ^~~~~~~~~~~~~~~~~~~~~~~~~~
rugged_branch.c: In function ‘rb_git_branch_head_p’:
rugged_branch.c:30:2: warning: ‘rb_data_object_get_warning’ is deprecated: by TypedData [-Wdeprecated-declarations]
   30 |  Data_Get_Struct(self, git_reference, branch);
      |  ^~~~~~~~~~~~~~~
In file included from /usr/share/rbenv/versions/3.4.4/include/ruby-3.4.0/ruby/internal/core.h:27,
                 from /usr/share/rbenv/versions/3.4.4/include/ruby-3.4.0/ruby/ruby.h:29,
                 from /usr/share/rbenv/versions/3.4.4/include/ruby-3.4.0/ruby.h:38,
                 from rugged.h:16,
                 from rugged_branch.c:8:
/usr/share/rbenv/versions/3.4.4/include/ruby-3.4.0/ruby/internal/core/rdata.h:325:1: note: declared here
  325 | rb_data_object_get_warning(VALUE obj)
      | ^~~~~~~~~~~~~~~~~~~~~~~~~~
rugged_branch.c: In function ‘rb_git_branch_name’:
rugged_branch.c:47:2: warning: ‘rb_data_object_get_warning’ is deprecated: by TypedData [-Wdeprecated-declarations]
   47 |  Data_Get_Struct(self, git_reference, branch);
      |  ^~~~~~~~~~~~~~~
In file included from /usr/share/rbenv/versions/3.4.4/include/ruby-3.4.0/ruby/internal/core.h:27,
                 from /usr/share/rbenv/versions/3.4.4/include/ruby-3.4.0/ruby/ruby.h:29,
                 from /usr/share/rbenv/versions/3.4.4/include/ruby-3.4.0/ruby.h:38,
                 from rugged.h:16,
                 from rugged_branch.c:8:
/usr/share/rbenv/versions/3.4.4/include/ruby-3.4.0/ruby/internal/core/rdata.h:325:1: note: declared here
  325 | rb_data_object_get_warning(VALUE obj)
      | ^~~~~~~~~~~~~~~~~~~~~~~~~~
rugged_branch_collection.c: In function ‘each_branch’:
rugged_branch_collection.c:196:2: warning: ‘rb_data_object_get_warning’ is deprecated: by TypedData [-Wdeprecated-declarations]
  196 |  Data_Get_Struct(rb_repo, git_repository, repo);
      |  ^~~~~~~~~~~~~~~
In file included from /usr/share/rbenv/versions/3.4.4/include/ruby-3.4.0/ruby/internal/core.h:27,
                 from /usr/share/rbenv/versions/3.4.4/include/ruby-3.4.0/ruby/ruby.h:29,
                 from /usr/share/rbenv/versions/3.4.4/include/ruby-3.4.0/ruby.h:38,
                 from rugged.h:16,
                 from rugged_branch_collection.c:8:
/usr/share/rbenv/versions/3.4.4/include/ruby-3.4.0/ruby/internal/core/rdata.h:325:1: note: declared here
  325 | rb_data_object_get_warning(VALUE obj)
      | ^~~~~~~~~~~~~~~~~~~~~~~~~~
rugged_branch.c: In function ‘rb_git_branch__remote_name’:
rugged_branch.c:61:2: warning: ‘rb_data_object_get_warning’ is deprecated: by TypedData [-Wdeprecated-declarations]
   61 |  Data_Get_Struct(rb_repo, git_repository, repo);
      |  ^~~~~~~~~~~~~~~
In file included from /usr/share/rbenv/versions/3.4.4/include/ruby-3.4.0/ruby/internal/core.h:27,
                 from /usr/share/rbenv/versions/3.4.4/include/ruby-3.4.0/ruby/ruby.h:29,
                 from /usr/share/rbenv/versions/3.4.4/include/ruby-3.4.0/ruby.h:38,
                 from rugged.h:16,
                 from rugged_branch.c:8:
/usr/share/rbenv/versions/3.4.4/include/ruby-3.4.0/ruby/internal/core/rdata.h:325:1: note: declared here
  325 | rb_data_object_get_warning(VALUE obj)
      | ^~~~~~~~~~~~~~~~~~~~~~~~~~
rugged_branch.c: In function ‘rb_git_branch_remote_name’:
rugged_branch.c:89:2: warning: ‘rb_data_object_get_warning’ is deprecated: by TypedData [-Wdeprecated-declarations]
   89 |  Data_Get_Struct(self, git_reference, branch);
      |  ^~~~~~~~~~~~~~~
In file included from /usr/share/rbenv/versions/3.4.4/include/ruby-3.4.0/ruby/internal/core.h:27,
                 from /usr/share/rbenv/versions/3.4.4/include/ruby-3.4.0/ruby/ruby.h:29,
                 from /usr/share/rbenv/versions/3.4.4/include/ruby-3.4.0/ruby.h:38,
                 from rugged.h:16,
                 from rugged_branch.c:8:
/usr/share/rbenv/versions/3.4.4/include/ruby-3.4.0/ruby/internal/core/rdata.h:325:1: note: declared here
  325 | rb_data_object_get_warning(VALUE obj)
      | ^~~~~~~~~~~~~~~~~~~~~~~~~~
rugged_branch_collection.c: In function ‘rb_git_branch_collection_delete’:
rugged_branch_collection.c:276:2: warning: ‘rb_data_object_get_warning’ is deprecated: by TypedData [-Wdeprecated-declarations]
  276 |  Data_Get_Struct(rb_repo, git_repository, repo);
      |  ^~~~~~~~~~~~~~~
In file included from /usr/share/rbenv/versions/3.4.4/include/ruby-3.4.0/ruby/internal/core.h:27,
                 from /usr/share/rbenv/versions/3.4.4/include/ruby-3.4.0/ruby/ruby.h:29,
                 from /usr/share/rbenv/versions/3.4.4/include/ruby-3.4.0/ruby.h:38,
                 from rugged.h:16,
                 from rugged_branch_collection.c:8:
/usr/share/rbenv/versions/3.4.4/include/ruby-3.4.0/ruby/internal/core/rdata.h:325:1: note: declared here
  325 | rb_data_object_get_warning(VALUE obj)
      | ^~~~~~~~~~~~~~~~~~~~~~~~~~
rugged_blob.c: In function ‘rb_git_blob_from_io’:
rugged_blob.c:256:2: warning: ‘rb_data_object_get_warning’ is deprecated: by TypedData [-Wdeprecated-declarations]
  256 |  Data_Get_Struct(rb_repo, git_repository, repo);
      |  ^~~~~~~~~~~~~~~
In file included from /usr/share/rbenv/versions/3.4.4/include/ruby-3.4.0/ruby/internal/core.h:27,
                 from /usr/share/rbenv/versions/3.4.4/include/ruby-3.4.0/ruby/ruby.h:29,
                 from /usr/share/rbenv/versions/3.4.4/include/ruby-3.4.0/ruby.h:38,
                 from rugged.h:16,
                 from rugged_blob.c:8:
/usr/share/rbenv/versions/3.4.4/include/ruby-3.4.0/ruby/internal/core/rdata.h:325:1: note: declared here
  325 | rb_data_object_get_warning(VALUE obj)
      | ^~~~~~~~~~~~~~~~~~~~~~~~~~
rugged_branch.c: In function ‘rb_git_branch_upstream’:
rugged_branch.c:119:2: warning: ‘rb_data_object_get_warning’ is deprecated: by TypedData [-Wdeprecated-declarations]
  119 |  Data_Get_Struct(self, git_reference, branch);
      |  ^~~~~~~~~~~~~~~
In file included from /usr/share/rbenv/versions/3.4.4/include/ruby-3.4.0/ruby/internal/core.h:27,
                 from /usr/share/rbenv/versions/3.4.4/include/ruby-3.4.0/ruby/ruby.h:29,
                 from /usr/share/rbenv/versions/3.4.4/include/ruby-3.4.0/ruby.h:38,
                 from rugged.h:16,
                 from rugged_branch.c:8:
/usr/share/rbenv/versions/3.4.4/include/ruby-3.4.0/ruby/internal/core/rdata.h:325:1: note: declared here
  325 | rb_data_object_get_warning(VALUE obj)
      | ^~~~~~~~~~~~~~~~~~~~~~~~~~
rugged_branch.c: In function ‘rb_git_branch_set_upstream’:
rugged_branch.c:148:2: warning: ‘rb_data_object_get_warning’ is deprecated: by TypedData [-Wdeprecated-declarations]
  148 |  Data_Get_Struct(self, git_reference, branch);
      |  ^~~~~~~~~~~~~~~
In file included from /usr/share/rbenv/versions/3.4.4/include/ruby-3.4.0/ruby/internal/core.h:27,
                 from /usr/share/rbenv/versions/3.4.4/include/ruby-3.4.0/ruby/ruby.h:29,
                 from /usr/share/rbenv/versions/3.4.4/include/ruby-3.4.0/ruby.h:38,
                 from rugged.h:16,
                 from rugged_branch.c:8:
/usr/share/rbenv/versions/3.4.4/include/ruby-3.4.0/ruby/internal/core/rdata.h:325:1: note: declared here
  325 | rb_data_object_get_warning(VALUE obj)
      | ^~~~~~~~~~~~~~~~~~~~~~~~~~
rugged_branch.c:153:3: warning: ‘rb_data_object_get_warning’ is deprecated: by TypedData [-Wdeprecated-declarations]
  153 |   Data_Get_Struct(rb_branch, git_reference, target_branch);
      |   ^~~~~~~~~~~~~~~
In file included from /usr/share/rbenv/versions/3.4.4/include/ruby-3.4.0/ruby/internal/core.h:27,
                 from /usr/share/rbenv/versions/3.4.4/include/ruby-3.4.0/ruby/ruby.h:29,
                 from /usr/share/rbenv/versions/3.4.4/include/ruby-3.4.0/ruby.h:38,
                 from rugged.h:16,
                 from rugged_branch.c:8:
/usr/share/rbenv/versions/3.4.4/include/ruby-3.4.0/ruby/internal/core/rdata.h:325:1: note: declared here
  325 | rb_data_object_get_warning(VALUE obj)
      | ^~~~~~~~~~~~~~~~~~~~~~~~~~
rugged_branch_collection.c: In function ‘rb_git_branch_collection_move’:
rugged_branch_collection.c:323:2: warning: ‘rb_data_object_get_warning’ is deprecated: by TypedData [-Wdeprecated-declarations]
  323 |  Data_Get_Struct(rb_repo, git_repository, repo);
      |  ^~~~~~~~~~~~~~~
In file included from /usr/share/rbenv/versions/3.4.4/include/ruby-3.4.0/ruby/internal/core.h:27,
                 from /usr/share/rbenv/versions/3.4.4/include/ruby-3.4.0/ruby/ruby.h:29,
                 from /usr/share/rbenv/versions/3.4.4/include/ruby-3.4.0/ruby.h:38,
                 from rugged.h:16,
                 from rugged_branch_collection.c:8:
/usr/share/rbenv/versions/3.4.4/include/ruby-3.4.0/ruby/internal/core/rdata.h:325:1: note: declared here
  325 | rb_data_object_get_warning(VALUE obj)
      | ^~~~~~~~~~~~~~~~~~~~~~~~~~
rugged_branch_collection.c: In function ‘rb_git_branch_collection_exist_p’:
rugged_branch_collection.c:356:2: warning: ‘rb_data_object_get_warning’ is deprecated: by TypedData [-Wdeprecated-declarations]
  356 |  Data_Get_Struct(rb_repo, git_repository, repo);
      |  ^~~~~~~~~~~~~~~
In file included from /usr/share/rbenv/versions/3.4.4/include/ruby-3.4.0/ruby/internal/core.h:27,
                 from /usr/share/rbenv/versions/3.4.4/include/ruby-3.4.0/ruby/ruby.h:29,
                 from /usr/share/rbenv/versions/3.4.4/include/ruby-3.4.0/ruby.h:38,
                 from rugged.h:16,
                 from rugged_branch_collection.c:8:
/usr/share/rbenv/versions/3.4.4/include/ruby-3.4.0/ruby/internal/core/rdata.h:325:1: note: declared here
  325 | rb_data_object_get_warning(VALUE obj)
      | ^~~~~~~~~~~~~~~~~~~~~~~~~~
rugged_blob.c: In function ‘rb_git_blob_to_buffer’:
rugged_blob.c:510:2: warning: ‘rb_data_object_get_warning’ is deprecated: by TypedData [-Wdeprecated-declarations]
  510 |  Data_Get_Struct(rb_repo, git_repository, repo);
      |  ^~~~~~~~~~~~~~~
In file included from /usr/share/rbenv/versions/3.4.4/include/ruby-3.4.0/ruby/internal/core.h:27,
                 from /usr/share/rbenv/versions/3.4.4/include/ruby-3.4.0/ruby/ruby.h:29,
                 from /usr/share/rbenv/versions/3.4.4/include/ruby-3.4.0/ruby.h:38,
                 from rugged.h:16,
                 from rugged_blob.c:8:
/usr/share/rbenv/versions/3.4.4/include/ruby-3.4.0/ruby/internal/core/rdata.h:325:1: note: declared here
  325 | rb_data_object_get_warning(VALUE obj)
      | ^~~~~~~~~~~~~~~~~~~~~~~~~~
rugged_blob.c: In function ‘rb_git_blob_merge_files’:
compiling rugged_object.c
rugged_blob.c:610:3: warning: ‘rb_data_object_get_warning’ is deprecated: by TypedData [-Wdeprecated-declarations]
  610 |   Data_Get_Struct(rb_repo, git_repository, repo);
      |   ^~~~~~~~~~~~~~~
In file included from /usr/share/rbenv/versions/3.4.4/include/ruby-3.4.0/ruby/internal/core.h:27,
                 from /usr/share/rbenv/versions/3.4.4/include/ruby-3.4.0/ruby/ruby.h:29,
                 from /usr/share/rbenv/versions/3.4.4/include/ruby-3.4.0/ruby.h:38,
                 from rugged.h:16,
                 from rugged_blob.c:8:
/usr/share/rbenv/versions/3.4.4/include/ruby-3.4.0/ruby/internal/core/rdata.h:325:1: note: declared here
  325 | rb_data_object_get_warning(VALUE obj)
      | ^~~~~~~~~~~~~~~~~~~~~~~~~~
rugged_blob.c: In function ‘rb_git_blob_sig_new’:
rugged_blob.c:667:2: warning: ‘rb_data_object_wrap_warning’ is deprecated: by TypedData [-Wdeprecated-declarations]
  667 |  return Data_Wrap_Struct(klass, NULL, &git_hashsig_free, sig);
      |  ^~~~~~
In file included from /usr/share/rbenv/versions/3.4.4/include/ruby-3.4.0/ruby/internal/core.h:27,
                 from /usr/share/rbenv/versions/3.4.4/include/ruby-3.4.0/ruby/ruby.h:29,
                 from /usr/share/rbenv/versions/3.4.4/include/ruby-3.4.0/ruby.h:38,
                 from rugged.h:16,
                 from rugged_blob.c:8:
/usr/share/rbenv/versions/3.4.4/include/ruby-3.4.0/ruby/internal/core/rdata.h:293:1: note: declared here
  293 | rb_data_object_wrap_warning(VALUE klass, void *ptr, RUBY_DATA_FUNC mark, RUBY_DATA_FUNC free)
      | ^~~~~~~~~~~~~~~~~~~~~~~~~~~
rugged_blob.c: In function ‘rb_git_blob_sig_compare’:
rugged_blob.c:681:2: warning: ‘rb_data_object_get_warning’ is deprecated: by TypedData [-Wdeprecated-declarations]
  681 |  Data_Get_Struct(rb_sig_a, git_hashsig, sig_a);
      |  ^~~~~~~~~~~~~~~
In file included from /usr/share/rbenv/versions/3.4.4/include/ruby-3.4.0/ruby/internal/core.h:27,
                 from /usr/share/rbenv/versions/3.4.4/include/ruby-3.4.0/ruby/ruby.h:29,
                 from /usr/share/rbenv/versions/3.4.4/include/ruby-3.4.0/ruby.h:38,
                 from rugged.h:16,
                 from rugged_blob.c:8:
/usr/share/rbenv/versions/3.4.4/include/ruby-3.4.0/ruby/internal/core/rdata.h:325:1: note: declared here
  325 | rb_data_object_get_warning(VALUE obj)
      | ^~~~~~~~~~~~~~~~~~~~~~~~~~
rugged_blob.c:682:2: warning: ‘rb_data_object_get_warning’ is deprecated: by TypedData [-Wdeprecated-declarations]
  682 |  Data_Get_Struct(rb_sig_b, git_hashsig, sig_b);
      |  ^~~~~~~~~~~~~~~
In file included from /usr/share/rbenv/versions/3.4.4/include/ruby-3.4.0/ruby/internal/core.h:27,
                 from /usr/share/rbenv/versions/3.4.4/include/ruby-3.4.0/ruby/ruby.h:29,
                 from /usr/share/rbenv/versions/3.4.4/include/ruby-3.4.0/ruby.h:38,
                 from rugged.h:16,
                 from rugged_blob.c:8:
/usr/share/rbenv/versions/3.4.4/include/ruby-3.4.0/ruby/internal/core/rdata.h:325:1: note: declared here
  325 | rb_data_object_get_warning(VALUE obj)
      | ^~~~~~~~~~~~~~~~~~~~~~~~~~
compiling rugged_patch.c
rugged_config.c: In function ‘rugged_config_new’:
rugged_config.c:20:2: warning: ‘rb_data_object_wrap_warning’ is deprecated: by TypedData [-Wdeprecated-declarations]
   20 |  VALUE rb_config = Data_Wrap_Struct(klass, NULL, &rb_git_config__free, cfg);
      |  ^~~~~
In file included from /usr/share/rbenv/versions/3.4.4/include/ruby-3.4.0/ruby/internal/core.h:27,
                 from /usr/share/rbenv/versions/3.4.4/include/ruby-3.4.0/ruby/ruby.h:29,
                 from /usr/share/rbenv/versions/3.4.4/include/ruby-3.4.0/ruby.h:38,
                 from rugged.h:16,
                 from rugged_config.c:8:
/usr/share/rbenv/versions/3.4.4/include/ruby-3.4.0/ruby/internal/core/rdata.h:293:1: note: declared here
  293 | rb_data_object_wrap_warning(VALUE klass, void *ptr, RUBY_DATA_FUNC mark, RUBY_DATA_FUNC free)
      | ^~~~~~~~~~~~~~~~~~~~~~~~~~~
rugged_config.c: In function ‘rb_git_config_get’:
rugged_config.c:83:2: warning: ‘rb_data_object_get_warning’ is deprecated: by TypedData [-Wdeprecated-declarations]
   83 |  Data_Get_Struct(self, git_config, config);
      |  ^~~~~~~~~~~~~~~
In file included from /usr/share/rbenv/versions/3.4.4/include/ruby-3.4.0/ruby/internal/core.h:27,
                 from /usr/share/rbenv/versions/3.4.4/include/ruby-3.4.0/ruby/ruby.h:29,
                 from /usr/share/rbenv/versions/3.4.4/include/ruby-3.4.0/ruby.h:38,
                 from rugged.h:16,
                 from rugged_config.c:8:
/usr/share/rbenv/versions/3.4.4/include/ruby-3.4.0/ruby/internal/core/rdata.h:325:1: note: declared here
  325 | rb_data_object_get_warning(VALUE obj)
      | ^~~~~~~~~~~~~~~~~~~~~~~~~~
rugged_config.c: In function ‘rb_git_config_store’:
rugged_config.c:118:2: warning: ‘rb_data_object_get_warning’ is deprecated: by TypedData [-Wdeprecated-declarations]
  118 |  Data_Get_Struct(self, git_config, config);
      |  ^~~~~~~~~~~~~~~
In file included from /usr/share/rbenv/versions/3.4.4/include/ruby-3.4.0/ruby/internal/core.h:27,
                 from /usr/share/rbenv/versions/3.4.4/include/ruby-3.4.0/ruby/ruby.h:29,
                 from /usr/share/rbenv/versions/3.4.4/include/ruby-3.4.0/ruby.h:38,
                 from rugged.h:16,
                 from rugged_config.c:8:
/usr/share/rbenv/versions/3.4.4/include/ruby-3.4.0/ruby/internal/core/rdata.h:325:1: note: declared here
  325 | rb_data_object_get_warning(VALUE obj)
      | ^~~~~~~~~~~~~~~~~~~~~~~~~~
rugged_config.c: In function ‘rb_git_config_delete’:
rugged_config.c:161:2: warning: ‘rb_data_object_get_warning’ is deprecated: by TypedData [-Wdeprecated-declarations]
  161 |  Data_Get_Struct(self, git_config, config);
      |  ^~~~~~~~~~~~~~~
In file included from /usr/share/rbenv/versions/3.4.4/include/ruby-3.4.0/ruby/internal/core.h:27,
                 from /usr/share/rbenv/versions/3.4.4/include/ruby-3.4.0/ruby/ruby.h:29,
                 from /usr/share/rbenv/versions/3.4.4/include/ruby-3.4.0/ruby.h:38,
                 from rugged.h:16,
                 from rugged_config.c:8:
/usr/share/rbenv/versions/3.4.4/include/ruby-3.4.0/ruby/internal/core/rdata.h:325:1: note: declared here
  325 | rb_data_object_get_warning(VALUE obj)
      | ^~~~~~~~~~~~~~~~~~~~~~~~~~
rugged_config.c: In function ‘rb_git_config_each_key’:
rugged_config.c:223:2: warning: ‘rb_data_object_get_warning’ is deprecated: by TypedData [-Wdeprecated-declarations]
  223 |  Data_Get_Struct(self, git_config, config);
      |  ^~~~~~~~~~~~~~~
In file included from /usr/share/rbenv/versions/3.4.4/include/ruby-3.4.0/ruby/internal/core.h:27,
                 from /usr/share/rbenv/versions/3.4.4/include/ruby-3.4.0/ruby/ruby.h:29,
                 from /usr/share/rbenv/versions/3.4.4/include/ruby-3.4.0/ruby.h:38,
                 from rugged.h:16,
                 from rugged_config.c:8:
/usr/share/rbenv/versions/3.4.4/include/ruby-3.4.0/ruby/internal/core/rdata.h:325:1: note: declared here
  325 | rb_data_object_get_warning(VALUE obj)
      | ^~~~~~~~~~~~~~~~~~~~~~~~~~
rugged_config.c: In function ‘rb_git_config_each_pair’:
rugged_config.c:253:2: warning: ‘rb_data_object_get_warning’ is deprecated: by TypedData [-Wdeprecated-declarations]
  253 |  Data_Get_Struct(self, git_config, config);
      |  ^~~~~~~~~~~~~~~
In file included from /usr/share/rbenv/versions/3.4.4/include/ruby-3.4.0/ruby/internal/core.h:27,
                 from /usr/share/rbenv/versions/3.4.4/include/ruby-3.4.0/ruby/ruby.h:29,
                 from /usr/share/rbenv/versions/3.4.4/include/ruby-3.4.0/ruby.h:38,
                 from rugged.h:16,
                 from rugged_config.c:8:
/usr/share/rbenv/versions/3.4.4/include/ruby-3.4.0/ruby/internal/core/rdata.h:325:1: note: declared here
  325 | rb_data_object_get_warning(VALUE obj)
      | ^~~~~~~~~~~~~~~~~~~~~~~~~~
rugged_config.c: In function ‘rb_git_config_to_hash’:
rugged_config.c:279:2: warning: ‘rb_data_object_get_warning’ is deprecated: by TypedData [-Wdeprecated-declarations]
  279 |  Data_Get_Struct(self, git_config, config);
      |  ^~~~~~~~~~~~~~~
In file included from /usr/share/rbenv/versions/3.4.4/include/ruby-3.4.0/ruby/internal/core.h:27,
                 from /usr/share/rbenv/versions/3.4.4/include/ruby-3.4.0/ruby/ruby.h:29,
                 from /usr/share/rbenv/versions/3.4.4/include/ruby-3.4.0/ruby.h:38,
                 from rugged.h:16,
                 from rugged_config.c:8:
/usr/share/rbenv/versions/3.4.4/include/ruby-3.4.0/ruby/internal/core/rdata.h:325:1: note: declared here
  325 | rb_data_object_get_warning(VALUE obj)
      | ^~~~~~~~~~~~~~~~~~~~~~~~~~
rugged_config.c: In function ‘rb_git_config_snapshot’:
rugged_config.c:320:2: warning: ‘rb_data_object_get_warning’ is deprecated: by TypedData [-Wdeprecated-declarations]
  320 |  Data_Get_Struct(self, git_config, config);
      |  ^~~~~~~~~~~~~~~
In file included from /usr/share/rbenv/versions/3.4.4/include/ruby-3.4.0/ruby/internal/core.h:27,
                 from /usr/share/rbenv/versions/3.4.4/include/ruby-3.4.0/ruby/ruby.h:29,
                 from /usr/share/rbenv/versions/3.4.4/include/ruby-3.4.0/ruby.h:38,
                 from rugged.h:16,
                 from rugged_config.c:8:
/usr/share/rbenv/versions/3.4.4/include/ruby-3.4.0/ruby/internal/core/rdata.h:325:1: note: declared here
  325 | rb_data_object_get_warning(VALUE obj)
      | ^~~~~~~~~~~~~~~~~~~~~~~~~~
rugged_config.c: In function ‘rb_git_config_transaction’:
rugged_config.c:351:2: warning: ‘rb_data_object_get_warning’ is deprecated: by TypedData [-Wdeprecated-declarations]
  351 |  Data_Get_Struct(self, git_config, config);
      |  ^~~~~~~~~~~~~~~
In file included from /usr/share/rbenv/versions/3.4.4/include/ruby-3.4.0/ruby/internal/core.h:27,
                 from /usr/share/rbenv/versions/3.4.4/include/ruby-3.4.0/ruby/ruby.h:29,
                 from /usr/share/rbenv/versions/3.4.4/include/ruby-3.4.0/ruby.h:38,
                 from rugged.h:16,
                 from rugged_config.c:8:
/usr/share/rbenv/versions/3.4.4/include/ruby-3.4.0/ruby/internal/core/rdata.h:325:1: note: declared here
  325 | rb_data_object_get_warning(VALUE obj)
      | ^~~~~~~~~~~~~~~~~~~~~~~~~~
rugged_config.c: In function ‘rb_git_config_get_all’:
rugged_config.c:395:2: warning: ‘rb_data_object_get_warning’ is deprecated: by TypedData [-Wdeprecated-declarations]
  395 |  Data_Get_Struct(self, git_config, config);
      |  ^~~~~~~~~~~~~~~
In file included from /usr/share/rbenv/versions/3.4.4/include/ruby-3.4.0/ruby/internal/core.h:27,
                 from /usr/share/rbenv/versions/3.4.4/include/ruby-3.4.0/ruby/ruby.h:29,
                 from /usr/share/rbenv/versions/3.4.4/include/ruby-3.4.0/ruby.h:38,
                 from rugged.h:16,
                 from rugged_config.c:8:
/usr/share/rbenv/versions/3.4.4/include/ruby-3.4.0/ruby/internal/core/rdata.h:325:1: note: declared here
  325 | rb_data_object_get_warning(VALUE obj)
      | ^~~~~~~~~~~~~~~~~~~~~~~~~~
rugged_diff.c: In function ‘rugged_diff_new’:
rugged.c: In function ‘Init_rugged’:
rugged.c:665:2: warning: ‘rb_data_object_wrap_warning’ is deprecated: by TypedData [-Wdeprecated-declarations]
  665 |  rb_mShutdownHook = Data_Wrap_Struct(rb_cObject, NULL, &cleanup_cb, NULL);
      |  ^~~~~~~~~~~~~~~~
In file included from /usr/share/rbenv/versions/3.4.4/include/ruby-3.4.0/ruby/internal/core.h:27,
                 from /usr/share/rbenv/versions/3.4.4/include/ruby-3.4.0/ruby/ruby.h:29,
                 from /usr/share/rbenv/versions/3.4.4/include/ruby-3.4.0/ruby.h:38,
                 from rugged.h:16,
                 from rugged.c:8:
/usr/share/rbenv/versions/3.4.4/include/ruby-3.4.0/ruby/internal/core/rdata.h:293:1: note: declared here
  293 | rb_data_object_wrap_warning(VALUE klass, void *ptr, RUBY_DATA_FUNC mark, RUBY_DATA_FUNC free)
      | ^~~~~~~~~~~~~~~~~~~~~~~~~~~
rugged_diff.c:15:2: warning: ‘rb_data_object_wrap_warning’ is deprecated: by TypedData [-Wdeprecated-declarations]
   15 |  VALUE rb_diff = Data_Wrap_Struct(klass, NULL, git_diff_free, diff);
      |  ^~~~~
In file included from /usr/share/rbenv/versions/3.4.4/include/ruby-3.4.0/ruby/internal/core.h:27,
                 from /usr/share/rbenv/versions/3.4.4/include/ruby-3.4.0/ruby/ruby.h:29,
                 from /usr/share/rbenv/versions/3.4.4/include/ruby-3.4.0/ruby.h:38,
                 from rugged.h:16,
                 from rugged_diff.c:8:
/usr/share/rbenv/versions/3.4.4/include/ruby-3.4.0/ruby/internal/core/rdata.h:293:1: note: declared here
  293 | rb_data_object_wrap_warning(VALUE klass, void *ptr, RUBY_DATA_FUNC mark, RUBY_DATA_FUNC free)
      | ^~~~~~~~~~~~~~~~~~~~~~~~~~~
rugged_diff.c: In function ‘rb_git_diff_patch’:
rugged_diff.c:215:2: warning: ‘rb_data_object_get_warning’ is deprecated: by TypedData [-Wdeprecated-declarations]
  215 |  Data_Get_Struct(self, git_diff, diff);
      |  ^~~~~~~~~~~~~~~
In file included from /usr/share/rbenv/versions/3.4.4/include/ruby-3.4.0/ruby/internal/core.h:27,
                 from /usr/share/rbenv/versions/3.4.4/include/ruby-3.4.0/ruby/ruby.h:29,
                 from /usr/share/rbenv/versions/3.4.4/include/ruby-3.4.0/ruby.h:38,
                 from rugged.h:16,
                 from rugged_diff.c:8:
/usr/share/rbenv/versions/3.4.4/include/ruby-3.4.0/ruby/internal/core/rdata.h:325:1: note: declared here
  325 | rb_data_object_get_warning(VALUE obj)
      | ^~~~~~~~~~~~~~~~~~~~~~~~~~
rugged_diff.c: In function ‘rb_git_diff_write_patch’:
rugged_diff_hunk.c: In function ‘rb_git_diff_hunk_each_line’:
rugged_diff.c:259:2: warning: ‘rb_data_object_get_warning’ is deprecated: by TypedData [-Wdeprecated-declarations]
  259 |  Data_Get_Struct(self, git_diff, diff);
      |  ^~~~~~~~~~~~~~~
rugged_diff_hunk.c:47:2: warning: ‘rb_data_object_get_warning’ is deprecated: by TypedData [-Wdeprecated-declarations]
   47 |  Data_Get_Struct(rugged_owner(self), git_patch, patch);
      |  ^~~~~~~~~~~~~~~
In file included from /usr/share/rbenv/versions/3.4.4/include/ruby-3.4.0/ruby/internal/core.h:27,
                 from /usr/share/rbenv/versions/3.4.4/include/ruby-3.4.0/ruby/ruby.h:29,
                 from /usr/share/rbenv/versions/3.4.4/include/ruby-3.4.0/ruby.h:38,
                 from rugged.h:16,
                 from rugged_diff.c:8:
/usr/share/rbenv/versions/3.4.4/include/ruby-3.4.0/ruby/internal/core/rdata.h:325:1: note: declared here
  325 | rb_data_object_get_warning(VALUE obj)
      | ^~~~~~~~~~~~~~~~~~~~~~~~~~
In file included from /usr/share/rbenv/versions/3.4.4/include/ruby-3.4.0/ruby/internal/core.h:27,
                 from /usr/share/rbenv/versions/3.4.4/include/ruby-3.4.0/ruby/ruby.h:29,
                 from /usr/share/rbenv/versions/3.4.4/include/ruby-3.4.0/ruby.h:38,
                 from rugged.h:16,
                 from rugged_diff_hunk.c:8:
/usr/share/rbenv/versions/3.4.4/include/ruby-3.4.0/ruby/internal/core/rdata.h:325:1: note: declared here
  325 | rb_data_object_get_warning(VALUE obj)
      | ^~~~~~~~~~~~~~~~~~~~~~~~~~
rugged_diff.c: In function ‘rb_git_diff_merge’:
rugged_diff.c:288:2: warning: ‘rb_data_object_get_warning’ is deprecated: by TypedData [-Wdeprecated-declarations]
  288 |  Data_Get_Struct(self, git_diff, diff);
      |  ^~~~~~~~~~~~~~~
In file included from /usr/share/rbenv/versions/3.4.4/include/ruby-3.4.0/ruby/internal/core.h:27,
                 from /usr/share/rbenv/versions/3.4.4/include/ruby-3.4.0/ruby/ruby.h:29,
                 from /usr/share/rbenv/versions/3.4.4/include/ruby-3.4.0/ruby.h:38,
                 from rugged.h:16,
                 from rugged_diff.c:8:
/usr/share/rbenv/versions/3.4.4/include/ruby-3.4.0/ruby/internal/core/rdata.h:325:1: note: declared here
  325 | rb_data_object_get_warning(VALUE obj)
      | ^~~~~~~~~~~~~~~~~~~~~~~~~~
rugged_diff.c:289:2: warning: ‘rb_data_object_get_warning’ is deprecated: by TypedData [-Wdeprecated-declarations]
  289 |  Data_Get_Struct(rb_other, git_diff, other);
      |  ^~~~~~~~~~~~~~~
In file included from /usr/share/rbenv/versions/3.4.4/include/ruby-3.4.0/ruby/internal/core.h:27,
                 from /usr/share/rbenv/versions/3.4.4/include/ruby-3.4.0/ruby/ruby.h:29,
                 from /usr/share/rbenv/versions/3.4.4/include/ruby-3.4.0/ruby.h:38,
                 from rugged.h:16,
                 from rugged_diff.c:8:
/usr/share/rbenv/versions/3.4.4/include/ruby-3.4.0/ruby/internal/core/rdata.h:325:1: note: declared here
  325 | rb_data_object_get_warning(VALUE obj)
      | ^~~~~~~~~~~~~~~~~~~~~~~~~~
rugged_diff.c: In function ‘rb_git_diff_find_similar’:
rugged_diff.c:361:2: warning: ‘rb_data_object_get_warning’ is deprecated: by TypedData [-Wdeprecated-declarations]
  361 |  Data_Get_Struct(self, git_diff, diff);
      |  ^~~~~~~~~~~~~~~
In file included from /usr/share/rbenv/versions/3.4.4/include/ruby-3.4.0/ruby/internal/core.h:27,
                 from /usr/share/rbenv/versions/3.4.4/include/ruby-3.4.0/ruby/ruby.h:29,
                 from /usr/share/rbenv/versions/3.4.4/include/ruby-3.4.0/ruby.h:38,
                 from rugged.h:16,
                 from rugged_diff.c:8:
/usr/share/rbenv/versions/3.4.4/include/ruby-3.4.0/ruby/internal/core/rdata.h:325:1: note: declared here
  325 | rb_data_object_get_warning(VALUE obj)
      | ^~~~~~~~~~~~~~~~~~~~~~~~~~
rugged_diff.c: In function ‘rb_git_diff_each_patch’:
rugged_diff.c:451:2: warning: ‘rb_data_object_get_warning’ is deprecated: by TypedData [-Wdeprecated-declarations]
  451 |  Data_Get_Struct(self, git_diff, diff);
      |  ^~~~~~~~~~~~~~~
In file included from /usr/share/rbenv/versions/3.4.4/include/ruby-3.4.0/ruby/internal/core.h:27,
                 from /usr/share/rbenv/versions/3.4.4/include/ruby-3.4.0/ruby/ruby.h:29,
                 from /usr/share/rbenv/versions/3.4.4/include/ruby-3.4.0/ruby.h:38,
                 from rugged.h:16,
                 from rugged_diff.c:8:
/usr/share/rbenv/versions/3.4.4/include/ruby-3.4.0/ruby/internal/core/rdata.h:325:1: note: declared here
  325 | rb_data_object_get_warning(VALUE obj)
      | ^~~~~~~~~~~~~~~~~~~~~~~~~~
rugged_diff.c: In function ‘rb_git_diff_each_delta’:
rugged_diff.c:484:2: warning: ‘rb_data_object_get_warning’ is deprecated: by TypedData [-Wdeprecated-declarations]
  484 |  Data_Get_Struct(self, git_diff, diff);
      |  ^~~~~~~~~~~~~~~
In file included from /usr/share/rbenv/versions/3.4.4/include/ruby-3.4.0/ruby/internal/core.h:27,
                 from /usr/share/rbenv/versions/3.4.4/include/ruby-3.4.0/ruby/ruby.h:29,
                 from /usr/share/rbenv/versions/3.4.4/include/ruby-3.4.0/ruby.h:38,
                 from rugged.h:16,
                 from rugged_diff.c:8:
/usr/share/rbenv/versions/3.4.4/include/ruby-3.4.0/ruby/internal/core/rdata.h:325:1: note: declared here
  325 | rb_data_object_get_warning(VALUE obj)
      | ^~~~~~~~~~~~~~~~~~~~~~~~~~
rugged_diff.c: In function ‘rb_git_diff_each_line’:
rugged_diff.c:519:2: warning: ‘rb_data_object_get_warning’ is deprecated: by TypedData [-Wdeprecated-declarations]
  519 |  Data_Get_Struct(self, git_diff, diff);
      |  ^~~~~~~~~~~~~~~
In file included from /usr/share/rbenv/versions/3.4.4/include/ruby-3.4.0/ruby/internal/core.h:27,
                 from /usr/share/rbenv/versions/3.4.4/include/ruby-3.4.0/ruby/ruby.h:29,
                 from /usr/share/rbenv/versions/3.4.4/include/ruby-3.4.0/ruby.h:38,
                 from rugged.h:16,
                 from rugged_diff.c:8:
/usr/share/rbenv/versions/3.4.4/include/ruby-3.4.0/ruby/internal/core/rdata.h:325:1: note: declared here
  325 | rb_data_object_get_warning(VALUE obj)
      | ^~~~~~~~~~~~~~~~~~~~~~~~~~
rugged_diff.c: In function ‘rb_git_diff_size’:
rugged_diff.c:560:2: warning: ‘rb_data_object_get_warning’ is deprecated: by TypedData [-Wdeprecated-declarations]
  560 |  Data_Get_Struct(self, git_diff, diff);
      |  ^~~~~~~~~~~~~~~
In file included from /usr/share/rbenv/versions/3.4.4/include/ruby-3.4.0/ruby/internal/core.h:27,
                 from /usr/share/rbenv/versions/3.4.4/include/ruby-3.4.0/ruby/ruby.h:29,
                 from /usr/share/rbenv/versions/3.4.4/include/ruby-3.4.0/ruby.h:38,
                 from rugged.h:16,
                 from rugged_diff.c:8:
/usr/share/rbenv/versions/3.4.4/include/ruby-3.4.0/ruby/internal/core/rdata.h:325:1: note: declared here
  325 | rb_data_object_get_warning(VALUE obj)
      | ^~~~~~~~~~~~~~~~~~~~~~~~~~
rugged_diff.c: In function ‘rb_git_diff_stat’:
rugged_diff.c:619:2: warning: ‘rb_data_object_get_warning’ is deprecated: by TypedData [-Wdeprecated-declarations]
  619 |  Data_Get_Struct(self, git_diff, diff);
      |  ^~~~~~~~~~~~~~~
In file included from /usr/share/rbenv/versions/3.4.4/include/ruby-3.4.0/ruby/internal/core.h:27,
                 from /usr/share/rbenv/versions/3.4.4/include/ruby-3.4.0/ruby/ruby.h:29,
                 from /usr/share/rbenv/versions/3.4.4/include/ruby-3.4.0/ruby.h:38,
                 from rugged.h:16,
                 from rugged_diff.c:8:
/usr/share/rbenv/versions/3.4.4/include/ruby-3.4.0/ruby/internal/core/rdata.h:325:1: note: declared here
  325 | rb_data_object_get_warning(VALUE obj)
      | ^~~~~~~~~~~~~~~~~~~~~~~~~~
rugged_diff.c: In function ‘rb_git_diff_sorted_icase_p’:
rugged_diff.c:636:2: warning: ‘rb_data_object_get_warning’ is deprecated: by TypedData [-Wdeprecated-declarations]
  636 |  Data_Get_Struct(self, git_diff, diff);
      |  ^~~~~~~~~~~~~~~
In file included from /usr/share/rbenv/versions/3.4.4/include/ruby-3.4.0/ruby/internal/core.h:27,
                 from /usr/share/rbenv/versions/3.4.4/include/ruby-3.4.0/ruby/ruby.h:29,
                 from /usr/share/rbenv/versions/3.4.4/include/ruby-3.4.0/ruby.h:38,
                 from rugged.h:16,
                 from rugged_diff.c:8:
/usr/share/rbenv/versions/3.4.4/include/ruby-3.4.0/ruby/internal/core/rdata.h:325:1: note: declared here
  325 | rb_data_object_get_warning(VALUE obj)
      | ^~~~~~~~~~~~~~~~~~~~~~~~~~
compiling rugged_rebase.c
rugged_index.c: In function ‘rugged_index_new’:
rugged_index.c:32:2: warning: ‘rb_data_object_wrap_warning’ is deprecated: by TypedData [-Wdeprecated-declarations]
   32 |  VALUE rb_index = Data_Wrap_Struct(klass, NULL, &rb_git_index__free, index);
      |  ^~~~~
In file included from /usr/share/rbenv/versions/3.4.4/include/ruby-3.4.0/ruby/internal/core.h:27,
                 from /usr/share/rbenv/versions/3.4.4/include/ruby-3.4.0/ruby/ruby.h:29,
                 from /usr/share/rbenv/versions/3.4.4/include/ruby-3.4.0/ruby.h:38,
                 from rugged.h:16,
                 from rugged_index.c:8:
/usr/share/rbenv/versions/3.4.4/include/ruby-3.4.0/ruby/internal/core/rdata.h:293:1: note: declared here
  293 | rb_data_object_wrap_warning(VALUE klass, void *ptr, RUBY_DATA_FUNC mark, RUBY_DATA_FUNC free)
      | ^~~~~~~~~~~~~~~~~~~~~~~~~~~
rugged_note.c: In function ‘rb_git_note_lookup’:
rugged_note.c:67:2: warning: ‘rb_data_object_get_warning’ is deprecated: by TypedData [-Wdeprecated-declarations]
   67 |  Data_Get_Struct(owner, git_repository, repo);
      |  ^~~~~~~~~~~~~~~
In file included from /usr/share/rbenv/versions/3.4.4/include/ruby-3.4.0/ruby/internal/core.h:27,
                 from /usr/share/rbenv/versions/3.4.4/include/ruby-3.4.0/ruby/ruby.h:29,
                 from /usr/share/rbenv/versions/3.4.4/include/ruby-3.4.0/ruby.h:38,
                 from rugged.h:16,
                 from rugged_note.c:8:
/usr/share/rbenv/versions/3.4.4/include/ruby-3.4.0/ruby/internal/core/rdata.h:325:1: note: declared here
  325 | rb_data_object_get_warning(VALUE obj)
      | ^~~~~~~~~~~~~~~~~~~~~~~~~~
rugged_note.c: In function ‘rb_git_note_create’:
rugged_note.c:132:2: warning: ‘rb_data_object_get_warning’ is deprecated: by TypedData [-Wdeprecated-declarations]
  132 |  Data_Get_Struct(owner, git_repository, repo);
      |  ^~~~~~~~~~~~~~~
In file included from /usr/share/rbenv/versions/3.4.4/include/ruby-3.4.0/ruby/internal/core.h:27,
                 from /usr/share/rbenv/versions/3.4.4/include/ruby-3.4.0/ruby/ruby.h:29,
                 from /usr/share/rbenv/versions/3.4.4/include/ruby-3.4.0/ruby.h:38,
                 from rugged.h:16,
                 from rugged_note.c:8:
/usr/share/rbenv/versions/3.4.4/include/ruby-3.4.0/ruby/internal/core/rdata.h:325:1: note: declared here
  325 | rb_data_object_get_warning(VALUE obj)
      | ^~~~~~~~~~~~~~~~~~~~~~~~~~
rugged_object.c: In function ‘rb_git_object_lookup’:
rugged_object.c:270:2: warning: ‘rb_data_object_get_warning’ is deprecated: by TypedData [-Wdeprecated-declarations]
  270 |  Data_Get_Struct(rb_repo, git_repository, repo);
      |  ^~~~~~~~~~~~~~~
In file included from /usr/share/rbenv/versions/3.4.4/include/ruby-3.4.0/ruby/internal/core.h:27,
                 from /usr/share/rbenv/versions/3.4.4/include/ruby-3.4.0/ruby/ruby.h:29,
                 from /usr/share/rbenv/versions/3.4.4/include/ruby-3.4.0/ruby.h:38,
                 from rugged.h:16,
                 from rugged_object.c:8:
/usr/share/rbenv/versions/3.4.4/include/ruby-3.4.0/ruby/internal/core/rdata.h:325:1: note: declared here
  325 | rb_data_object_get_warning(VALUE obj)
      | ^~~~~~~~~~~~~~~~~~~~~~~~~~
rugged_object.c: In function ‘rugged_object_rev_parse’:
rugged_object.c:298:2: warning: ‘rb_data_object_get_warning’ is deprecated: by TypedData [-Wdeprecated-declarations]
  298 |  Data_Get_Struct(rb_repo, git_repository, repo);
      |  ^~~~~~~~~~~~~~~
In file included from /usr/share/rbenv/versions/3.4.4/include/ruby-3.4.0/ruby/internal/core.h:27,
                 from /usr/share/rbenv/versions/3.4.4/include/ruby-3.4.0/ruby/ruby.h:29,
                 from /usr/share/rbenv/versions/3.4.4/include/ruby-3.4.0/ruby.h:38,
                 from rugged.h:16,
                 from rugged_object.c:8:
/usr/share/rbenv/versions/3.4.4/include/ruby-3.4.0/ruby/internal/core/rdata.h:325:1: note: declared here
  325 | rb_data_object_get_warning(VALUE obj)
      | ^~~~~~~~~~~~~~~~~~~~~~~~~~
rugged_note.c: In function ‘rb_git_note_remove’:
rugged_note.c:215:2: warning: ‘rb_data_object_get_warning’ is deprecated: by TypedData [-Wdeprecated-declarations]
  215 |  Data_Get_Struct(owner, git_repository, repo);
      |  ^~~~~~~~~~~~~~~
In file included from /usr/share/rbenv/versions/3.4.4/include/ruby-3.4.0/ruby/internal/core.h:27,
                 from /usr/share/rbenv/versions/3.4.4/include/ruby-3.4.0/ruby/ruby.h:29,
                 from /usr/share/rbenv/versions/3.4.4/include/ruby-3.4.0/ruby.h:38,
                 from rugged.h:16,
                 from rugged_note.c:8:
/usr/share/rbenv/versions/3.4.4/include/ruby-3.4.0/ruby/internal/core/rdata.h:325:1: note: declared here
  325 | rb_data_object_get_warning(VALUE obj)
      | ^~~~~~~~~~~~~~~~~~~~~~~~~~
rugged_index.c: In function ‘rb_git_index_clear’:
rugged_index.c:75:2: warning: ‘rb_data_object_get_warning’ is deprecated: by TypedData [-Wdeprecated-declarations]
   75 |  Data_Get_Struct(self, git_index, index);
      |  ^~~~~~~~~~~~~~~
In file included from /usr/share/rbenv/versions/3.4.4/include/ruby-3.4.0/ruby/internal/core.h:27,
                 from /usr/share/rbenv/versions/3.4.4/include/ruby-3.4.0/ruby/ruby.h:29,
                 from /usr/share/rbenv/versions/3.4.4/include/ruby-3.4.0/ruby.h:38,
                 from rugged.h:16,
                 from rugged_index.c:8:
/usr/share/rbenv/versions/3.4.4/include/ruby-3.4.0/ruby/internal/core/rdata.h:325:1: note: declared here
  325 | rb_data_object_get_warning(VALUE obj)
      | ^~~~~~~~~~~~~~~~~~~~~~~~~~
rugged_index.c: In function ‘rb_git_index_read’:
rugged_index.c:92:2: warning: ‘rb_data_object_get_warning’ is deprecated: by TypedData [-Wdeprecated-declarations]
   92 |  Data_Get_Struct(self, git_index, index);
      |  ^~~~~~~~~~~~~~~
In file included from /usr/share/rbenv/versions/3.4.4/include/ruby-3.4.0/ruby/internal/core.h:27,
                 from /usr/share/rbenv/versions/3.4.4/include/ruby-3.4.0/ruby/ruby.h:29,
                 from /usr/share/rbenv/versions/3.4.4/include/ruby-3.4.0/ruby.h:38,
                 from rugged.h:16,
                 from rugged_index.c:8:
/usr/share/rbenv/versions/3.4.4/include/ruby-3.4.0/ruby/internal/core/rdata.h:325:1: note: declared here
  325 | rb_data_object_get_warning(VALUE obj)
      | ^~~~~~~~~~~~~~~~~~~~~~~~~~
rugged_index.c: In function ‘rb_git_index_write’:
rugged_index.c:111:2: warning: ‘rb_data_object_get_warning’ is deprecated: by TypedData [-Wdeprecated-declarations]
  111 |  Data_Get_Struct(self, git_index, index);
      |  ^~~~~~~~~~~~~~~
In file included from /usr/share/rbenv/versions/3.4.4/include/ruby-3.4.0/ruby/internal/core.h:27,
                 from /usr/share/rbenv/versions/3.4.4/include/ruby-3.4.0/ruby/ruby.h:29,
                 from /usr/share/rbenv/versions/3.4.4/include/ruby-3.4.0/ruby.h:38,
                 from rugged.h:16,
                 from rugged_index.c:8:
/usr/share/rbenv/versions/3.4.4/include/ruby-3.4.0/ruby/internal/core/rdata.h:325:1: note: declared here
  325 | rb_data_object_get_warning(VALUE obj)
      | ^~~~~~~~~~~~~~~~~~~~~~~~~~
rugged_index.c: In function ‘rb_git_index_count’:
rugged_index.c:128:2: warning: ‘rb_data_object_get_warning’ is deprecated: by TypedData [-Wdeprecated-declarations]
  128 |  Data_Get_Struct(self, git_index, index);
      |  ^~~~~~~~~~~~~~~
In file included from /usr/share/rbenv/versions/3.4.4/include/ruby-3.4.0/ruby/internal/core.h:27,
                 from /usr/share/rbenv/versions/3.4.4/include/ruby-3.4.0/ruby/ruby.h:29,
                 from /usr/share/rbenv/versions/3.4.4/include/ruby-3.4.0/ruby.h:38,
                 from rugged.h:16,
                 from rugged_index.c:8:
/usr/share/rbenv/versions/3.4.4/include/ruby-3.4.0/ruby/internal/core/rdata.h:325:1: note: declared here
  325 | rb_data_object_get_warning(VALUE obj)
      | ^~~~~~~~~~~~~~~~~~~~~~~~~~
rugged_index.c: In function ‘rb_git_index_get’:
rugged_index.c:151:2: warning: ‘rb_data_object_get_warning’ is deprecated: by TypedData [-Wdeprecated-declarations]
  151 |  Data_Get_Struct(self, git_index, index);
      |  ^~~~~~~~~~~~~~~
In file included from /usr/share/rbenv/versions/3.4.4/include/ruby-3.4.0/ruby/internal/core.h:27,
                 from /usr/share/rbenv/versions/3.4.4/include/ruby-3.4.0/ruby/ruby.h:29,
                 from /usr/share/rbenv/versions/3.4.4/include/ruby-3.4.0/ruby.h:38,
                 from rugged.h:16,
                 from rugged_index.c:8:
/usr/share/rbenv/versions/3.4.4/include/ruby-3.4.0/ruby/internal/core/rdata.h:325:1: note: declared here
  325 | rb_data_object_get_warning(VALUE obj)
      | ^~~~~~~~~~~~~~~~~~~~~~~~~~
rugged_note.c: In function ‘cb_note__each’:
rugged_note.c:262:2: warning: ‘rb_data_object_get_warning’ is deprecated: by TypedData [-Wdeprecated-declarations]
  262 |  Data_Get_Struct(payload->rb_data, git_repository, repo);
      |  ^~~~~~~~~~~~~~~
In file included from /usr/share/rbenv/versions/3.4.4/include/ruby-3.4.0/ruby/internal/core.h:27,
                 from /usr/share/rbenv/versions/3.4.4/include/ruby-3.4.0/ruby/ruby.h:29,
                 from /usr/share/rbenv/versions/3.4.4/include/ruby-3.4.0/ruby.h:38,
                 from rugged.h:16,
                 from rugged_note.c:8:
/usr/share/rbenv/versions/3.4.4/include/ruby-3.4.0/ruby/internal/core/rdata.h:325:1: note: declared here
  325 | rb_data_object_get_warning(VALUE obj)
      | ^~~~~~~~~~~~~~~~~~~~~~~~~~
rugged_index.c: In function ‘rb_git_index_each’:
rugged_index.c:196:2: warning: ‘rb_data_object_get_warning’ is deprecated: by TypedData [-Wdeprecated-declarations]
  196 |  Data_Get_Struct(self, git_index, index);
      |  ^~~~~~~~~~~~~~~
In file included from /usr/share/rbenv/versions/3.4.4/include/ruby-3.4.0/ruby/internal/core.h:27,
                 from /usr/share/rbenv/versions/3.4.4/include/ruby-3.4.0/ruby/ruby.h:29,
                 from /usr/share/rbenv/versions/3.4.4/include/ruby-3.4.0/ruby.h:38,
                 from rugged.h:16,
                 from rugged_index.c:8:
/usr/share/rbenv/versions/3.4.4/include/ruby-3.4.0/ruby/internal/core/rdata.h:325:1: note: declared here
  325 | rb_data_object_get_warning(VALUE obj)
      | ^~~~~~~~~~~~~~~~~~~~~~~~~~
rugged_index.c: In function ‘rb_git_index_remove’:
rugged_index.c:222:2: warning: ‘rb_data_object_get_warning’ is deprecated: by TypedData [-Wdeprecated-declarations]
  222 |  Data_Get_Struct(self, git_index, index);
      |  ^~~~~~~~~~~~~~~
In file included from /usr/share/rbenv/versions/3.4.4/include/ruby-3.4.0/ruby/internal/core.h:27,
                 from /usr/share/rbenv/versions/3.4.4/include/ruby-3.4.0/ruby/ruby.h:29,
                 from /usr/share/rbenv/versions/3.4.4/include/ruby-3.4.0/ruby.h:38,
                 from rugged.h:16,
                 from rugged_index.c:8:
/usr/share/rbenv/versions/3.4.4/include/ruby-3.4.0/ruby/internal/core/rdata.h:325:1: note: declared here
  325 | rb_data_object_get_warning(VALUE obj)
      | ^~~~~~~~~~~~~~~~~~~~~~~~~~
rugged_note.c: In function ‘rb_git_note_each’:
rugged_note.c:310:2: warning: ‘rb_data_object_get_warning’ is deprecated: by TypedData [-Wdeprecated-declarations]
  310 |  Data_Get_Struct(self, git_repository, repo);
      |  ^~~~~~~~~~~~~~~
In file included from /usr/share/rbenv/versions/3.4.4/include/ruby-3.4.0/ruby/internal/core.h:27,
                 from /usr/share/rbenv/versions/3.4.4/include/ruby-3.4.0/ruby/ruby.h:29,
                 from /usr/share/rbenv/versions/3.4.4/include/ruby-3.4.0/ruby.h:38,
                 from rugged.h:16,
                 from rugged_note.c:8:
/usr/share/rbenv/versions/3.4.4/include/ruby-3.4.0/ruby/internal/core/rdata.h:325:1: note: declared here
  325 | rb_data_object_get_warning(VALUE obj)
      | ^~~~~~~~~~~~~~~~~~~~~~~~~~
rugged_note.c: In function ‘rb_git_note_default_ref_GET’:
rugged_note.c:337:2: warning: ‘rb_data_object_get_warning’ is deprecated: by TypedData [-Wdeprecated-declarations]
  337 |  Data_Get_Struct(self, git_repository, repo);
      |  ^~~~~~~~~~~~~~~
In file included from /usr/share/rbenv/versions/3.4.4/include/ruby-3.4.0/ruby/internal/core.h:27,
                 from /usr/share/rbenv/versions/3.4.4/include/ruby-3.4.0/ruby/ruby.h:29,
                 from /usr/share/rbenv/versions/3.4.4/include/ruby-3.4.0/ruby.h:38,
                 from rugged.h:16,
                 from rugged_note.c:8:
/usr/share/rbenv/versions/3.4.4/include/ruby-3.4.0/ruby/internal/core/rdata.h:325:1: note: declared here
  325 | rb_data_object_get_warning(VALUE obj)
      | ^~~~~~~~~~~~~~~~~~~~~~~~~~
compiling rugged_reference.c
compiling rugged_reference_collection.c
rugged_index.c: In function ‘rb_git_index_remove_directory’:
rugged_index.c:251:2: warning: ‘rb_data_object_get_warning’ is deprecated: by TypedData [-Wdeprecated-declarations]
  251 |  Data_Get_Struct(self, git_index, index);
      |  ^~~~~~~~~~~~~~~
In file included from /usr/share/rbenv/versions/3.4.4/include/ruby-3.4.0/ruby/internal/core.h:27,
                 from /usr/share/rbenv/versions/3.4.4/include/ruby-3.4.0/ruby/ruby.h:29,
                 from /usr/share/rbenv/versions/3.4.4/include/ruby-3.4.0/ruby.h:38,
                 from rugged.h:16,
                 from rugged_index.c:8:
/usr/share/rbenv/versions/3.4.4/include/ruby-3.4.0/ruby/internal/core/rdata.h:325:1: note: declared here
  325 | rb_data_object_get_warning(VALUE obj)
      | ^~~~~~~~~~~~~~~~~~~~~~~~~~
compiling rugged_remote.c
rugged_index.c: In function ‘rb_git_index_add’:
compiling rugged_remote_collection.c
rugged_index.c:295:2: warning: ‘rb_data_object_get_warning’ is deprecated: by TypedData [-Wdeprecated-declarations]
  295 |  Data_Get_Struct(self, git_index, index);
      |  ^~~~~~~~~~~~~~~
In file included from /usr/share/rbenv/versions/3.4.4/include/ruby-3.4.0/ruby/internal/core.h:27,
                 from /usr/share/rbenv/versions/3.4.4/include/ruby-3.4.0/ruby/ruby.h:29,
                 from /usr/share/rbenv/versions/3.4.4/include/ruby-3.4.0/ruby.h:38,
                 from rugged.h:16,
                 from rugged_index.c:8:
/usr/share/rbenv/versions/3.4.4/include/ruby-3.4.0/ruby/internal/core/rdata.h:325:1: note: declared here
  325 | rb_data_object_get_warning(VALUE obj)
      | ^~~~~~~~~~~~~~~~~~~~~~~~~~
rugged_index.c: In function ‘rb_git_index_add_all’:
rugged_index.c:381:2: warning: ‘rb_data_object_get_warning’ is deprecated: by TypedData [-Wdeprecated-declarations]
  381 |  Data_Get_Struct(self, git_index, index);
      |  ^~~~~~~~~~~~~~~
In file included from /usr/share/rbenv/versions/3.4.4/include/ruby-3.4.0/ruby/internal/core.h:27,
                 from /usr/share/rbenv/versions/3.4.4/include/ruby-3.4.0/ruby/ruby.h:29,
                 from /usr/share/rbenv/versions/3.4.4/include/ruby-3.4.0/ruby.h:38,
                 from rugged.h:16,
                 from rugged_index.c:8:
/usr/share/rbenv/versions/3.4.4/include/ruby-3.4.0/ruby/internal/core/rdata.h:325:1: note: declared here
  325 | rb_data_object_get_warning(VALUE obj)
      | ^~~~~~~~~~~~~~~~~~~~~~~~~~
rugged_index.c: In function ‘rb_git_index_update_all’:
rugged_index.c:442:2: warning: ‘rb_data_object_get_warning’ is deprecated: by TypedData [-Wdeprecated-declarations]
  442 |  Data_Get_Struct(self, git_index, index);
      |  ^~~~~~~~~~~~~~~
In file included from /usr/share/rbenv/versions/3.4.4/include/ruby-3.4.0/ruby/internal/core.h:27,
                 from /usr/share/rbenv/versions/3.4.4/include/ruby-3.4.0/ruby/ruby.h:29,
                 from /usr/share/rbenv/versions/3.4.4/include/ruby-3.4.0/ruby.h:38,
                 from rugged.h:16,
                 from rugged_index.c:8:
/usr/share/rbenv/versions/3.4.4/include/ruby-3.4.0/ruby/internal/core/rdata.h:325:1: note: declared here
  325 | rb_data_object_get_warning(VALUE obj)
      | ^~~~~~~~~~~~~~~~~~~~~~~~~~
rugged_index.c: In function ‘rb_git_index_remove_all’:
rugged_index.c:485:2: warning: ‘rb_data_object_get_warning’ is deprecated: by TypedData [-Wdeprecated-declarations]
  485 |  Data_Get_Struct(self, git_index, index);
      |  ^~~~~~~~~~~~~~~
In file included from /usr/share/rbenv/versions/3.4.4/include/ruby-3.4.0/ruby/internal/core.h:27,
                 from /usr/share/rbenv/versions/3.4.4/include/ruby-3.4.0/ruby/ruby.h:29,
                 from /usr/share/rbenv/versions/3.4.4/include/ruby-3.4.0/ruby.h:38,
                 from rugged.h:16,
                 from rugged_index.c:8:
/usr/share/rbenv/versions/3.4.4/include/ruby-3.4.0/ruby/internal/core/rdata.h:325:1: note: declared here
  325 | rb_data_object_get_warning(VALUE obj)
      | ^~~~~~~~~~~~~~~~~~~~~~~~~~
rugged_patch.c: In function ‘rugged_patch_new’:
rugged_patch.c:74:2: warning: ‘rb_data_object_wrap_warning’ is deprecated: by TypedData [-Wdeprecated-declarations]
   74 |  VALUE rb_patch = Data_Wrap_Struct(rb_cRuggedPatch, NULL, &git_patch_free, patch);
      |  ^~~~~
In file included from /usr/share/rbenv/versions/3.4.4/include/ruby-3.4.0/ruby/internal/core.h:27,
                 from /usr/share/rbenv/versions/3.4.4/include/ruby-3.4.0/ruby/ruby.h:29,
                 from /usr/share/rbenv/versions/3.4.4/include/ruby-3.4.0/ruby.h:38,
                 from rugged.h:16,
                 from rugged_patch.c:8:
/usr/share/rbenv/versions/3.4.4/include/ruby-3.4.0/ruby/internal/core/rdata.h:293:1: note: declared here
  293 | rb_data_object_wrap_warning(VALUE klass, void *ptr, RUBY_DATA_FUNC mark, RUBY_DATA_FUNC free)
      | ^~~~~~~~~~~~~~~~~~~~~~~~~~~
rugged_patch.c: In function ‘rb_git_diff_patch_each_hunk’:
rugged_patch.c:97:2: warning: ‘rb_data_object_get_warning’ is deprecated: by TypedData [-Wdeprecated-declarations]
   97 |  Data_Get_Struct(self, git_patch, patch);
      |  ^~~~~~~~~~~~~~~
In file included from /usr/share/rbenv/versions/3.4.4/include/ruby-3.4.0/ruby/internal/core.h:27,
                 from /usr/share/rbenv/versions/3.4.4/include/ruby-3.4.0/ruby/ruby.h:29,
                 from /usr/share/rbenv/versions/3.4.4/include/ruby-3.4.0/ruby.h:38,
                 from rugged.h:16,
                 from rugged_patch.c:8:
/usr/share/rbenv/versions/3.4.4/include/ruby-3.4.0/ruby/internal/core/rdata.h:325:1: note: declared here
  325 | rb_data_object_get_warning(VALUE obj)
      | ^~~~~~~~~~~~~~~~~~~~~~~~~~
rugged_patch.c: In function ‘rb_git_diff_patch_hunk_count’:
rugged_patch.c:120:2: warning: ‘rb_data_object_get_warning’ is deprecated: by TypedData [-Wdeprecated-declarations]
  120 |  Data_Get_Struct(self, git_patch, patch);
      |  ^~~~~~~~~~~~~~~
In file included from /usr/share/rbenv/versions/3.4.4/include/ruby-3.4.0/ruby/internal/core.h:27,
                 from /usr/share/rbenv/versions/3.4.4/include/ruby-3.4.0/ruby/ruby.h:29,
                 from /usr/share/rbenv/versions/3.4.4/include/ruby-3.4.0/ruby.h:38,
                 from rugged.h:16,
                 from rugged_patch.c:8:
/usr/share/rbenv/versions/3.4.4/include/ruby-3.4.0/ruby/internal/core/rdata.h:325:1: note: declared here
  325 | rb_data_object_get_warning(VALUE obj)
      | ^~~~~~~~~~~~~~~~~~~~~~~~~~
rugged_patch.c: In function ‘rb_git_diff_patch_delta’:
rugged_patch.c:134:2: warning: ‘rb_data_object_get_warning’ is deprecated: by TypedData [-Wdeprecated-declarations]
  134 |  Data_Get_Struct(self, git_patch, patch);
      |  ^~~~~~~~~~~~~~~
In file included from /usr/share/rbenv/versions/3.4.4/include/ruby-3.4.0/ruby/internal/core.h:27,
                 from /usr/share/rbenv/versions/3.4.4/include/ruby-3.4.0/ruby/ruby.h:29,
                 from /usr/share/rbenv/versions/3.4.4/include/ruby-3.4.0/ruby.h:38,
                 from rugged.h:16,
                 from rugged_patch.c:8:
/usr/share/rbenv/versions/3.4.4/include/ruby-3.4.0/ruby/internal/core/rdata.h:325:1: note: declared here
  325 | rb_data_object_get_warning(VALUE obj)
      | ^~~~~~~~~~~~~~~~~~~~~~~~~~
rugged_patch.c: In function ‘rb_git_diff_patch_stat’:
rugged_patch.c:149:2: warning: ‘rb_data_object_get_warning’ is deprecated: by TypedData [-Wdeprecated-declarations]
  149 |  Data_Get_Struct(self, git_patch, patch);
      |  ^~~~~~~~~~~~~~~
In file included from /usr/share/rbenv/versions/3.4.4/include/ruby-3.4.0/ruby/internal/core.h:27,
                 from /usr/share/rbenv/versions/3.4.4/include/ruby-3.4.0/ruby/ruby.h:29,
                 from /usr/share/rbenv/versions/3.4.4/include/ruby-3.4.0/ruby.h:38,
                 from rugged.h:16,
                 from rugged_patch.c:8:
/usr/share/rbenv/versions/3.4.4/include/ruby-3.4.0/ruby/internal/core/rdata.h:325:1: note: declared here
  325 | rb_data_object_get_warning(VALUE obj)
      | ^~~~~~~~~~~~~~~~~~~~~~~~~~
rugged_patch.c: In function ‘rb_git_diff_patch_lines’:
rugged_patch.c:194:2: warning: ‘rb_data_object_get_warning’ is deprecated: by TypedData [-Wdeprecated-declarations]
  194 |  Data_Get_Struct(self, git_patch, patch);
      |  ^~~~~~~~~~~~~~~
In file included from /usr/share/rbenv/versions/3.4.4/include/ruby-3.4.0/ruby/internal/core.h:27,
                 from /usr/share/rbenv/versions/3.4.4/include/ruby-3.4.0/ruby/ruby.h:29,
                 from /usr/share/rbenv/versions/3.4.4/include/ruby-3.4.0/ruby.h:38,
                 from rugged.h:16,
                 from rugged_patch.c:8:
/usr/share/rbenv/versions/3.4.4/include/ruby-3.4.0/ruby/internal/core/rdata.h:325:1: note: declared here
  325 | rb_data_object_get_warning(VALUE obj)
      | ^~~~~~~~~~~~~~~~~~~~~~~~~~
compiling rugged_repo.c
rugged_patch.c: In function ‘rb_git_diff_patch_bytesize’:
rugged_index.c: In function ‘rb_git_index_writetree’:
rugged_index.c:631:2: warning: ‘rb_data_object_get_warning’ is deprecated: by TypedData [-Wdeprecated-declarations]
  631 |  Data_Get_Struct(self, git_index, index);
      |  ^~~~~~~~~~~~~~~
In file included from /usr/share/rbenv/versions/3.4.4/include/ruby-3.4.0/ruby/internal/core.h:27,
                 from /usr/share/rbenv/versions/3.4.4/include/ruby-3.4.0/ruby/ruby.h:29,
                 from /usr/share/rbenv/versions/3.4.4/include/ruby-3.4.0/ruby.h:38,
                 from rugged.h:16,
                 from rugged_index.c:8:
/usr/share/rbenv/versions/3.4.4/include/ruby-3.4.0/ruby/internal/core/rdata.h:325:1: note: declared here
  325 | rb_data_object_get_warning(VALUE obj)
      | ^~~~~~~~~~~~~~~~~~~~~~~~~~
rugged_patch.c:285:2: warning: ‘rb_data_object_get_warning’ is deprecated: by TypedData [-Wdeprecated-declarations]
  285 |  Data_Get_Struct(self, git_patch, patch);
      |  ^~~~~~~~~~~~~~~
In file included from /usr/share/rbenv/versions/3.4.4/include/ruby-3.4.0/ruby/internal/core.h:27,
                 from /usr/share/rbenv/versions/3.4.4/include/ruby-3.4.0/ruby/ruby.h:29,
                 from /usr/share/rbenv/versions/3.4.4/include/ruby-3.4.0/ruby.h:38,
                 from rugged.h:16,
                 from rugged_patch.c:8:
/usr/share/rbenv/versions/3.4.4/include/ruby-3.4.0/ruby/internal/core/rdata.h:325:1: note: declared here
  325 | rb_data_object_get_warning(VALUE obj)
      | ^~~~~~~~~~~~~~~~~~~~~~~~~~
rugged_index.c:636:3: warning: ‘rb_data_object_get_warning’ is deprecated: by TypedData [-Wdeprecated-declarations]
  636 |   Data_Get_Struct(rb_repo, git_repository, repo);
      |   ^~~~~~~~~~~~~~~
rugged_patch.c: In function ‘rb_git_diff_patch_to_s’:
rugged_patch.c:355:2: warning: ‘rb_data_object_get_warning’ is deprecated: by TypedData [-Wdeprecated-declarations]
  355 |  Data_Get_Struct(self, git_patch, patch);
      |  ^~~~~~~~~~~~~~~
In file included from /usr/share/rbenv/versions/3.4.4/include/ruby-3.4.0/ruby/internal/core.h:27,
                 from /usr/share/rbenv/versions/3.4.4/include/ruby-3.4.0/ruby/ruby.h:29,
                 from /usr/share/rbenv/versions/3.4.4/include/ruby-3.4.0/ruby.h:38,
                 from rugged.h:16,
                 from rugged_patch.c:8:
/usr/share/rbenv/versions/3.4.4/include/ruby-3.4.0/ruby/internal/core/rdata.h:325:1: note: declared here
  325 | rb_data_object_get_warning(VALUE obj)
      | ^~~~~~~~~~~~~~~~~~~~~~~~~~
rugged_patch.c: In function ‘rb_git_diff_patch_header’:
rugged_patch.c:373:2: warning: ‘rb_data_object_get_warning’ is deprecated: by TypedData [-Wdeprecated-declarations]
  373 |  Data_Get_Struct(self, git_patch, patch);
      |  ^~~~~~~~~~~~~~~
In file included from /usr/share/rbenv/versions/3.4.4/include/ruby-3.4.0/ruby/internal/core.h:27,
                 from /usr/share/rbenv/versions/3.4.4/include/ruby-3.4.0/ruby/ruby.h:29,
                 from /usr/share/rbenv/versions/3.4.4/include/ruby-3.4.0/ruby.h:38,
                 from rugged.h:16,
                 from rugged_patch.c:8:
/usr/share/rbenv/versions/3.4.4/include/ruby-3.4.0/ruby/internal/core/rdata.h:325:1: note: declared here
  325 | rb_data_object_get_warning(VALUE obj)
      | ^~~~~~~~~~~~~~~~~~~~~~~~~~
In file included from /usr/share/rbenv/versions/3.4.4/include/ruby-3.4.0/ruby/internal/core.h:27,
                 from /usr/share/rbenv/versions/3.4.4/include/ruby-3.4.0/ruby/ruby.h:29,
                 from /usr/share/rbenv/versions/3.4.4/include/ruby-3.4.0/ruby.h:38,
                 from rugged.h:16,
                 from rugged_index.c:8:
/usr/share/rbenv/versions/3.4.4/include/ruby-3.4.0/ruby/internal/core/rdata.h:325:1: note: declared here
  325 | rb_data_object_get_warning(VALUE obj)
      | ^~~~~~~~~~~~~~~~~~~~~~~~~~
rugged_index.c: In function ‘rb_git_index_readtree’:
rugged_index.c:662:2: warning: ‘rb_data_object_get_warning’ is deprecated: by TypedData [-Wdeprecated-declarations]
  662 |  Data_Get_Struct(self, git_index, index);
      |  ^~~~~~~~~~~~~~~
In file included from /usr/share/rbenv/versions/3.4.4/include/ruby-3.4.0/ruby/internal/core.h:27,
                 from /usr/share/rbenv/versions/3.4.4/include/ruby-3.4.0/ruby/ruby.h:29,
                 from /usr/share/rbenv/versions/3.4.4/include/ruby-3.4.0/ruby.h:38,
                 from rugged.h:16,
                 from rugged_index.c:8:
/usr/share/rbenv/versions/3.4.4/include/ruby-3.4.0/ruby/internal/core/rdata.h:325:1: note: declared here
  325 | rb_data_object_get_warning(VALUE obj)
      | ^~~~~~~~~~~~~~~~~~~~~~~~~~
rugged_index.c: In function ‘rb_git_diff_tree_to_index’:
rugged_index.c:687:2: warning: ‘rb_data_object_get_warning’ is deprecated: by TypedData [-Wdeprecated-declarations]
  687 |  Data_Get_Struct(self, git_index, index);
      |  ^~~~~~~~~~~~~~~
In file included from /usr/share/rbenv/versions/3.4.4/include/ruby-3.4.0/ruby/internal/core.h:27,
                 from /usr/share/rbenv/versions/3.4.4/include/ruby-3.4.0/ruby/ruby.h:29,
                 from /usr/share/rbenv/versions/3.4.4/include/ruby-3.4.0/ruby.h:38,
                 from rugged.h:16,
                 from rugged_index.c:8:
/usr/share/rbenv/versions/3.4.4/include/ruby-3.4.0/ruby/internal/core/rdata.h:325:1: note: declared here
  325 | rb_data_object_get_warning(VALUE obj)
      | ^~~~~~~~~~~~~~~~~~~~~~~~~~
rugged_index.c:689:2: warning: ‘rb_data_object_get_warning’ is deprecated: by TypedData [-Wdeprecated-declarations]
  689 |  Data_Get_Struct(owner, git_repository, repo);
      |  ^~~~~~~~~~~~~~~
In file included from /usr/share/rbenv/versions/3.4.4/include/ruby-3.4.0/ruby/internal/core.h:27,
                 from /usr/share/rbenv/versions/3.4.4/include/ruby-3.4.0/ruby/ruby.h:29,
                 from /usr/share/rbenv/versions/3.4.4/include/ruby-3.4.0/ruby.h:38,
                 from rugged.h:16,
                 from rugged_index.c:8:
/usr/share/rbenv/versions/3.4.4/include/ruby-3.4.0/ruby/internal/core/rdata.h:325:1: note: declared here
  325 | rb_data_object_get_warning(VALUE obj)
      | ^~~~~~~~~~~~~~~~~~~~~~~~~~
rugged_index.c: In function ‘rb_git_diff_index_to_workdir’:
rugged_index.c:715:2: warning: ‘rb_data_object_get_warning’ is deprecated: by TypedData [-Wdeprecated-declarations]
  715 |  Data_Get_Struct(self, git_index, index);
      |  ^~~~~~~~~~~~~~~
In file included from /usr/share/rbenv/versions/3.4.4/include/ruby-3.4.0/ruby/internal/core.h:27,
                 from /usr/share/rbenv/versions/3.4.4/include/ruby-3.4.0/ruby/ruby.h:29,
                 from /usr/share/rbenv/versions/3.4.4/include/ruby-3.4.0/ruby.h:38,
                 from rugged.h:16,
                 from rugged_index.c:8:
/usr/share/rbenv/versions/3.4.4/include/ruby-3.4.0/ruby/internal/core/rdata.h:325:1: note: declared here
  325 | rb_data_object_get_warning(VALUE obj)
      | ^~~~~~~~~~~~~~~~~~~~~~~~~~
rugged_index.c:717:2: warning: ‘rb_data_object_get_warning’ is deprecated: by TypedData [-Wdeprecated-declarations]
  717 |  Data_Get_Struct(owner, git_repository, repo);
      |  ^~~~~~~~~~~~~~~
In file included from /usr/share/rbenv/versions/3.4.4/include/ruby-3.4.0/ruby/internal/core.h:27,
                 from /usr/share/rbenv/versions/3.4.4/include/ruby-3.4.0/ruby/ruby.h:29,
                 from /usr/share/rbenv/versions/3.4.4/include/ruby-3.4.0/ruby.h:38,
                 from rugged.h:16,
                 from rugged_index.c:8:
/usr/share/rbenv/versions/3.4.4/include/ruby-3.4.0/ruby/internal/core/rdata.h:325:1: note: declared here
  325 | rb_data_object_get_warning(VALUE obj)
      | ^~~~~~~~~~~~~~~~~~~~~~~~~~
rugged_index.c: In function ‘rb_git_index_conflicts_p’:
rugged_index.c:736:2: warning: ‘rb_data_object_get_warning’ is deprecated: by TypedData [-Wdeprecated-declarations]
  736 |  Data_Get_Struct(self, git_index, index);
      |  ^~~~~~~~~~~~~~~
In file included from /usr/share/rbenv/versions/3.4.4/include/ruby-3.4.0/ruby/internal/core.h:27,
                 from /usr/share/rbenv/versions/3.4.4/include/ruby-3.4.0/ruby/ruby.h:29,
                 from /usr/share/rbenv/versions/3.4.4/include/ruby-3.4.0/ruby.h:38,
                 from rugged.h:16,
                 from rugged_index.c:8:
/usr/share/rbenv/versions/3.4.4/include/ruby-3.4.0/ruby/internal/core/rdata.h:325:1: note: declared here
  325 | rb_data_object_get_warning(VALUE obj)
      | ^~~~~~~~~~~~~~~~~~~~~~~~~~
rugged_index.c: In function ‘rb_git_conflict_add’:
rugged_index.c:773:2: warning: ‘rb_data_object_get_warning’ is deprecated: by TypedData [-Wdeprecated-declarations]
  773 |  Data_Get_Struct(self, git_index, index);
      |  ^~~~~~~~~~~~~~~
In file included from /usr/share/rbenv/versions/3.4.4/include/ruby-3.4.0/ruby/internal/core.h:27,
                 from /usr/share/rbenv/versions/3.4.4/include/ruby-3.4.0/ruby/ruby.h:29,
                 from /usr/share/rbenv/versions/3.4.4/include/ruby-3.4.0/ruby.h:38,
                 from rugged.h:16,
                 from rugged_index.c:8:
/usr/share/rbenv/versions/3.4.4/include/ruby-3.4.0/ruby/internal/core/rdata.h:325:1: note: declared here
  325 | rb_data_object_get_warning(VALUE obj)
      | ^~~~~~~~~~~~~~~~~~~~~~~~~~
rugged_index.c: In function ‘rb_git_conflict_remove’:
rugged_index.c:797:2: warning: ‘rb_data_object_get_warning’ is deprecated: by TypedData [-Wdeprecated-declarations]
  797 |  Data_Get_Struct(self, git_index, index);
      |  ^~~~~~~~~~~~~~~
In file included from /usr/share/rbenv/versions/3.4.4/include/ruby-3.4.0/ruby/internal/core.h:27,
                 from /usr/share/rbenv/versions/3.4.4/include/ruby-3.4.0/ruby/ruby.h:29,
                 from /usr/share/rbenv/versions/3.4.4/include/ruby-3.4.0/ruby.h:38,
                 from rugged.h:16,
                 from rugged_index.c:8:
/usr/share/rbenv/versions/3.4.4/include/ruby-3.4.0/ruby/internal/core/rdata.h:325:1: note: declared here
  325 | rb_data_object_get_warning(VALUE obj)
      | ^~~~~~~~~~~~~~~~~~~~~~~~~~
rugged_index.c: In function ‘rb_git_conflict_get’:
rugged_index.c:826:2: warning: ‘rb_data_object_get_warning’ is deprecated: by TypedData [-Wdeprecated-declarations]
  826 |  Data_Get_Struct(self, git_index, index);
      |  ^~~~~~~~~~~~~~~
In file included from /usr/share/rbenv/versions/3.4.4/include/ruby-3.4.0/ruby/internal/core.h:27,
                 from /usr/share/rbenv/versions/3.4.4/include/ruby-3.4.0/ruby/ruby.h:29,
                 from /usr/share/rbenv/versions/3.4.4/include/ruby-3.4.0/ruby.h:38,
                 from rugged.h:16,
                 from rugged_index.c:8:
/usr/share/rbenv/versions/3.4.4/include/ruby-3.4.0/ruby/internal/core/rdata.h:325:1: note: declared here
  325 | rb_data_object_get_warning(VALUE obj)
      | ^~~~~~~~~~~~~~~~~~~~~~~~~~
rugged_index.c: In function ‘rb_git_merge_file’:
rugged_index.c:897:2: warning: ‘rb_data_object_get_warning’ is deprecated: by TypedData [-Wdeprecated-declarations]
  897 |  Data_Get_Struct(self, git_index, index);
      |  ^~~~~~~~~~~~~~~
In file included from /usr/share/rbenv/versions/3.4.4/include/ruby-3.4.0/ruby/internal/core.h:27,
                 from /usr/share/rbenv/versions/3.4.4/include/ruby-3.4.0/ruby/ruby.h:29,
                 from /usr/share/rbenv/versions/3.4.4/include/ruby-3.4.0/ruby.h:38,
                 from rugged.h:16,
                 from rugged_index.c:8:
/usr/share/rbenv/versions/3.4.4/include/ruby-3.4.0/ruby/internal/core/rdata.h:325:1: note: declared here
  325 | rb_data_object_get_warning(VALUE obj)
      | ^~~~~~~~~~~~~~~~~~~~~~~~~~
rugged_index.c:900:2: warning: ‘rb_data_object_get_warning’ is deprecated: by TypedData [-Wdeprecated-declarations]
  900 |  Data_Get_Struct(rb_repo, git_repository, repo);
      |  ^~~~~~~~~~~~~~~
In file included from /usr/share/rbenv/versions/3.4.4/include/ruby-3.4.0/ruby/internal/core.h:27,
                 from /usr/share/rbenv/versions/3.4.4/include/ruby-3.4.0/ruby/ruby.h:29,
                 from /usr/share/rbenv/versions/3.4.4/include/ruby-3.4.0/ruby.h:38,
                 from rugged.h:16,
                 from rugged_index.c:8:
/usr/share/rbenv/versions/3.4.4/include/ruby-3.4.0/ruby/internal/core/rdata.h:325:1: note: declared here
  325 | rb_data_object_get_warning(VALUE obj)
      | ^~~~~~~~~~~~~~~~~~~~~~~~~~
rugged_index.c: In function ‘rb_git_conflict_cleanup’:
rugged_index.c:933:2: warning: ‘rb_data_object_get_warning’ is deprecated: by TypedData [-Wdeprecated-declarations]
  933 |  Data_Get_Struct(self, git_index, index);
      |  ^~~~~~~~~~~~~~~
In file included from /usr/share/rbenv/versions/3.4.4/include/ruby-3.4.0/ruby/internal/core.h:27,
                 from /usr/share/rbenv/versions/3.4.4/include/ruby-3.4.0/ruby/ruby.h:29,
                 from /usr/share/rbenv/versions/3.4.4/include/ruby-3.4.0/ruby.h:38,
                 from rugged.h:16,
                 from rugged_index.c:8:
/usr/share/rbenv/versions/3.4.4/include/ruby-3.4.0/ruby/internal/core/rdata.h:325:1: note: declared here
  325 | rb_data_object_get_warning(VALUE obj)
      | ^~~~~~~~~~~~~~~~~~~~~~~~~~
rugged_index.c: In function ‘rb_git_index_conflicts’:
rugged_index.c:959:2: warning: ‘rb_data_object_get_warning’ is deprecated: by TypedData [-Wdeprecated-declarations]
  959 |  Data_Get_Struct(self, git_index, index);
      |  ^~~~~~~~~~~~~~~
In file included from /usr/share/rbenv/versions/3.4.4/include/ruby-3.4.0/ruby/internal/core.h:27,
                 from /usr/share/rbenv/versions/3.4.4/include/ruby-3.4.0/ruby/ruby.h:29,
                 from /usr/share/rbenv/versions/3.4.4/include/ruby-3.4.0/ruby.h:38,
                 from rugged.h:16,
                 from rugged_index.c:8:
/usr/share/rbenv/versions/3.4.4/include/ruby-3.4.0/ruby/internal/core/rdata.h:325:1: note: declared here
  325 | rb_data_object_get_warning(VALUE obj)
      | ^~~~~~~~~~~~~~~~~~~~~~~~~~
rugged_reference.c: In function ‘rugged_ref_new’:
rugged_reference.c:22:2: warning: ‘rb_data_object_wrap_warning’ is deprecated: by TypedData [-Wdeprecated-declarations]
   22 |  VALUE rb_ref = Data_Wrap_Struct(klass, NULL, &rb_git_ref__free, ref);
      |  ^~~~~
In file included from /usr/share/rbenv/versions/3.4.4/include/ruby-3.4.0/ruby/internal/core.h:27,
                 from /usr/share/rbenv/versions/3.4.4/include/ruby-3.4.0/ruby/ruby.h:29,
                 from /usr/share/rbenv/versions/3.4.4/include/ruby-3.4.0/ruby.h:38,
                 from rugged.h:16,
                 from rugged_reference.c:8:
/usr/share/rbenv/versions/3.4.4/include/ruby-3.4.0/ruby/internal/core/rdata.h:293:1: note: declared here
  293 | rb_data_object_wrap_warning(VALUE klass, void *ptr, RUBY_DATA_FUNC mark, RUBY_DATA_FUNC free)
      | ^~~~~~~~~~~~~~~~~~~~~~~~~~~
rugged_reference.c: In function ‘rb_git_ref_peel’:
rugged_reference.c:76:2: warning: ‘rb_data_object_get_warning’ is deprecated: by TypedData [-Wdeprecated-declarations]
   76 |  Data_Get_Struct(self, git_reference, ref);
      |  ^~~~~~~~~~~~~~~
In file included from /usr/share/rbenv/versions/3.4.4/include/ruby-3.4.0/ruby/internal/core.h:27,
                 from /usr/share/rbenv/versions/3.4.4/include/ruby-3.4.0/ruby/ruby.h:29,
                 from /usr/share/rbenv/versions/3.4.4/include/ruby-3.4.0/ruby.h:38,
                 from rugged.h:16,
                 from rugged_reference.c:8:
/usr/share/rbenv/versions/3.4.4/include/ruby-3.4.0/ruby/internal/core/rdata.h:325:1: note: declared here
  325 | rb_data_object_get_warning(VALUE obj)
      | ^~~~~~~~~~~~~~~~~~~~~~~~~~
rugged_reference.c: In function ‘rb_git_ref_target’:
rugged_reference.c:117:2: warning: ‘rb_data_object_get_warning’ is deprecated: by TypedData [-Wdeprecated-declarations]
  117 |  Data_Get_Struct(self, git_reference, ref);
      |  ^~~~~~~~~~~~~~~
In file included from /usr/share/rbenv/versions/3.4.4/include/ruby-3.4.0/ruby/internal/core.h:27,
                 from /usr/share/rbenv/versions/3.4.4/include/ruby-3.4.0/ruby/ruby.h:29,
                 from /usr/share/rbenv/versions/3.4.4/include/ruby-3.4.0/ruby.h:38,
                 from rugged.h:16,
                 from rugged_reference.c:8:
/usr/share/rbenv/versions/3.4.4/include/ruby-3.4.0/ruby/internal/core/rdata.h:325:1: note: declared here
  325 | rb_data_object_get_warning(VALUE obj)
      | ^~~~~~~~~~~~~~~~~~~~~~~~~~
rugged_reference.c: In function ‘rb_git_ref_target_id’:
rugged_reference.c:158:2: warning: ‘rb_data_object_get_warning’ is deprecated: by TypedData [-Wdeprecated-declarations]
  158 |  Data_Get_Struct(self, git_reference, ref);
      |  ^~~~~~~~~~~~~~~
In file included from /usr/share/rbenv/versions/3.4.4/include/ruby-3.4.0/ruby/internal/core.h:27,
                 from /usr/share/rbenv/versions/3.4.4/include/ruby-3.4.0/ruby/ruby.h:29,
                 from /usr/share/rbenv/versions/3.4.4/include/ruby-3.4.0/ruby.h:38,
                 from rugged.h:16,
                 from rugged_reference.c:8:
/usr/share/rbenv/versions/3.4.4/include/ruby-3.4.0/ruby/internal/core/rdata.h:325:1: note: declared here
  325 | rb_data_object_get_warning(VALUE obj)
      | ^~~~~~~~~~~~~~~~~~~~~~~~~~
rugged_reference.c: In function ‘rb_git_ref_type’:
rugged_reference.c:176:2: warning: ‘rb_data_object_get_warning’ is deprecated: by TypedData [-Wdeprecated-declarations]
  176 |  Data_Get_Struct(self, git_reference, ref);
      |  ^~~~~~~~~~~~~~~
In file included from /usr/share/rbenv/versions/3.4.4/include/ruby-3.4.0/ruby/internal/core.h:27,
                 from /usr/share/rbenv/versions/3.4.4/include/ruby-3.4.0/ruby/ruby.h:29,
                 from /usr/share/rbenv/versions/3.4.4/include/ruby-3.4.0/ruby.h:38,
                 from rugged.h:16,
                 from rugged_reference.c:8:
/usr/share/rbenv/versions/3.4.4/include/ruby-3.4.0/ruby/internal/core/rdata.h:325:1: note: declared here
  325 | rb_data_object_get_warning(VALUE obj)
      | ^~~~~~~~~~~~~~~~~~~~~~~~~~
rugged_reference.c: In function ‘rb_git_ref_name’:
rugged_reference.c:204:2: warning: ‘rb_data_object_get_warning’ is deprecated: by TypedData [-Wdeprecated-declarations]
  204 |  Data_Get_Struct(self, git_reference, ref);
      |  ^~~~~~~~~~~~~~~
In file included from /usr/share/rbenv/versions/3.4.4/include/ruby-3.4.0/ruby/internal/core.h:27,
                 from /usr/share/rbenv/versions/3.4.4/include/ruby-3.4.0/ruby/ruby.h:29,
                 from /usr/share/rbenv/versions/3.4.4/include/ruby-3.4.0/ruby.h:38,
                 from rugged.h:16,
                 from rugged_reference.c:8:
/usr/share/rbenv/versions/3.4.4/include/ruby-3.4.0/ruby/internal/core/rdata.h:325:1: note: declared here
  325 | rb_data_object_get_warning(VALUE obj)
      | ^~~~~~~~~~~~~~~~~~~~~~~~~~
rugged_reference.c: In function ‘rb_git_ref_resolve’:
rugged_reference.c:227:2: warning: ‘rb_data_object_get_warning’ is deprecated: by TypedData [-Wdeprecated-declarations]
  227 |  Data_Get_Struct(self, git_reference, ref);
      |  ^~~~~~~~~~~~~~~
In file included from /usr/share/rbenv/versions/3.4.4/include/ruby-3.4.0/ruby/internal/core.h:27,
                 from /usr/share/rbenv/versions/3.4.4/include/ruby-3.4.0/ruby/ruby.h:29,
                 from /usr/share/rbenv/versions/3.4.4/include/ruby-3.4.0/ruby.h:38,
                 from rugged.h:16,
                 from rugged_reference.c:8:
/usr/share/rbenv/versions/3.4.4/include/ruby-3.4.0/ruby/internal/core/rdata.h:325:1: note: declared here
  325 | rb_data_object_get_warning(VALUE obj)
      | ^~~~~~~~~~~~~~~~~~~~~~~~~~
rugged_reference.c: In function ‘rb_git_reflog’:
rugged_reference.c:293:2: warning: ‘rb_data_object_get_warning’ is deprecated: by TypedData [-Wdeprecated-declarations]
  293 |  Data_Get_Struct(self, git_reference, ref);
      |  ^~~~~~~~~~~~~~~
In file included from /usr/share/rbenv/versions/3.4.4/include/ruby-3.4.0/ruby/internal/core.h:27,
                 from /usr/share/rbenv/versions/3.4.4/include/ruby-3.4.0/ruby/ruby.h:29,
                 from /usr/share/rbenv/versions/3.4.4/include/ruby-3.4.0/ruby.h:38,
                 from rugged.h:16,
                 from rugged_reference.c:8:
/usr/share/rbenv/versions/3.4.4/include/ruby-3.4.0/ruby/internal/core/rdata.h:325:1: note: declared here
  325 | rb_data_object_get_warning(VALUE obj)
      | ^~~~~~~~~~~~~~~~~~~~~~~~~~
rugged_reference.c: In function ‘rb_git_has_reflog’:
rugged_reference.c:323:2: warning: ‘rb_data_object_get_warning’ is deprecated: by TypedData [-Wdeprecated-declarations]
  323 |  Data_Get_Struct(self, git_reference, ref);
      |  ^~~~~~~~~~~~~~~
In file included from /usr/share/rbenv/versions/3.4.4/include/ruby-3.4.0/ruby/internal/core.h:27,
                 from /usr/share/rbenv/versions/3.4.4/include/ruby-3.4.0/ruby/ruby.h:29,
                 from /usr/share/rbenv/versions/3.4.4/include/ruby-3.4.0/ruby.h:38,
                 from rugged.h:16,
                 from rugged_reference.c:8:
/usr/share/rbenv/versions/3.4.4/include/ruby-3.4.0/ruby/internal/core/rdata.h:325:1: note: declared here
  325 | rb_data_object_get_warning(VALUE obj)
      | ^~~~~~~~~~~~~~~~~~~~~~~~~~
rugged_reference.c: In function ‘rb_git_ref_is_branch’:
rugged_reference.c:338:2: warning: ‘rb_data_object_get_warning’ is deprecated: by TypedData [-Wdeprecated-declarations]
  338 |  Data_Get_Struct(self, git_reference, ref);
      |  ^~~~~~~~~~~~~~~
In file included from /usr/share/rbenv/versions/3.4.4/include/ruby-3.4.0/ruby/internal/core.h:27,
                 from /usr/share/rbenv/versions/3.4.4/include/ruby-3.4.0/ruby/ruby.h:29,
                 from /usr/share/rbenv/versions/3.4.4/include/ruby-3.4.0/ruby.h:38,
                 from rugged.h:16,
                 from rugged_reference.c:8:
/usr/share/rbenv/versions/3.4.4/include/ruby-3.4.0/ruby/internal/core/rdata.h:325:1: note: declared here
  325 | rb_data_object_get_warning(VALUE obj)
      | ^~~~~~~~~~~~~~~~~~~~~~~~~~
rugged_reference.c: In function ‘rb_git_ref_is_remote’:
rugged_reference.c:351:2: warning: ‘rb_data_object_get_warning’ is deprecated: by TypedData [-Wdeprecated-declarations]
  351 |  Data_Get_Struct(self, git_reference, ref);
      |  ^~~~~~~~~~~~~~~
In file included from /usr/share/rbenv/versions/3.4.4/include/ruby-3.4.0/ruby/internal/core.h:27,
                 from /usr/share/rbenv/versions/3.4.4/include/ruby-3.4.0/ruby/ruby.h:29,
                 from /usr/share/rbenv/versions/3.4.4/include/ruby-3.4.0/ruby.h:38,
                 from rugged.h:16,
                 from rugged_reference.c:8:
/usr/share/rbenv/versions/3.4.4/include/ruby-3.4.0/ruby/internal/core/rdata.h:325:1: note: declared here
  325 | rb_data_object_get_warning(VALUE obj)
      | ^~~~~~~~~~~~~~~~~~~~~~~~~~
rugged_reference.c: In function ‘rb_git_ref_is_tag’:
rugged_reference.c:364:2: warning: ‘rb_data_object_get_warning’ is deprecated: by TypedData [-Wdeprecated-declarations]
  364 |  Data_Get_Struct(self, git_reference, ref);
      |  ^~~~~~~~~~~~~~~
In file included from /usr/share/rbenv/versions/3.4.4/include/ruby-3.4.0/ruby/internal/core.h:27,
                 from /usr/share/rbenv/versions/3.4.4/include/ruby-3.4.0/ruby/ruby.h:29,
                 from /usr/share/rbenv/versions/3.4.4/include/ruby-3.4.0/ruby.h:38,
                 from rugged.h:16,
                 from rugged_reference.c:8:
/usr/share/rbenv/versions/3.4.4/include/ruby-3.4.0/ruby/internal/core/rdata.h:325:1: note: declared here
  325 | rb_data_object_get_warning(VALUE obj)
      | ^~~~~~~~~~~~~~~~~~~~~~~~~~
rugged_rebase.c: In function ‘rugged_rebase_new’:
rugged_rebase.c:52:2: warning: ‘rb_data_object_wrap_warning’ is deprecated: by TypedData [-Wdeprecated-declarations]
   52 |  VALUE rb_rebase = Data_Wrap_Struct(klass, NULL, &rb_git_rebase__free, rebase);
      |  ^~~~~
In file included from /usr/share/rbenv/versions/3.4.4/include/ruby-3.4.0/ruby/internal/core.h:27,
                 from /usr/share/rbenv/versions/3.4.4/include/ruby-3.4.0/ruby/ruby.h:29,
                 from /usr/share/rbenv/versions/3.4.4/include/ruby-3.4.0/ruby.h:38,
                 from rugged.h:16,
                 from rugged_rebase.c:8:
/usr/share/rbenv/versions/3.4.4/include/ruby-3.4.0/ruby/internal/core/rdata.h:293:1: note: declared here
  293 | rb_data_object_wrap_warning(VALUE klass, void *ptr, RUBY_DATA_FUNC mark, RUBY_DATA_FUNC free)
      | ^~~~~~~~~~~~~~~~~~~~~~~~~~~
rugged_rebase.c: In function ‘get_annotated_commit’:
rugged_rebase.c:69:2: warning: ‘rb_data_object_get_warning’ is deprecated: by TypedData [-Wdeprecated-declarations]
   69 |  Data_Get_Struct(rb_repo, git_repository, repo);
      |  ^~~~~~~~~~~~~~~
In file included from /usr/share/rbenv/versions/3.4.4/include/ruby-3.4.0/ruby/internal/core.h:27,
                 from /usr/share/rbenv/versions/3.4.4/include/ruby-3.4.0/ruby/ruby.h:29,
                 from /usr/share/rbenv/versions/3.4.4/include/ruby-3.4.0/ruby.h:38,
                 from rugged.h:16,
                 from rugged_rebase.c:8:
/usr/share/rbenv/versions/3.4.4/include/ruby-3.4.0/ruby/internal/core/rdata.h:325:1: note: declared here
  325 | rb_data_object_get_warning(VALUE obj)
      | ^~~~~~~~~~~~~~~~~~~~~~~~~~
rugged_rebase.c:82:3: warning: ‘rb_data_object_get_warning’ is deprecated: by TypedData [-Wdeprecated-declarations]
   82 |   Data_Get_Struct(rb_value, git_reference, ref);
      |   ^~~~~~~~~~~~~~~
In file included from /usr/share/rbenv/versions/3.4.4/include/ruby-3.4.0/ruby/internal/core.h:27,
                 from /usr/share/rbenv/versions/3.4.4/include/ruby-3.4.0/ruby/ruby.h:29,
                 from /usr/share/rbenv/versions/3.4.4/include/ruby-3.4.0/ruby.h:38,
                 from rugged.h:16,
                 from rugged_rebase.c:8:
/usr/share/rbenv/versions/3.4.4/include/ruby-3.4.0/ruby/internal/core/rdata.h:325:1: note: declared here
  325 | rb_data_object_get_warning(VALUE obj)
      | ^~~~~~~~~~~~~~~~~~~~~~~~~~
rugged_rebase.c: In function ‘rb_git_rebase_new’:
compiling rugged_revwalk.c
rugged_rebase.c:155:2: warning: ‘rb_data_object_get_warning’ is deprecated: by TypedData [-Wdeprecated-declarations]
  155 |  Data_Get_Struct(rb_repo, git_repository, repo);
      |  ^~~~~~~~~~~~~~~
In file included from /usr/share/rbenv/versions/3.4.4/include/ruby-3.4.0/ruby/internal/core.h:27,
                 from /usr/share/rbenv/versions/3.4.4/include/ruby-3.4.0/ruby/ruby.h:29,
                 from /usr/share/rbenv/versions/3.4.4/include/ruby-3.4.0/ruby.h:38,
                 from rugged.h:16,
                 from rugged_rebase.c:8:
/usr/share/rbenv/versions/3.4.4/include/ruby-3.4.0/ruby/internal/core/rdata.h:325:1: note: declared here
  325 | rb_data_object_get_warning(VALUE obj)
      | ^~~~~~~~~~~~~~~~~~~~~~~~~~
rugged_rebase.c: In function ‘rb_git_rebase_next’:
rugged_rebase.c:212:2: warning: ‘rb_data_object_get_warning’ is deprecated: by TypedData [-Wdeprecated-declarations]
  212 |  Data_Get_Struct(self, git_rebase, rebase);
      |  ^~~~~~~~~~~~~~~
In file included from /usr/share/rbenv/versions/3.4.4/include/ruby-3.4.0/ruby/internal/core.h:27,
                 from /usr/share/rbenv/versions/3.4.4/include/ruby-3.4.0/ruby/ruby.h:29,
                 from /usr/share/rbenv/versions/3.4.4/include/ruby-3.4.0/ruby.h:38,
                 from rugged.h:16,
                 from rugged_rebase.c:8:
/usr/share/rbenv/versions/3.4.4/include/ruby-3.4.0/ruby/internal/core/rdata.h:325:1: note: declared here
  325 | rb_data_object_get_warning(VALUE obj)
      | ^~~~~~~~~~~~~~~~~~~~~~~~~~
rugged_rebase.c: In function ‘rb_git_rebase_inmemory_index’:
rugged_rebase.c:255:2: warning: ‘rb_data_object_get_warning’ is deprecated: by TypedData [-Wdeprecated-declarations]
  255 |  Data_Get_Struct(self, git_rebase, rebase);
      |  ^~~~~~~~~~~~~~~
In file included from /usr/share/rbenv/versions/3.4.4/include/ruby-3.4.0/ruby/internal/core.h:27,
                 from /usr/share/rbenv/versions/3.4.4/include/ruby-3.4.0/ruby/ruby.h:29,
                 from /usr/share/rbenv/versions/3.4.4/include/ruby-3.4.0/ruby.h:38,
                 from rugged.h:16,
                 from rugged_rebase.c:8:
/usr/share/rbenv/versions/3.4.4/include/ruby-3.4.0/ruby/internal/core/rdata.h:325:1: note: declared here
  325 | rb_data_object_get_warning(VALUE obj)
      | ^~~~~~~~~~~~~~~~~~~~~~~~~~
rugged_rebase.c: In function ‘rb_git_rebase_commit’:
rugged_rebase.c:282:2: warning: ‘rb_data_object_get_warning’ is deprecated: by TypedData [-Wdeprecated-declarations]
  282 |  Data_Get_Struct(self, git_rebase, rebase);
      |  ^~~~~~~~~~~~~~~
In file included from /usr/share/rbenv/versions/3.4.4/include/ruby-3.4.0/ruby/internal/core.h:27,
                 from /usr/share/rbenv/versions/3.4.4/include/ruby-3.4.0/ruby/ruby.h:29,
                 from /usr/share/rbenv/versions/3.4.4/include/ruby-3.4.0/ruby.h:38,
                 from rugged.h:16,
                 from rugged_rebase.c:8:
/usr/share/rbenv/versions/3.4.4/include/ruby-3.4.0/ruby/internal/core/rdata.h:325:1: note: declared here
  325 | rb_data_object_get_warning(VALUE obj)
      | ^~~~~~~~~~~~~~~~~~~~~~~~~~
rugged_rebase.c: In function ‘rb_git_rebase_abort’:
rugged_rebase.c:329:2: warning: ‘rb_data_object_get_warning’ is deprecated: by TypedData [-Wdeprecated-declarations]
  329 |  Data_Get_Struct(self, git_rebase, rebase);
      |  ^~~~~~~~~~~~~~~
In file included from /usr/share/rbenv/versions/3.4.4/include/ruby-3.4.0/ruby/internal/core.h:27,
                 from /usr/share/rbenv/versions/3.4.4/include/ruby-3.4.0/ruby/ruby.h:29,
                 from /usr/share/rbenv/versions/3.4.4/include/ruby-3.4.0/ruby.h:38,
                 from rugged.h:16,
                 from rugged_rebase.c:8:
/usr/share/rbenv/versions/3.4.4/include/ruby-3.4.0/ruby/internal/core/rdata.h:325:1: note: declared here
  325 | rb_data_object_get_warning(VALUE obj)
      | ^~~~~~~~~~~~~~~~~~~~~~~~~~
rugged_rebase.c: In function ‘rb_git_rebase_finish’:
rugged_rebase.c:348:2: warning: ‘rb_data_object_get_warning’ is deprecated: by TypedData [-Wdeprecated-declarations]
  348 |  Data_Get_Struct(self, git_rebase, rebase);
      |  ^~~~~~~~~~~~~~~
In file included from /usr/share/rbenv/versions/3.4.4/include/ruby-3.4.0/ruby/internal/core.h:27,
                 from /usr/share/rbenv/versions/3.4.4/include/ruby-3.4.0/ruby/ruby.h:29,
                 from /usr/share/rbenv/versions/3.4.4/include/ruby-3.4.0/ruby.h:38,
                 from rugged.h:16,
                 from rugged_rebase.c:8:
/usr/share/rbenv/versions/3.4.4/include/ruby-3.4.0/ruby/internal/core/rdata.h:325:1: note: declared here
  325 | rb_data_object_get_warning(VALUE obj)
      | ^~~~~~~~~~~~~~~~~~~~~~~~~~
rugged_reference_collection.c: In function ‘rb_git_reference_collection_create’:
rugged_reference_collection.c:59:2: warning: ‘rb_data_object_get_warning’ is deprecated: by TypedData [-Wdeprecated-declarations]
   59 |  Data_Get_Struct(rb_repo, git_repository, repo);
      |  ^~~~~~~~~~~~~~~
In file included from /usr/share/rbenv/versions/3.4.4/include/ruby-3.4.0/ruby/internal/core.h:27,
                 from /usr/share/rbenv/versions/3.4.4/include/ruby-3.4.0/ruby/ruby.h:29,
                 from /usr/share/rbenv/versions/3.4.4/include/ruby-3.4.0/ruby.h:38,
                 from rugged.h:16,
                 from rugged_reference_collection.c:8:
/usr/share/rbenv/versions/3.4.4/include/ruby-3.4.0/ruby/internal/core/rdata.h:325:1: note: declared here
  325 | rb_data_object_get_warning(VALUE obj)
      | ^~~~~~~~~~~~~~~~~~~~~~~~~~
rugged_reference_collection.c: In function ‘rb_git_reference_collection_aref’:
rugged_reference_collection.c:98:2: warning: ‘rb_data_object_get_warning’ is deprecated: by TypedData [-Wdeprecated-declarations]
   98 |  Data_Get_Struct(rb_repo, git_repository, repo);
      |  ^~~~~~~~~~~~~~~
In file included from /usr/share/rbenv/versions/3.4.4/include/ruby-3.4.0/ruby/internal/core.h:27,
                 from /usr/share/rbenv/versions/3.4.4/include/ruby-3.4.0/ruby/ruby.h:29,
                 from /usr/share/rbenv/versions/3.4.4/include/ruby-3.4.0/ruby.h:38,
                 from rugged.h:16,
                 from rugged_reference_collection.c:8:
/usr/share/rbenv/versions/3.4.4/include/ruby-3.4.0/ruby/internal/core/rdata.h:325:1: note: declared here
  325 | rb_data_object_get_warning(VALUE obj)
      | ^~~~~~~~~~~~~~~~~~~~~~~~~~
rugged_reference_collection.c: In function ‘rb_git_reference_collection__each’:
rugged_reference_collection.c:122:2: warning: ‘rb_data_object_get_warning’ is deprecated: by TypedData [-Wdeprecated-declarations]
  122 |  Data_Get_Struct(rb_repo, git_repository, repo);
      |  ^~~~~~~~~~~~~~~
In file included from /usr/share/rbenv/versions/3.4.4/include/ruby-3.4.0/ruby/internal/core.h:27,
                 from /usr/share/rbenv/versions/3.4.4/include/ruby-3.4.0/ruby/ruby.h:29,
                 from /usr/share/rbenv/versions/3.4.4/include/ruby-3.4.0/ruby.h:38,
                 from rugged.h:16,
                 from rugged_reference_collection.c:8:
/usr/share/rbenv/versions/3.4.4/include/ruby-3.4.0/ruby/internal/core/rdata.h:325:1: note: declared here
  325 | rb_data_object_get_warning(VALUE obj)
      | ^~~~~~~~~~~~~~~~~~~~~~~~~~
rugged_reference_collection.c: In function ‘rb_git_reference_collection_exist_p’:
rugged_reference_collection.c:213:2: warning: ‘rb_data_object_get_warning’ is deprecated: by TypedData [-Wdeprecated-declarations]
  213 |  Data_Get_Struct(rb_repo, git_repository, repo);
      |  ^~~~~~~~~~~~~~~
In file included from /usr/share/rbenv/versions/3.4.4/include/ruby-3.4.0/ruby/internal/core.h:27,
                 from /usr/share/rbenv/versions/3.4.4/include/ruby-3.4.0/ruby/ruby.h:29,
                 from /usr/share/rbenv/versions/3.4.4/include/ruby-3.4.0/ruby.h:38,
                 from rugged.h:16,
                 from rugged_reference_collection.c:8:
/usr/share/rbenv/versions/3.4.4/include/ruby-3.4.0/ruby/internal/core/rdata.h:325:1: note: declared here
  325 | rb_data_object_get_warning(VALUE obj)
      | ^~~~~~~~~~~~~~~~~~~~~~~~~~
rugged_remote.c: In function ‘rugged_remote_new’:
rugged_remote.c:255:2: warning: ‘rb_data_object_wrap_warning’ is deprecated: by TypedData [-Wdeprecated-declarations]
  255 |  rb_remote = Data_Wrap_Struct(rb_cRuggedRemote, NULL, &rb_git_remote__free, remote);
      |  ^~~~~~~~~
In file included from /usr/share/rbenv/versions/3.4.4/include/ruby-3.4.0/ruby/internal/core.h:27,
                 from /usr/share/rbenv/versions/3.4.4/include/ruby-3.4.0/ruby/ruby.h:29,
                 from /usr/share/rbenv/versions/3.4.4/include/ruby-3.4.0/ruby.h:38,
                 from rugged.h:16,
                 from rugged_remote.c:8:
/usr/share/rbenv/versions/3.4.4/include/ruby-3.4.0/ruby/internal/core/rdata.h:293:1: note: declared here
  293 | rb_data_object_wrap_warning(VALUE klass, void *ptr, RUBY_DATA_FUNC mark, RUBY_DATA_FUNC free)
      | ^~~~~~~~~~~~~~~~~~~~~~~~~~~
rugged_remote.c: In function ‘rb_git_remote_ls’:
rugged_remote.c:329:2: warning: ‘rb_data_object_get_warning’ is deprecated: by TypedData [-Wdeprecated-declarations]
  329 |  Data_Get_Struct(self, git_remote, remote);
      |  ^~~~~~~~~~~~~~~
rugged_reference_collection.c: In function ‘rb_git_reference_collection_rename’:
In file included from /usr/share/rbenv/versions/3.4.4/include/ruby-3.4.0/ruby/internal/core.h:27,
                 from /usr/share/rbenv/versions/3.4.4/include/ruby-3.4.0/ruby/ruby.h:29,
                 from /usr/share/rbenv/versions/3.4.4/include/ruby-3.4.0/ruby.h:38,
                 from rugged.h:16,
                 from rugged_remote.c:8:
/usr/share/rbenv/versions/3.4.4/include/ruby-3.4.0/ruby/internal/core/rdata.h:325:1: note: declared here
  325 | rb_data_object_get_warning(VALUE obj)
      | ^~~~~~~~~~~~~~~~~~~~~~~~~~
rugged_reference_collection.c:268:2: warning: ‘rb_data_object_get_warning’ is deprecated: by TypedData [-Wdeprecated-declarations]
  268 |  Data_Get_Struct(rb_repo, git_repository, repo);
      |  ^~~~~~~~~~~~~~~
In file included from /usr/share/rbenv/versions/3.4.4/include/ruby-3.4.0/ruby/internal/core.h:27,
                 from /usr/share/rbenv/versions/3.4.4/include/ruby-3.4.0/ruby/ruby.h:29,
                 from /usr/share/rbenv/versions/3.4.4/include/ruby-3.4.0/ruby.h:38,
                 from rugged.h:16,
                 from rugged_reference_collection.c:8:
/usr/share/rbenv/versions/3.4.4/include/ruby-3.4.0/ruby/internal/core/rdata.h:325:1: note: declared here
  325 | rb_data_object_get_warning(VALUE obj)
      | ^~~~~~~~~~~~~~~~~~~~~~~~~~
rugged_remote_collection.c: In function ‘rb_git_remote_collection_create_anonymous’:
rugged_remote.c: In function ‘rb_git_remote_name’:
rugged_reference_collection.c: In function ‘rb_git_reference_collection_update’:
rugged_remote_collection.c:48:2: warning: ‘rb_data_object_get_warning’ is deprecated: by TypedData [-Wdeprecated-declarations]
   48 |  Data_Get_Struct(rb_repo, git_repository, repo);
      |  ^~~~~~~~~~~~~~~
In file included from /usr/share/rbenv/versions/3.4.4/include/ruby-3.4.0/ruby/internal/core.h:27,
                 from /usr/share/rbenv/versions/3.4.4/include/ruby-3.4.0/ruby/ruby.h:29,
                 from /usr/share/rbenv/versions/3.4.4/include/ruby-3.4.0/ruby.h:38,
                 from rugged.h:16,
                 from rugged_remote_collection.c:8:
/usr/share/rbenv/versions/3.4.4/include/ruby-3.4.0/ruby/internal/core/rdata.h:325:1: note: declared here
  325 | rb_data_object_get_warning(VALUE obj)
      | ^~~~~~~~~~~~~~~~~~~~~~~~~~
rugged_reference_collection.c:340:2: warning: ‘rb_data_object_get_warning’ is deprecated: by TypedData [-Wdeprecated-declarations]
  340 |  Data_Get_Struct(rb_repo, git_repository, repo);
      |  ^~~~~~~~~~~~~~~
In file included from /usr/share/rbenv/versions/3.4.4/include/ruby-3.4.0/ruby/internal/core.h:27,
                 from /usr/share/rbenv/versions/3.4.4/include/ruby-3.4.0/ruby/ruby.h:29,
                 from /usr/share/rbenv/versions/3.4.4/include/ruby-3.4.0/ruby.h:38,
                 from rugged.h:16,
                 from rugged_reference_collection.c:8:
/usr/share/rbenv/versions/3.4.4/include/ruby-3.4.0/ruby/internal/core/rdata.h:325:1: note: declared here
  325 | rb_data_object_get_warning(VALUE obj)
      | ^~~~~~~~~~~~~~~~~~~~~~~~~~
rugged_remote_collection.c: In function ‘rb_git_remote_collection_create’:
rugged_remote_collection.c:83:2: warning: ‘rb_data_object_get_warning’ is deprecated: by TypedData [-Wdeprecated-declarations]
   83 |  Data_Get_Struct(rb_repo, git_repository, repo);
      |  ^~~~~~~~~~~~~~~
In file included from /usr/share/rbenv/versions/3.4.4/include/ruby-3.4.0/ruby/internal/core.h:27,
                 from /usr/share/rbenv/versions/3.4.4/include/ruby-3.4.0/ruby/ruby.h:29,
                 from /usr/share/rbenv/versions/3.4.4/include/ruby-3.4.0/ruby.h:38,
                 from rugged.h:16,
                 from rugged_remote_collection.c:8:
/usr/share/rbenv/versions/3.4.4/include/ruby-3.4.0/ruby/internal/core/rdata.h:325:1: note: declared here
  325 | rb_data_object_get_warning(VALUE obj)
      | ^~~~~~~~~~~~~~~~~~~~~~~~~~
rugged_remote_collection.c: In function ‘rb_git_remote_collection_aref’:
rugged_remote_collection.c:118:2: warning: ‘rb_data_object_get_warning’ is deprecated: by TypedData [-Wdeprecated-declarations]
  118 |  Data_Get_Struct(rb_repo, git_repository, repo);
      |  ^~~~~~~~~~~~~~~
In file included from /usr/share/rbenv/versions/3.4.4/include/ruby-3.4.0/ruby/internal/core.h:27,
                 from /usr/share/rbenv/versions/3.4.4/include/ruby-3.4.0/ruby/ruby.h:29,
                 from /usr/share/rbenv/versions/3.4.4/include/ruby-3.4.0/ruby.h:38,
                 from rugged.h:16,
                 from rugged_remote_collection.c:8:
/usr/share/rbenv/versions/3.4.4/include/ruby-3.4.0/ruby/internal/core/rdata.h:325:1: note: declared here
  325 | rb_data_object_get_warning(VALUE obj)
      | ^~~~~~~~~~~~~~~~~~~~~~~~~~
rugged_reference_collection.c: In function ‘rb_git_reference_collection_delete’:
rugged_remote_collection.c: In function ‘rb_git_remote_collection__each’:
rugged_reference_collection.c:391:2: warning: ‘rb_data_object_get_warning’ is deprecated: by TypedData [-Wdeprecated-declarations]
  391 |  Data_Get_Struct(rb_repo, git_repository, repo);
      |  ^~~~~~~~~~~~~~~
In file included from /usr/share/rbenv/versions/3.4.4/include/ruby-3.4.0/ruby/internal/core.h:27,
                 from /usr/share/rbenv/versions/3.4.4/include/ruby-3.4.0/ruby/ruby.h:29,
                 from /usr/share/rbenv/versions/3.4.4/include/ruby-3.4.0/ruby.h:38,
                 from rugged.h:16,
                 from rugged_reference_collection.c:8:
/usr/share/rbenv/versions/3.4.4/include/ruby-3.4.0/ruby/internal/core/rdata.h:325:1: note: declared here
  325 | rb_data_object_get_warning(VALUE obj)
      | ^~~~~~~~~~~~~~~~~~~~~~~~~~
rugged_remote_collection.c:146:2: warning: ‘rb_data_object_get_warning’ is deprecated: by TypedData [-Wdeprecated-declarations]
  146 |  Data_Get_Struct(rb_repo, git_repository, repo);
      |  ^~~~~~~~~~~~~~~
In file included from /usr/share/rbenv/versions/3.4.4/include/ruby-3.4.0/ruby/internal/core.h:27,
                 from /usr/share/rbenv/versions/3.4.4/include/ruby-3.4.0/ruby/ruby.h:29,
                 from /usr/share/rbenv/versions/3.4.4/include/ruby-3.4.0/ruby.h:38,
                 from rugged.h:16,
                 from rugged_remote_collection.c:8:
/usr/share/rbenv/versions/3.4.4/include/ruby-3.4.0/ruby/internal/core/rdata.h:325:1: note: declared here
  325 | rb_data_object_get_warning(VALUE obj)
      | ^~~~~~~~~~~~~~~~~~~~~~~~~~
rugged_remote_collection.c: In function ‘rb_git_remote_collection_rename’:
rugged_remote_collection.c:247:2: warning: ‘rb_data_object_get_warning’ is deprecated: by TypedData [-Wdeprecated-declarations]
  247 |  Data_Get_Struct(rb_repo, git_repository, repo);
      |  ^~~~~~~~~~~~~~~
In file included from /usr/share/rbenv/versions/3.4.4/include/ruby-3.4.0/ruby/internal/core.h:27,
                 from /usr/share/rbenv/versions/3.4.4/include/ruby-3.4.0/ruby/ruby.h:29,
                 from /usr/share/rbenv/versions/3.4.4/include/ruby-3.4.0/ruby.h:38,
                 from rugged.h:16,
                 from rugged_remote_collection.c:8:
/usr/share/rbenv/versions/3.4.4/include/ruby-3.4.0/ruby/internal/core/rdata.h:325:1: note: declared here
  325 | rb_data_object_get_warning(VALUE obj)
      | ^~~~~~~~~~~~~~~~~~~~~~~~~~
rugged_remote_collection.c: In function ‘rb_git_remote_collection_delete’:
rugged_remote_collection.c:286:2: warning: ‘rb_data_object_get_warning’ is deprecated: by TypedData [-Wdeprecated-declarations]
  286 |  Data_Get_Struct(rb_repo, git_repository, repo);
      |  ^~~~~~~~~~~~~~~
In file included from /usr/share/rbenv/versions/3.4.4/include/ruby-3.4.0/ruby/internal/core.h:27,
                 from /usr/share/rbenv/versions/3.4.4/include/ruby-3.4.0/ruby/ruby.h:29,
                 from /usr/share/rbenv/versions/3.4.4/include/ruby-3.4.0/ruby.h:38,
                 from rugged.h:16,
                 from rugged_remote_collection.c:8:
/usr/share/rbenv/versions/3.4.4/include/ruby-3.4.0/ruby/internal/core/rdata.h:325:1: note: declared here
  325 | rb_data_object_get_warning(VALUE obj)
      | ^~~~~~~~~~~~~~~~~~~~~~~~~~
rugged_remote_collection.c: In function ‘rb_git_remote_collection_set_url’:
rugged_remote_collection.c:317:2: warning: ‘rb_data_object_get_warning’ is deprecated: by TypedData [-Wdeprecated-declarations]
  317 |  Data_Get_Struct(rb_repo, git_repository, repo);
      |  ^~~~~~~~~~~~~~~
In file included from /usr/share/rbenv/versions/3.4.4/include/ruby-3.4.0/ruby/internal/core.h:27,
                 from /usr/share/rbenv/versions/3.4.4/include/ruby-3.4.0/ruby/ruby.h:29,
                 from /usr/share/rbenv/versions/3.4.4/include/ruby-3.4.0/ruby.h:38,
                 from rugged.h:16,
                 from rugged_remote_collection.c:8:
/usr/share/rbenv/versions/3.4.4/include/ruby-3.4.0/ruby/internal/core/rdata.h:325:1: note: declared here
  325 | rb_data_object_get_warning(VALUE obj)
      | ^~~~~~~~~~~~~~~~~~~~~~~~~~
rugged_remote_collection.c: In function ‘rb_git_remote_collection_set_push_url’:
rugged_remote_collection.c:350:2: warning: ‘rb_data_object_get_warning’ is deprecated: by TypedData [-Wdeprecated-declarations]
  350 |  Data_Get_Struct(rb_repo, git_repository, repo);
      |  ^~~~~~~~~~~~~~~
In file included from /usr/share/rbenv/versions/3.4.4/include/ruby-3.4.0/ruby/internal/core.h:27,
                 from /usr/share/rbenv/versions/3.4.4/include/ruby-3.4.0/ruby/ruby.h:29,
                 from /usr/share/rbenv/versions/3.4.4/include/ruby-3.4.0/ruby.h:38,
                 from rugged.h:16,
                 from rugged_remote_collection.c:8:
/usr/share/rbenv/versions/3.4.4/include/ruby-3.4.0/ruby/internal/core/rdata.h:325:1: note: declared here
  325 | rb_data_object_get_warning(VALUE obj)
      | ^~~~~~~~~~~~~~~~~~~~~~~~~~
rugged_remote_collection.c: In function ‘rb_git_remote_collection_add_refspec’:
rugged_remote_collection.c:374:2: warning: ‘rb_data_object_get_warning’ is deprecated: by TypedData [-Wdeprecated-declarations]
  374 |  Data_Get_Struct(rb_repo, git_repository, repo);
      |  ^~~~~~~~~~~~~~~
In file included from /usr/share/rbenv/versions/3.4.4/include/ruby-3.4.0/ruby/internal/core.h:27,
                 from /usr/share/rbenv/versions/3.4.4/include/ruby-3.4.0/ruby/ruby.h:29,
                 from /usr/share/rbenv/versions/3.4.4/include/ruby-3.4.0/ruby.h:38,
                 from rugged.h:16,
                 from rugged_remote_collection.c:8:
/usr/share/rbenv/versions/3.4.4/include/ruby-3.4.0/ruby/internal/core/rdata.h:325:1: note: declared here
  325 | rb_data_object_get_warning(VALUE obj)
      | ^~~~~~~~~~~~~~~~~~~~~~~~~~
rugged_repo.c: In function ‘rugged_repo_new’:
rugged_repo.c:153:2: warning: ‘rb_data_object_wrap_warning’ is deprecated: by TypedData [-Wdeprecated-declarations]
  153 |  VALUE rb_repo = Data_Wrap_Struct(klass, NULL, &rb_git_repo__free, repo);
      |  ^~~~~
In file included from /usr/share/rbenv/versions/3.4.4/include/ruby-3.4.0/ruby/internal/core.h:27,
                 from /usr/share/rbenv/versions/3.4.4/include/ruby-3.4.0/ruby/ruby.h:29,
                 from /usr/share/rbenv/versions/3.4.4/include/ruby-3.4.0/ruby.h:38,
                 from rugged.h:16,
                 from rugged_repo.c:8:
/usr/share/rbenv/versions/3.4.4/include/ruby-3.4.0/ruby/internal/core/rdata.h:293:1: note: declared here
  293 | rb_data_object_wrap_warning(VALUE klass, void *ptr, RUBY_DATA_FUNC mark, RUBY_DATA_FUNC free)
      | ^~~~~~~~~~~~~~~~~~~~~~~~~~~
rugged_repo.c: In function ‘rugged_repo_new_with_backend’:
rugged_repo.c:215:2: warning: ‘rb_data_object_get_warning’ is deprecated: by TypedData [-Wdeprecated-declarations]
  215 |  Data_Get_Struct(rb_backend, rugged_backend, backend);
      |  ^~~~~~~~~~~~~~~
In file included from /usr/share/rbenv/versions/3.4.4/include/ruby-3.4.0/ruby/internal/core.h:27,
                 from /usr/share/rbenv/versions/3.4.4/include/ruby-3.4.0/ruby/ruby.h:29,
                 from /usr/share/rbenv/versions/3.4.4/include/ruby-3.4.0/ruby.h:38,
                 from rugged.h:16,
                 from rugged_repo.c:8:
/usr/share/rbenv/versions/3.4.4/include/ruby-3.4.0/ruby/internal/core/rdata.h:325:1: note: declared here
  325 | rb_data_object_get_warning(VALUE obj)
      | ^~~~~~~~~~~~~~~~~~~~~~~~~~
rugged_remote.c:368:2: warning: ‘rb_data_object_get_warning’ is deprecated: by TypedData [-Wdeprecated-declarations]
  368 |  Data_Get_Struct(self, git_remote, remote);
      |  ^~~~~~~~~~~~~~~
In file included from /usr/share/rbenv/versions/3.4.4/include/ruby-3.4.0/ruby/internal/core.h:27,
                 from /usr/share/rbenv/versions/3.4.4/include/ruby-3.4.0/ruby/ruby.h:29,
                 from /usr/share/rbenv/versions/3.4.4/include/ruby-3.4.0/ruby.h:38,
                 from rugged.h:16,
                 from rugged_remote.c:8:
/usr/share/rbenv/versions/3.4.4/include/ruby-3.4.0/ruby/internal/core/rdata.h:325:1: note: declared here
  325 | rb_data_object_get_warning(VALUE obj)
      | ^~~~~~~~~~~~~~~~~~~~~~~~~~
rugged_remote.c: In function ‘rb_git_remote_url’:
rugged_remote.c:386:2: warning: ‘rb_data_object_get_warning’ is deprecated: by TypedData [-Wdeprecated-declarations]
  386 |  Data_Get_Struct(self, git_remote, remote);
      |  ^~~~~~~~~~~~~~~
In file included from /usr/share/rbenv/versions/3.4.4/include/ruby-3.4.0/ruby/internal/core.h:27,
                 from /usr/share/rbenv/versions/3.4.4/include/ruby-3.4.0/ruby/ruby.h:29,
                 from /usr/share/rbenv/versions/3.4.4/include/ruby-3.4.0/ruby.h:38,
                 from rugged.h:16,
                 from rugged_remote.c:8:
/usr/share/rbenv/versions/3.4.4/include/ruby-3.4.0/ruby/internal/core/rdata.h:325:1: note: declared here
  325 | rb_data_object_get_warning(VALUE obj)
      | ^~~~~~~~~~~~~~~~~~~~~~~~~~
rugged_remote.c: In function ‘rb_git_remote_push_url’:
rugged_remote.c:405:2: warning: ‘rb_data_object_get_warning’ is deprecated: by TypedData [-Wdeprecated-declarations]
  405 |  Data_Get_Struct(self, git_remote, remote);
      |  ^~~~~~~~~~~~~~~
In file included from /usr/share/rbenv/versions/3.4.4/include/ruby-3.4.0/ruby/internal/core.h:27,
                 from /usr/share/rbenv/versions/3.4.4/include/ruby-3.4.0/ruby/ruby.h:29,
                 from /usr/share/rbenv/versions/3.4.4/include/ruby-3.4.0/ruby.h:38,
                 from rugged.h:16,
                 from rugged_remote.c:8:
/usr/share/rbenv/versions/3.4.4/include/ruby-3.4.0/ruby/internal/core/rdata.h:325:1: note: declared here
  325 | rb_data_object_get_warning(VALUE obj)
      | ^~~~~~~~~~~~~~~~~~~~~~~~~~
rugged_remote.c: In function ‘rb_git_remote_set_push_url’:
rugged_remote.c:427:2: warning: ‘rb_data_object_get_warning’ is deprecated: by TypedData [-Wdeprecated-declarations]
  427 |  Data_Get_Struct(rb_repo, git_repository, repo);
      |  ^~~~~~~~~~~~~~~
In file included from /usr/share/rbenv/versions/3.4.4/include/ruby-3.4.0/ruby/internal/core.h:27,
                 from /usr/share/rbenv/versions/3.4.4/include/ruby-3.4.0/ruby/ruby.h:29,
                 from /usr/share/rbenv/versions/3.4.4/include/ruby-3.4.0/ruby.h:38,
                 from rugged.h:16,
                 from rugged_remote.c:8:
/usr/share/rbenv/versions/3.4.4/include/ruby-3.4.0/ruby/internal/core/rdata.h:325:1: note: declared here
  325 | rb_data_object_get_warning(VALUE obj)
      | ^~~~~~~~~~~~~~~~~~~~~~~~~~
rugged_remote.c:430:2: warning: ‘rb_data_object_get_warning’ is deprecated: by TypedData [-Wdeprecated-declarations]
  430 |  Data_Get_Struct(self, git_remote, remote);
      |  ^~~~~~~~~~~~~~~
In file included from /usr/share/rbenv/versions/3.4.4/include/ruby-3.4.0/ruby/internal/core.h:27,
                 from /usr/share/rbenv/versions/3.4.4/include/ruby-3.4.0/ruby/ruby.h:29,
                 from /usr/share/rbenv/versions/3.4.4/include/ruby-3.4.0/ruby.h:38,
                 from rugged.h:16,
                 from rugged_remote.c:8:
/usr/share/rbenv/versions/3.4.4/include/ruby-3.4.0/ruby/internal/core/rdata.h:325:1: note: declared here
  325 | rb_data_object_get_warning(VALUE obj)
      | ^~~~~~~~~~~~~~~~~~~~~~~~~~
rugged_remote.c: In function ‘rb_git_remote_refspecs’:
rugged_remote.c:446:2: warning: ‘rb_data_object_get_warning’ is deprecated: by TypedData [-Wdeprecated-declarations]
  446 |  Data_Get_Struct(self, git_remote, remote);
      |  ^~~~~~~~~~~~~~~
In file included from /usr/share/rbenv/versions/3.4.4/include/ruby-3.4.0/ruby/internal/core.h:27,
                 from /usr/share/rbenv/versions/3.4.4/include/ruby-3.4.0/ruby/ruby.h:29,
                 from /usr/share/rbenv/versions/3.4.4/include/ruby-3.4.0/ruby.h:38,
                 from rugged.h:16,
                 from rugged_remote.c:8:
/usr/share/rbenv/versions/3.4.4/include/ruby-3.4.0/ruby/internal/core/rdata.h:325:1: note: declared here
  325 | rb_data_object_get_warning(VALUE obj)
      | ^~~~~~~~~~~~~~~~~~~~~~~~~~
rugged_remote.c: In function ‘rb_git_remote_check_connection’:
rugged_remote.c:525:2: warning: ‘rb_data_object_get_warning’ is deprecated: by TypedData [-Wdeprecated-declarations]
  525 |  Data_Get_Struct(self, git_remote, remote);
      |  ^~~~~~~~~~~~~~~
In file included from /usr/share/rbenv/versions/3.4.4/include/ruby-3.4.0/ruby/internal/core.h:27,
                 from /usr/share/rbenv/versions/3.4.4/include/ruby-3.4.0/ruby/ruby.h:29,
                 from /usr/share/rbenv/versions/3.4.4/include/ruby-3.4.0/ruby.h:38,
                 from rugged.h:16,
                 from rugged_remote.c:8:
/usr/share/rbenv/versions/3.4.4/include/ruby-3.4.0/ruby/internal/core/rdata.h:325:1: note: declared here
  325 | rb_data_object_get_warning(VALUE obj)
      | ^~~~~~~~~~~~~~~~~~~~~~~~~~
compiling rugged_settings.c
compiling rugged_signature.c
rugged_repo.c: In function ‘rb_git_repo_set_index’:
rugged_repo.c:677:2: warning: ‘rb_data_object_get_warning’ is deprecated: by TypedData [-Wdeprecated-declarations]
  677 |  RB_GIT_REPO_OWNED_SET(rb_cRuggedIndex, index);
      |  ^~~~~~~~~~~~~~~~~~~~~
In file included from /usr/share/rbenv/versions/3.4.4/include/ruby-3.4.0/ruby/internal/core.h:27,
                 from /usr/share/rbenv/versions/3.4.4/include/ruby-3.4.0/ruby/ruby.h:29,
                 from /usr/share/rbenv/versions/3.4.4/include/ruby-3.4.0/ruby.h:38,
                 from rugged.h:16,
                 from rugged_repo.c:8:
/usr/share/rbenv/versions/3.4.4/include/ruby-3.4.0/ruby/internal/core/rdata.h:325:1: note: declared here
  325 | rb_data_object_get_warning(VALUE obj)
      | ^~~~~~~~~~~~~~~~~~~~~~~~~~
rugged_repo.c:677:2: warning: ‘rb_data_object_get_warning’ is deprecated: by TypedData [-Wdeprecated-declarations]
  677 |  RB_GIT_REPO_OWNED_SET(rb_cRuggedIndex, index);
      |  ^~~~~~~~~~~~~~~~~~~~~
In file included from /usr/share/rbenv/versions/3.4.4/include/ruby-3.4.0/ruby/internal/core.h:27,
                 from /usr/share/rbenv/versions/3.4.4/include/ruby-3.4.0/ruby/ruby.h:29,
                 from /usr/share/rbenv/versions/3.4.4/include/ruby-3.4.0/ruby.h:38,
                 from rugged.h:16,
                 from rugged_repo.c:8:
/usr/share/rbenv/versions/3.4.4/include/ruby-3.4.0/ruby/internal/core/rdata.h:325:1: note: declared here
  325 | rb_data_object_get_warning(VALUE obj)
      | ^~~~~~~~~~~~~~~~~~~~~~~~~~
rugged_repo.c: In function ‘rb_git_repo_get_index’:
rugged_repo.c:688:2: warning: ‘rb_data_object_get_warning’ is deprecated: by TypedData [-Wdeprecated-declarations]
  688 |  RB_GIT_REPO_OWNED_GET(rb_cRuggedIndex, index);
      |  ^~~~~~~~~~~~~~~~~~~~~
In file included from /usr/share/rbenv/versions/3.4.4/include/ruby-3.4.0/ruby/internal/core.h:27,
                 from /usr/share/rbenv/versions/3.4.4/include/ruby-3.4.0/ruby/ruby.h:29,
                 from /usr/share/rbenv/versions/3.4.4/include/ruby-3.4.0/ruby.h:38,
                 from rugged.h:16,
                 from rugged_repo.c:8:
/usr/share/rbenv/versions/3.4.4/include/ruby-3.4.0/ruby/internal/core/rdata.h:325:1: note: declared here
  325 | rb_data_object_get_warning(VALUE obj)
      | ^~~~~~~~~~~~~~~~~~~~~~~~~~
rugged_repo.c: In function ‘rb_git_repo_set_config’:
rugged_repo.c:706:2: warning: ‘rb_data_object_get_warning’ is deprecated: by TypedData [-Wdeprecated-declarations]
  706 |  RB_GIT_REPO_OWNED_SET(rb_cRuggedConfig, config);
      |  ^~~~~~~~~~~~~~~~~~~~~
In file included from /usr/share/rbenv/versions/3.4.4/include/ruby-3.4.0/ruby/internal/core.h:27,
                 from /usr/share/rbenv/versions/3.4.4/include/ruby-3.4.0/ruby/ruby.h:29,
                 from /usr/share/rbenv/versions/3.4.4/include/ruby-3.4.0/ruby.h:38,
                 from rugged.h:16,
                 from rugged_repo.c:8:
/usr/share/rbenv/versions/3.4.4/include/ruby-3.4.0/ruby/internal/core/rdata.h:325:1: note: declared here
  325 | rb_data_object_get_warning(VALUE obj)
      | ^~~~~~~~~~~~~~~~~~~~~~~~~~
rugged_repo.c:706:2: warning: ‘rb_data_object_get_warning’ is deprecated: by TypedData [-Wdeprecated-declarations]
  706 |  RB_GIT_REPO_OWNED_SET(rb_cRuggedConfig, config);
      |  ^~~~~~~~~~~~~~~~~~~~~
In file included from /usr/share/rbenv/versions/3.4.4/include/ruby-3.4.0/ruby/internal/core.h:27,
                 from /usr/share/rbenv/versions/3.4.4/include/ruby-3.4.0/ruby/ruby.h:29,
                 from /usr/share/rbenv/versions/3.4.4/include/ruby-3.4.0/ruby.h:38,
                 from rugged.h:16,
                 from rugged_repo.c:8:
/usr/share/rbenv/versions/3.4.4/include/ruby-3.4.0/ruby/internal/core/rdata.h:325:1: note: declared here
  325 | rb_data_object_get_warning(VALUE obj)
      | ^~~~~~~~~~~~~~~~~~~~~~~~~~
rugged_repo.c: In function ‘rb_git_repo_get_config’:
rugged_repo.c:717:2: warning: ‘rb_data_object_get_warning’ is deprecated: by TypedData [-Wdeprecated-declarations]
  717 |  RB_GIT_REPO_OWNED_GET(rb_cRuggedConfig, config);
      |  ^~~~~~~~~~~~~~~~~~~~~
In file included from /usr/share/rbenv/versions/3.4.4/include/ruby-3.4.0/ruby/internal/core.h:27,
                 from /usr/share/rbenv/versions/3.4.4/include/ruby-3.4.0/ruby/ruby.h:29,
                 from /usr/share/rbenv/versions/3.4.4/include/ruby-3.4.0/ruby.h:38,
                 from rugged.h:16,
                 from rugged_repo.c:8:
/usr/share/rbenv/versions/3.4.4/include/ruby-3.4.0/ruby/internal/core/rdata.h:325:1: note: declared here
  325 | rb_data_object_get_warning(VALUE obj)
      | ^~~~~~~~~~~~~~~~~~~~~~~~~~
rugged_repo.c: In function ‘rb_git_repo_set_ident’:
rugged_repo.c:734:2: warning: ‘rb_data_object_get_warning’ is deprecated: by TypedData [-Wdeprecated-declarations]
  734 |  Data_Get_Struct(self, git_repository, repo);
      |  ^~~~~~~~~~~~~~~
In file included from /usr/share/rbenv/versions/3.4.4/include/ruby-3.4.0/ruby/internal/core.h:27,
                 from /usr/share/rbenv/versions/3.4.4/include/ruby-3.4.0/ruby/ruby.h:29,
                 from /usr/share/rbenv/versions/3.4.4/include/ruby-3.4.0/ruby.h:38,
                 from rugged.h:16,
                 from rugged_repo.c:8:
/usr/share/rbenv/versions/3.4.4/include/ruby-3.4.0/ruby/internal/core/rdata.h:325:1: note: declared here
  325 | rb_data_object_get_warning(VALUE obj)
      | ^~~~~~~~~~~~~~~~~~~~~~~~~~
rugged_repo.c: In function ‘rb_git_repo_get_ident’:
rugged_repo.c:772:2: warning: ‘rb_data_object_get_warning’ is deprecated: by TypedData [-Wdeprecated-declarations]
  772 |  Data_Get_Struct(self, git_repository, repo);
      |  ^~~~~~~~~~~~~~~
In file included from /usr/share/rbenv/versions/3.4.4/include/ruby-3.4.0/ruby/internal/core.h:27,
                 from /usr/share/rbenv/versions/3.4.4/include/ruby-3.4.0/ruby/ruby.h:29,
                 from /usr/share/rbenv/versions/3.4.4/include/ruby-3.4.0/ruby.h:38,
                 from rugged.h:16,
                 from rugged_repo.c:8:
/usr/share/rbenv/versions/3.4.4/include/ruby-3.4.0/ruby/internal/core/rdata.h:325:1: note: declared here
  325 | rb_data_object_get_warning(VALUE obj)
      | ^~~~~~~~~~~~~~~~~~~~~~~~~~
rugged_repo.c: In function ‘rb_git_repo_merge_base’:
rugged_repo.c:808:2: warning: ‘rb_data_object_get_warning’ is deprecated: by TypedData [-Wdeprecated-declarations]
  808 |  Data_Get_Struct(self, git_repository, repo);
      |  ^~~~~~~~~~~~~~~
In file included from /usr/share/rbenv/versions/3.4.4/include/ruby-3.4.0/ruby/internal/core.h:27,
                 from /usr/share/rbenv/versions/3.4.4/include/ruby-3.4.0/ruby/ruby.h:29,
                 from /usr/share/rbenv/versions/3.4.4/include/ruby-3.4.0/ruby.h:38,
                 from rugged.h:16,
                 from rugged_repo.c:8:
/usr/share/rbenv/versions/3.4.4/include/ruby-3.4.0/ruby/internal/core/rdata.h:325:1: note: declared here
  325 | rb_data_object_get_warning(VALUE obj)
      | ^~~~~~~~~~~~~~~~~~~~~~~~~~
rugged_repo.c: In function ‘rb_git_repo_merge_bases’:
rugged_repo.c:852:2: warning: ‘rb_data_object_get_warning’ is deprecated: by TypedData [-Wdeprecated-declarations]
  852 |  Data_Get_Struct(self, git_repository, repo);
      |  ^~~~~~~~~~~~~~~
In file included from /usr/share/rbenv/versions/3.4.4/include/ruby-3.4.0/ruby/internal/core.h:27,
                 from /usr/share/rbenv/versions/3.4.4/include/ruby-3.4.0/ruby/ruby.h:29,
                 from /usr/share/rbenv/versions/3.4.4/include/ruby-3.4.0/ruby.h:38,
                 from rugged.h:16,
                 from rugged_repo.c:8:
/usr/share/rbenv/versions/3.4.4/include/ruby-3.4.0/ruby/internal/core/rdata.h:325:1: note: declared here
  325 | rb_data_object_get_warning(VALUE obj)
      | ^~~~~~~~~~~~~~~~~~~~~~~~~~
rugged_remote.c: In function ‘rb_git_remote_fetch’:
rugged_remote.c:628:2: warning: ‘rb_data_object_get_warning’ is deprecated: by TypedData [-Wdeprecated-declarations]
  628 |  Data_Get_Struct(self, git_remote, remote);
      |  ^~~~~~~~~~~~~~~
In file included from /usr/share/rbenv/versions/3.4.4/include/ruby-3.4.0/ruby/internal/core.h:27,
                 from /usr/share/rbenv/versions/3.4.4/include/ruby-3.4.0/ruby/ruby.h:29,
                 from /usr/share/rbenv/versions/3.4.4/include/ruby-3.4.0/ruby.h:38,
                 from rugged.h:16,
                 from rugged_remote.c:8:
/usr/share/rbenv/versions/3.4.4/include/ruby-3.4.0/ruby/internal/core/rdata.h:325:1: note: declared here
  325 | rb_data_object_get_warning(VALUE obj)
      | ^~~~~~~~~~~~~~~~~~~~~~~~~~
rugged_repo.c: In function ‘rb_git_repo_merge_analysis’:
rugged_repo.c:920:2: warning: ‘rb_data_object_get_warning’ is deprecated: by TypedData [-Wdeprecated-declarations]
  920 |  Data_Get_Struct(self, git_repository, repo);
      |  ^~~~~~~~~~~~~~~
In file included from /usr/share/rbenv/versions/3.4.4/include/ruby-3.4.0/ruby/internal/core.h:27,
                 from /usr/share/rbenv/versions/3.4.4/include/ruby-3.4.0/ruby/ruby.h:29,
                 from /usr/share/rbenv/versions/3.4.4/include/ruby-3.4.0/ruby.h:38,
                 from rugged.h:16,
                 from rugged_repo.c:8:
/usr/share/rbenv/versions/3.4.4/include/ruby-3.4.0/ruby/internal/core/rdata.h:325:1: note: declared here
  325 | rb_data_object_get_warning(VALUE obj)
      | ^~~~~~~~~~~~~~~~~~~~~~~~~~
rugged_remote.c: In function ‘rb_git_remote_push’:
rugged_remote.c:723:2: warning: ‘rb_data_object_get_warning’ is deprecated: by TypedData [-Wdeprecated-declarations]
  723 |  Data_Get_Struct(self, git_remote, remote);
      |  ^~~~~~~~~~~~~~~
In file included from /usr/share/rbenv/versions/3.4.4/include/ruby-3.4.0/ruby/internal/core.h:27,
                 from /usr/share/rbenv/versions/3.4.4/include/ruby-3.4.0/ruby/ruby.h:29,
                 from /usr/share/rbenv/versions/3.4.4/include/ruby-3.4.0/ruby.h:38,
                 from rugged.h:16,
                 from rugged_remote.c:8:
/usr/share/rbenv/versions/3.4.4/include/ruby-3.4.0/ruby/internal/core/rdata.h:325:1: note: declared here
  325 | rb_data_object_get_warning(VALUE obj)
      | ^~~~~~~~~~~~~~~~~~~~~~~~~~
rugged_repo.c: In function ‘rb_git_repo_revert_commit’:
rugged_repo.c:997:2: warning: ‘rb_data_object_get_warning’ is deprecated: by TypedData [-Wdeprecated-declarations]
  997 |  Data_Get_Struct(self, git_repository, repo);
      |  ^~~~~~~~~~~~~~~
In file included from /usr/share/rbenv/versions/3.4.4/include/ruby-3.4.0/ruby/internal/core.h:27,
                 from /usr/share/rbenv/versions/3.4.4/include/ruby-3.4.0/ruby/ruby.h:29,
                 from /usr/share/rbenv/versions/3.4.4/include/ruby-3.4.0/ruby.h:38,
                 from rugged.h:16,
                 from rugged_repo.c:8:
/usr/share/rbenv/versions/3.4.4/include/ruby-3.4.0/ruby/internal/core/rdata.h:325:1: note: declared here
  325 | rb_data_object_get_warning(VALUE obj)
      | ^~~~~~~~~~~~~~~~~~~~~~~~~~
rugged_repo.c: In function ‘rb_git_repo_apply’:
rugged_repo.c:1046:2: warning: ‘rb_data_object_get_warning’ is deprecated: by TypedData [-Wdeprecated-declarations]
 1046 |  Data_Get_Struct(self, git_repository, repo);
      |  ^~~~~~~~~~~~~~~
In file included from /usr/share/rbenv/versions/3.4.4/include/ruby-3.4.0/ruby/internal/core.h:27,
                 from /usr/share/rbenv/versions/3.4.4/include/ruby-3.4.0/ruby/ruby.h:29,
                 from /usr/share/rbenv/versions/3.4.4/include/ruby-3.4.0/ruby.h:38,
                 from rugged.h:16,
                 from rugged_repo.c:8:
/usr/share/rbenv/versions/3.4.4/include/ruby-3.4.0/ruby/internal/core/rdata.h:325:1: note: declared here
  325 | rb_data_object_get_warning(VALUE obj)
      | ^~~~~~~~~~~~~~~~~~~~~~~~~~
rugged_repo.c:1064:2: warning: ‘rb_data_object_get_warning’ is deprecated: by TypedData [-Wdeprecated-declarations]
 1064 |  Data_Get_Struct(rb_diff, git_diff, diff);
      |  ^~~~~~~~~~~~~~~
In file included from /usr/share/rbenv/versions/3.4.4/include/ruby-3.4.0/ruby/internal/core.h:27,
                 from /usr/share/rbenv/versions/3.4.4/include/ruby-3.4.0/ruby/ruby.h:29,
                 from /usr/share/rbenv/versions/3.4.4/include/ruby-3.4.0/ruby.h:38,
                 from rugged.h:16,
                 from rugged_repo.c:8:
/usr/share/rbenv/versions/3.4.4/include/ruby-3.4.0/ruby/internal/core/rdata.h:325:1: note: declared here
  325 | rb_data_object_get_warning(VALUE obj)
      | ^~~~~~~~~~~~~~~~~~~~~~~~~~
rugged_repo.c: In function ‘rb_git_repo_merge_commits’:
rugged_repo.c:1115:2: warning: ‘rb_data_object_get_warning’ is deprecated: by TypedData [-Wdeprecated-declarations]
 1115 |  Data_Get_Struct(self, git_repository, repo);
      |  ^~~~~~~~~~~~~~~
In file included from /usr/share/rbenv/versions/3.4.4/include/ruby-3.4.0/ruby/internal/core.h:27,
                 from /usr/share/rbenv/versions/3.4.4/include/ruby-3.4.0/ruby/ruby.h:29,
                 from /usr/share/rbenv/versions/3.4.4/include/ruby-3.4.0/ruby.h:38,
                 from rugged.h:16,
                 from rugged_repo.c:8:
/usr/share/rbenv/versions/3.4.4/include/ruby-3.4.0/ruby/internal/core/rdata.h:325:1: note: declared here
  325 | rb_data_object_get_warning(VALUE obj)
      | ^~~~~~~~~~~~~~~~~~~~~~~~~~
rugged_repo.c: In function ‘rb_git_repo_exists’:
rugged_repo.c:1146:2: warning: ‘rb_data_object_get_warning’ is deprecated: by TypedData [-Wdeprecated-declarations]
 1146 |  Data_Get_Struct(self, git_repository, repo);
      |  ^~~~~~~~~~~~~~~
In file included from /usr/share/rbenv/versions/3.4.4/include/ruby-3.4.0/ruby/internal/core.h:27,
                 from /usr/share/rbenv/versions/3.4.4/include/ruby-3.4.0/ruby/ruby.h:29,
                 from /usr/share/rbenv/versions/3.4.4/include/ruby-3.4.0/ruby.h:38,
                 from rugged.h:16,
                 from rugged_repo.c:8:
/usr/share/rbenv/versions/3.4.4/include/ruby-3.4.0/ruby/internal/core/rdata.h:325:1: note: declared here
  325 | rb_data_object_get_warning(VALUE obj)
      | ^~~~~~~~~~~~~~~~~~~~~~~~~~
rugged_repo.c: In function ‘rb_git_repo_read’:
rugged_repo.c:1176:2: warning: ‘rb_data_object_get_warning’ is deprecated: by TypedData [-Wdeprecated-declarations]
 1176 |  Data_Get_Struct(self, git_repository, repo);
      |  ^~~~~~~~~~~~~~~
In file included from /usr/share/rbenv/versions/3.4.4/include/ruby-3.4.0/ruby/internal/core.h:27,
                 from /usr/share/rbenv/versions/3.4.4/include/ruby-3.4.0/ruby/ruby.h:29,
                 from /usr/share/rbenv/versions/3.4.4/include/ruby-3.4.0/ruby.h:38,
                 from rugged.h:16,
                 from rugged_repo.c:8:
/usr/share/rbenv/versions/3.4.4/include/ruby-3.4.0/ruby/internal/core/rdata.h:325:1: note: declared here
  325 | rb_data_object_get_warning(VALUE obj)
      | ^~~~~~~~~~~~~~~~~~~~~~~~~~
rugged_repo.c: In function ‘rb_git_repo_read_header’:
rugged_repo.c:1210:2: warning: ‘rb_data_object_get_warning’ is deprecated: by TypedData [-Wdeprecated-declarations]
 1210 |  Data_Get_Struct(self, git_repository, repo);
      |  ^~~~~~~~~~~~~~~
In file included from /usr/share/rbenv/versions/3.4.4/include/ruby-3.4.0/ruby/internal/core.h:27,
                 from /usr/share/rbenv/versions/3.4.4/include/ruby-3.4.0/ruby/ruby.h:29,
                 from /usr/share/rbenv/versions/3.4.4/include/ruby-3.4.0/ruby.h:38,
                 from rugged.h:16,
                 from rugged_repo.c:8:
/usr/share/rbenv/versions/3.4.4/include/ruby-3.4.0/ruby/internal/core/rdata.h:325:1: note: declared here
  325 | rb_data_object_get_warning(VALUE obj)
      | ^~~~~~~~~~~~~~~~~~~~~~~~~~
rugged_repo.c: In function ‘rb_git_repo_expand_oids’:
rugged_repo.c:1255:2: warning: ‘rb_data_object_get_warning’ is deprecated: by TypedData [-Wdeprecated-declarations]
 1255 |  Data_Get_Struct(self, git_repository, repo);
      |  ^~~~~~~~~~~~~~~
In file included from /usr/share/rbenv/versions/3.4.4/include/ruby-3.4.0/ruby/internal/core.h:27,
                 from /usr/share/rbenv/versions/3.4.4/include/ruby-3.4.0/ruby/ruby.h:29,
                 from /usr/share/rbenv/versions/3.4.4/include/ruby-3.4.0/ruby.h:38,
                 from rugged.h:16,
                 from rugged_repo.c:8:
/usr/share/rbenv/versions/3.4.4/include/ruby-3.4.0/ruby/internal/core/rdata.h:325:1: note: declared here
  325 | rb_data_object_get_warning(VALUE obj)
      | ^~~~~~~~~~~~~~~~~~~~~~~~~~
compiling rugged_submodule.c
rugged_repo.c: In function ‘rb_git_repo_descendant_of’:
rugged_repo.c:1325:2: warning: ‘rb_data_object_get_warning’ is deprecated: by TypedData [-Wdeprecated-declarations]
 1325 |  Data_Get_Struct(self, git_repository, repo);
      |  ^~~~~~~~~~~~~~~
In file included from /usr/share/rbenv/versions/3.4.4/include/ruby-3.4.0/ruby/internal/core.h:27,
                 from /usr/share/rbenv/versions/3.4.4/include/ruby-3.4.0/ruby/ruby.h:29,
                 from /usr/share/rbenv/versions/3.4.4/include/ruby-3.4.0/ruby.h:38,
                 from rugged.h:16,
                 from rugged_repo.c:8:
/usr/share/rbenv/versions/3.4.4/include/ruby-3.4.0/ruby/internal/core/rdata.h:325:1: note: declared here
  325 | rb_data_object_get_warning(VALUE obj)
      | ^~~~~~~~~~~~~~~~~~~~~~~~~~
rugged_repo.c: In function ‘rb_git_repo_write’:
rugged_repo.c:1418:2: warning: ‘rb_data_object_get_warning’ is deprecated: by TypedData [-Wdeprecated-declarations]
 1418 |  Data_Get_Struct(self, git_repository, repo);
      |  ^~~~~~~~~~~~~~~
In file included from /usr/share/rbenv/versions/3.4.4/include/ruby-3.4.0/ruby/internal/core.h:27,
                 from /usr/share/rbenv/versions/3.4.4/include/ruby-3.4.0/ruby/ruby.h:29,
                 from /usr/share/rbenv/versions/3.4.4/include/ruby-3.4.0/ruby.h:38,
                 from rugged.h:16,
                 from rugged_repo.c:8:
/usr/share/rbenv/versions/3.4.4/include/ruby-3.4.0/ruby/internal/core/rdata.h:325:1: note: declared here
  325 | rb_data_object_get_warning(VALUE obj)
      | ^~~~~~~~~~~~~~~~~~~~~~~~~~
rugged_repo.c: In function ‘rb_git_repo_is_bare’:
rugged_repo.c:1457:2: warning: ‘rb_data_object_get_warning’ is deprecated: by TypedData [-Wdeprecated-declarations]
 1457 |  RB_GIT_REPO_GETTER(is_bare);
      |  ^~~~~~~~~~~~~~~~~~
In file included from /usr/share/rbenv/versions/3.4.4/include/ruby-3.4.0/ruby/internal/core.h:27,
                 from /usr/share/rbenv/versions/3.4.4/include/ruby-3.4.0/ruby/ruby.h:29,
                 from /usr/share/rbenv/versions/3.4.4/include/ruby-3.4.0/ruby.h:38,
                 from rugged.h:16,
                 from rugged_repo.c:8:
/usr/share/rbenv/versions/3.4.4/include/ruby-3.4.0/ruby/internal/core/rdata.h:325:1: note: declared here
  325 | rb_data_object_get_warning(VALUE obj)
      | ^~~~~~~~~~~~~~~~~~~~~~~~~~
rugged_repo.c: In function ‘rb_git_repo_is_shallow’:
rugged_repo.c:1470:2: warning: ‘rb_data_object_get_warning’ is deprecated: by TypedData [-Wdeprecated-declarations]
 1470 |  RB_GIT_REPO_GETTER(is_shallow);
      |  ^~~~~~~~~~~~~~~~~~
In file included from /usr/share/rbenv/versions/3.4.4/include/ruby-3.4.0/ruby/internal/core.h:27,
                 from /usr/share/rbenv/versions/3.4.4/include/ruby-3.4.0/ruby/ruby.h:29,
                 from /usr/share/rbenv/versions/3.4.4/include/ruby-3.4.0/ruby.h:38,
                 from rugged.h:16,
                 from rugged_repo.c:8:
/usr/share/rbenv/versions/3.4.4/include/ruby-3.4.0/ruby/internal/core/rdata.h:325:1: note: declared here
  325 | rb_data_object_get_warning(VALUE obj)
      | ^~~~~~~~~~~~~~~~~~~~~~~~~~
rugged_repo.c: In function ‘rb_git_repo_is_empty’:
rugged_repo.c:1482:2: warning: ‘rb_data_object_get_warning’ is deprecated: by TypedData [-Wdeprecated-declarations]
 1482 |  RB_GIT_REPO_GETTER(is_empty);
      |  ^~~~~~~~~~~~~~~~~~
In file included from /usr/share/rbenv/versions/3.4.4/include/ruby-3.4.0/ruby/internal/core.h:27,
                 from /usr/share/rbenv/versions/3.4.4/include/ruby-3.4.0/ruby/ruby.h:29,
                 from /usr/share/rbenv/versions/3.4.4/include/ruby-3.4.0/ruby.h:38,
                 from rugged.h:16,
                 from rugged_repo.c:8:
/usr/share/rbenv/versions/3.4.4/include/ruby-3.4.0/ruby/internal/core/rdata.h:325:1: note: declared here
  325 | rb_data_object_get_warning(VALUE obj)
      | ^~~~~~~~~~~~~~~~~~~~~~~~~~
rugged_repo.c: In function ‘rb_git_repo_head_detached’:
rugged_repo.c:1493:2: warning: ‘rb_data_object_get_warning’ is deprecated: by TypedData [-Wdeprecated-declarations]
 1493 |  RB_GIT_REPO_GETTER(head_detached);
      |  ^~~~~~~~~~~~~~~~~~
In file included from /usr/share/rbenv/versions/3.4.4/include/ruby-3.4.0/ruby/internal/core.h:27,
                 from /usr/share/rbenv/versions/3.4.4/include/ruby-3.4.0/ruby/ruby.h:29,
                 from /usr/share/rbenv/versions/3.4.4/include/ruby-3.4.0/ruby.h:38,
                 from rugged.h:16,
                 from rugged_repo.c:8:
/usr/share/rbenv/versions/3.4.4/include/ruby-3.4.0/ruby/internal/core/rdata.h:325:1: note: declared here
  325 | rb_data_object_get_warning(VALUE obj)
      | ^~~~~~~~~~~~~~~~~~~~~~~~~~
rugged_repo.c: In function ‘rb_git_repo_head_unborn’:
rugged_repo.c:1505:2: warning: ‘rb_data_object_get_warning’ is deprecated: by TypedData [-Wdeprecated-declarations]
 1505 |  RB_GIT_REPO_GETTER(head_unborn);
      |  ^~~~~~~~~~~~~~~~~~
In file included from /usr/share/rbenv/versions/3.4.4/include/ruby-3.4.0/ruby/internal/core.h:27,
                 from /usr/share/rbenv/versions/3.4.4/include/ruby-3.4.0/ruby/ruby.h:29,
                 from /usr/share/rbenv/versions/3.4.4/include/ruby-3.4.0/ruby.h:38,
                 from rugged.h:16,
                 from rugged_repo.c:8:
/usr/share/rbenv/versions/3.4.4/include/ruby-3.4.0/ruby/internal/core/rdata.h:325:1: note: declared here
  325 | rb_data_object_get_warning(VALUE obj)
      | ^~~~~~~~~~~~~~~~~~~~~~~~~~
rugged_repo.c: In function ‘rb_git_repo_set_head’:
rugged_repo.c:1519:2: warning: ‘rb_data_object_get_warning’ is deprecated: by TypedData [-Wdeprecated-declarations]
 1519 |  Data_Get_Struct(self, git_repository, repo);
      |  ^~~~~~~~~~~~~~~
In file included from /usr/share/rbenv/versions/3.4.4/include/ruby-3.4.0/ruby/internal/core.h:27,
                 from /usr/share/rbenv/versions/3.4.4/include/ruby-3.4.0/ruby/ruby.h:29,
                 from /usr/share/rbenv/versions/3.4.4/include/ruby-3.4.0/ruby.h:38,
                 from rugged.h:16,
                 from rugged_repo.c:8:
/usr/share/rbenv/versions/3.4.4/include/ruby-3.4.0/ruby/internal/core/rdata.h:325:1: note: declared here
  325 | rb_data_object_get_warning(VALUE obj)
      | ^~~~~~~~~~~~~~~~~~~~~~~~~~
rugged_repo.c: In function ‘rb_git_repo_get_head’:
rugged_repo.c:1542:2: warning: ‘rb_data_object_get_warning’ is deprecated: by TypedData [-Wdeprecated-declarations]
 1542 |  Data_Get_Struct(self, git_repository, repo);
      |  ^~~~~~~~~~~~~~~
In file included from /usr/share/rbenv/versions/3.4.4/include/ruby-3.4.0/ruby/internal/core.h:27,
                 from /usr/share/rbenv/versions/3.4.4/include/ruby-3.4.0/ruby/ruby.h:29,
                 from /usr/share/rbenv/versions/3.4.4/include/ruby-3.4.0/ruby.h:38,
                 from rugged.h:16,
                 from rugged_repo.c:8:
/usr/share/rbenv/versions/3.4.4/include/ruby-3.4.0/ruby/internal/core/rdata.h:325:1: note: declared here
  325 | rb_data_object_get_warning(VALUE obj)
      | ^~~~~~~~~~~~~~~~~~~~~~~~~~
rugged_repo.c: In function ‘rb_git_repo_path’:
rugged_repo.c:1567:2: warning: ‘rb_data_object_get_warning’ is deprecated: by TypedData [-Wdeprecated-declarations]
 1567 |  Data_Get_Struct(self, git_repository, repo);
      |  ^~~~~~~~~~~~~~~
In file included from /usr/share/rbenv/versions/3.4.4/include/ruby-3.4.0/ruby/internal/core.h:27,
                 from /usr/share/rbenv/versions/3.4.4/include/ruby-3.4.0/ruby/ruby.h:29,
                 from /usr/share/rbenv/versions/3.4.4/include/ruby-3.4.0/ruby.h:38,
                 from rugged.h:16,
                 from rugged_repo.c:8:
/usr/share/rbenv/versions/3.4.4/include/ruby-3.4.0/ruby/internal/core/rdata.h:325:1: note: declared here
  325 | rb_data_object_get_warning(VALUE obj)
      | ^~~~~~~~~~~~~~~~~~~~~~~~~~
rugged_repo.c: In function ‘rb_git_repo_workdir’:
rugged_repo.c:1591:2: warning: ‘rb_data_object_get_warning’ is deprecated: by TypedData [-Wdeprecated-declarations]
 1591 |  Data_Get_Struct(self, git_repository, repo);
      |  ^~~~~~~~~~~~~~~
In file included from /usr/share/rbenv/versions/3.4.4/include/ruby-3.4.0/ruby/internal/core.h:27,
                 from /usr/share/rbenv/versions/3.4.4/include/ruby-3.4.0/ruby/ruby.h:29,
                 from /usr/share/rbenv/versions/3.4.4/include/ruby-3.4.0/ruby.h:38,
                 from rugged.h:16,
                 from rugged_repo.c:8:
/usr/share/rbenv/versions/3.4.4/include/ruby-3.4.0/ruby/internal/core/rdata.h:325:1: note: declared here
  325 | rb_data_object_get_warning(VALUE obj)
      | ^~~~~~~~~~~~~~~~~~~~~~~~~~
rugged_repo.c: In function ‘rb_git_repo_set_workdir’:
rugged_repo.c:1617:2: warning: ‘rb_data_object_get_warning’ is deprecated: by TypedData [-Wdeprecated-declarations]
 1617 |  Data_Get_Struct(self, git_repository, repo);
      |  ^~~~~~~~~~~~~~~
In file included from /usr/share/rbenv/versions/3.4.4/include/ruby-3.4.0/ruby/internal/core.h:27,
                 from /usr/share/rbenv/versions/3.4.4/include/ruby-3.4.0/ruby/ruby.h:29,
                 from /usr/share/rbenv/versions/3.4.4/include/ruby-3.4.0/ruby.h:38,
                 from rugged.h:16,
                 from rugged_repo.c:8:
/usr/share/rbenv/versions/3.4.4/include/ruby-3.4.0/ruby/internal/core/rdata.h:325:1: note: declared here
  325 | rb_data_object_get_warning(VALUE obj)
      | ^~~~~~~~~~~~~~~~~~~~~~~~~~
rugged_repo.c: In function ‘rb_git_repo_file_status’:
rugged_repo.c:1713:2: warning: ‘rb_data_object_get_warning’ is deprecated: by TypedData [-Wdeprecated-declarations]
 1713 |  Data_Get_Struct(self, git_repository, repo);
      |  ^~~~~~~~~~~~~~~
In file included from /usr/share/rbenv/versions/3.4.4/include/ruby-3.4.0/ruby/internal/core.h:27,
                 from /usr/share/rbenv/versions/3.4.4/include/ruby-3.4.0/ruby/ruby.h:29,
                 from /usr/share/rbenv/versions/3.4.4/include/ruby-3.4.0/ruby.h:38,
                 from rugged.h:16,
                 from rugged_repo.c:8:
/usr/share/rbenv/versions/3.4.4/include/ruby-3.4.0/ruby/internal/core/rdata.h:325:1: note: declared here
  325 | rb_data_object_get_warning(VALUE obj)
      | ^~~~~~~~~~~~~~~~~~~~~~~~~~
rugged_repo.c: In function ‘rb_git_repo_file_each_status’:
rugged_repo.c:1728:2: warning: ‘rb_data_object_get_warning’ is deprecated: by TypedData [-Wdeprecated-declarations]
 1728 |  Data_Get_Struct(self, git_repository, repo);
      |  ^~~~~~~~~~~~~~~
In file included from /usr/share/rbenv/versions/3.4.4/include/ruby-3.4.0/ruby/internal/core.h:27,
                 from /usr/share/rbenv/versions/3.4.4/include/ruby-3.4.0/ruby/ruby.h:29,
                 from /usr/share/rbenv/versions/3.4.4/include/ruby-3.4.0/ruby.h:38,
                 from rugged.h:16,
                 from rugged_repo.c:8:
/usr/share/rbenv/versions/3.4.4/include/ruby-3.4.0/ruby/internal/core/rdata.h:325:1: note: declared here
  325 | rb_data_object_get_warning(VALUE obj)
      | ^~~~~~~~~~~~~~~~~~~~~~~~~~
rugged_repo.c: In function ‘rb_git_repo_each_id’:
rugged_repo.c:1786:2: warning: ‘rb_data_object_get_warning’ is deprecated: by TypedData [-Wdeprecated-declarations]
 1786 |  Data_Get_Struct(self, git_repository, repo);
      |  ^~~~~~~~~~~~~~~
In file included from /usr/share/rbenv/versions/3.4.4/include/ruby-3.4.0/ruby/internal/core.h:27,
                 from /usr/share/rbenv/versions/3.4.4/include/ruby-3.4.0/ruby/ruby.h:29,
                 from /usr/share/rbenv/versions/3.4.4/include/ruby-3.4.0/ruby.h:38,
                 from rugged.h:16,
                 from rugged_repo.c:8:
/usr/share/rbenv/versions/3.4.4/include/ruby-3.4.0/ruby/internal/core/rdata.h:325:1: note: declared here
  325 | rb_data_object_get_warning(VALUE obj)
      | ^~~~~~~~~~~~~~~~~~~~~~~~~~
rugged_repo.c: In function ‘rb_git_repo_reset’:
rugged_repo.c:1850:2: warning: ‘rb_data_object_get_warning’ is deprecated: by TypedData [-Wdeprecated-declarations]
 1850 |  Data_Get_Struct(self, git_repository, repo);
      |  ^~~~~~~~~~~~~~~
In file included from /usr/share/rbenv/versions/3.4.4/include/ruby-3.4.0/ruby/internal/core.h:27,
                 from /usr/share/rbenv/versions/3.4.4/include/ruby-3.4.0/ruby/ruby.h:29,
                 from /usr/share/rbenv/versions/3.4.4/include/ruby-3.4.0/ruby.h:38,
                 from rugged.h:16,
                 from rugged_repo.c:8:
/usr/share/rbenv/versions/3.4.4/include/ruby-3.4.0/ruby/internal/core/rdata.h:325:1: note: declared here
  325 | rb_data_object_get_warning(VALUE obj)
      | ^~~~~~~~~~~~~~~~~~~~~~~~~~
rugged_repo.c: In function ‘rb_git_repo_reset_path’:
rugged_repo.c:1891:2: warning: ‘rb_data_object_get_warning’ is deprecated: by TypedData [-Wdeprecated-declarations]
 1891 |  Data_Get_Struct(self, git_repository, repo);
      |  ^~~~~~~~~~~~~~~
In file included from /usr/share/rbenv/versions/3.4.4/include/ruby-3.4.0/ruby/internal/core.h:27,
                 from /usr/share/rbenv/versions/3.4.4/include/ruby-3.4.0/ruby/ruby.h:29,
                 from /usr/share/rbenv/versions/3.4.4/include/ruby-3.4.0/ruby.h:38,
                 from rugged.h:16,
                 from rugged_repo.c:8:
/usr/share/rbenv/versions/3.4.4/include/ruby-3.4.0/ruby/internal/core/rdata.h:325:1: note: declared here
  325 | rb_data_object_get_warning(VALUE obj)
      | ^~~~~~~~~~~~~~~~~~~~~~~~~~
rugged_repo.c: In function ‘rb_git_repo_close’:
rugged_repo.c:1923:2: warning: ‘rb_data_object_get_warning’ is deprecated: by TypedData [-Wdeprecated-declarations]
 1923 |  Data_Get_Struct(self, git_repository, repo);
      |  ^~~~~~~~~~~~~~~
In file included from /usr/share/rbenv/versions/3.4.4/include/ruby-3.4.0/ruby/internal/core.h:27,
                 from /usr/share/rbenv/versions/3.4.4/include/ruby-3.4.0/ruby/ruby.h:29,
                 from /usr/share/rbenv/versions/3.4.4/include/ruby-3.4.0/ruby.h:38,
                 from rugged.h:16,
                 from rugged_repo.c:8:
/usr/share/rbenv/versions/3.4.4/include/ruby-3.4.0/ruby/internal/core/rdata.h:325:1: note: declared here
  325 | rb_data_object_get_warning(VALUE obj)
      | ^~~~~~~~~~~~~~~~~~~~~~~~~~
rugged_repo.c: In function ‘rb_git_repo_set_namespace’:
rugged_repo.c:1942:2: warning: ‘rb_data_object_get_warning’ is deprecated: by TypedData [-Wdeprecated-declarations]
 1942 |  Data_Get_Struct(self, git_repository, repo);
      |  ^~~~~~~~~~~~~~~
In file included from /usr/share/rbenv/versions/3.4.4/include/ruby-3.4.0/ruby/internal/core.h:27,
                 from /usr/share/rbenv/versions/3.4.4/include/ruby-3.4.0/ruby/ruby.h:29,
                 from /usr/share/rbenv/versions/3.4.4/include/ruby-3.4.0/ruby.h:38,
                 from rugged.h:16,
                 from rugged_repo.c:8:
/usr/share/rbenv/versions/3.4.4/include/ruby-3.4.0/ruby/internal/core/rdata.h:325:1: note: declared here
  325 | rb_data_object_get_warning(VALUE obj)
      | ^~~~~~~~~~~~~~~~~~~~~~~~~~
rugged_repo.c: In function ‘rb_git_repo_get_namespace’:
rugged_repo.c:1966:2: warning: ‘rb_data_object_get_warning’ is deprecated: by TypedData [-Wdeprecated-declarations]
 1966 |  Data_Get_Struct(self, git_repository, repo);
      |  ^~~~~~~~~~~~~~~
In file included from /usr/share/rbenv/versions/3.4.4/include/ruby-3.4.0/ruby/internal/core.h:27,
                 from /usr/share/rbenv/versions/3.4.4/include/ruby-3.4.0/ruby/ruby.h:29,
                 from /usr/share/rbenv/versions/3.4.4/include/ruby-3.4.0/ruby.h:38,
                 from rugged.h:16,
                 from rugged_repo.c:8:
/usr/share/rbenv/versions/3.4.4/include/ruby-3.4.0/ruby/internal/core/rdata.h:325:1: note: declared here
  325 | rb_data_object_get_warning(VALUE obj)
      | ^~~~~~~~~~~~~~~~~~~~~~~~~~
rugged_repo.c: In function ‘rb_git_repo_ahead_behind’:
rugged_repo.c:1989:2: warning: ‘rb_data_object_get_warning’ is deprecated: by TypedData [-Wdeprecated-declarations]
 1989 |  Data_Get_Struct(self, git_repository, repo);
      |  ^~~~~~~~~~~~~~~
In file included from /usr/share/rbenv/versions/3.4.4/include/ruby-3.4.0/ruby/internal/core.h:27,
                 from /usr/share/rbenv/versions/3.4.4/include/ruby-3.4.0/ruby/ruby.h:29,
                 from /usr/share/rbenv/versions/3.4.4/include/ruby-3.4.0/ruby.h:38,
                 from rugged.h:16,
                 from rugged_repo.c:8:
/usr/share/rbenv/versions/3.4.4/include/ruby-3.4.0/ruby/internal/core/rdata.h:325:1: note: declared here
  325 | rb_data_object_get_warning(VALUE obj)
      | ^~~~~~~~~~~~~~~~~~~~~~~~~~
rugged_repo.c: In function ‘rb_git_repo_default_signature’:
rugged_repo.c:2028:2: warning: ‘rb_data_object_get_warning’ is deprecated: by TypedData [-Wdeprecated-declarations]
 2028 |  Data_Get_Struct(self, git_repository, repo);
      |  ^~~~~~~~~~~~~~~
In file included from /usr/share/rbenv/versions/3.4.4/include/ruby-3.4.0/ruby/internal/core.h:27,
                 from /usr/share/rbenv/versions/3.4.4/include/ruby-3.4.0/ruby/ruby.h:29,
                 from /usr/share/rbenv/versions/3.4.4/include/ruby-3.4.0/ruby.h:38,
                 from rugged.h:16,
                 from rugged_repo.c:8:
/usr/share/rbenv/versions/3.4.4/include/ruby-3.4.0/ruby/internal/core/rdata.h:325:1: note: declared here
  325 | rb_data_object_get_warning(VALUE obj)
      | ^~~~~~~~~~~~~~~~~~~~~~~~~~
rugged_repo.c: In function ‘rb_git_checkout_tree’:
rugged_repo.c:2394:2: warning: ‘rb_data_object_get_warning’ is deprecated: by TypedData [-Wdeprecated-declarations]
 2394 |  Data_Get_Struct(self, git_repository, repo);
      |  ^~~~~~~~~~~~~~~
In file included from /usr/share/rbenv/versions/3.4.4/include/ruby-3.4.0/ruby/internal/core.h:27,
                 from /usr/share/rbenv/versions/3.4.4/include/ruby-3.4.0/ruby/ruby.h:29,
                 from /usr/share/rbenv/versions/3.4.4/include/ruby-3.4.0/ruby.h:38,
                 from rugged.h:16,
                 from rugged_repo.c:8:
/usr/share/rbenv/versions/3.4.4/include/ruby-3.4.0/ruby/internal/core/rdata.h:325:1: note: declared here
  325 | rb_data_object_get_warning(VALUE obj)
      | ^~~~~~~~~~~~~~~~~~~~~~~~~~
rugged_repo.c: In function ‘rb_git_checkout_index’:
rugged_repo.c:2442:2: warning: ‘rb_data_object_get_warning’ is deprecated: by TypedData [-Wdeprecated-declarations]
 2442 |  Data_Get_Struct(self, git_repository, repo);
      |  ^~~~~~~~~~~~~~~
In file included from /usr/share/rbenv/versions/3.4.4/include/ruby-3.4.0/ruby/internal/core.h:27,
                 from /usr/share/rbenv/versions/3.4.4/include/ruby-3.4.0/ruby/ruby.h:29,
                 from /usr/share/rbenv/versions/3.4.4/include/ruby-3.4.0/ruby.h:38,
                 from rugged.h:16,
                 from rugged_repo.c:8:
/usr/share/rbenv/versions/3.4.4/include/ruby-3.4.0/ruby/internal/core/rdata.h:325:1: note: declared here
  325 | rb_data_object_get_warning(VALUE obj)
      | ^~~~~~~~~~~~~~~~~~~~~~~~~~
rugged_repo.c:2443:2: warning: ‘rb_data_object_get_warning’ is deprecated: by TypedData [-Wdeprecated-declarations]
 2443 |  Data_Get_Struct(rb_index, git_index, index);
      |  ^~~~~~~~~~~~~~~
In file included from /usr/share/rbenv/versions/3.4.4/include/ruby-3.4.0/ruby/internal/core.h:27,
                 from /usr/share/rbenv/versions/3.4.4/include/ruby-3.4.0/ruby/ruby.h:29,
                 from /usr/share/rbenv/versions/3.4.4/include/ruby-3.4.0/ruby.h:38,
                 from rugged.h:16,
                 from rugged_repo.c:8:
/usr/share/rbenv/versions/3.4.4/include/ruby-3.4.0/ruby/internal/core/rdata.h:325:1: note: declared here
  325 | rb_data_object_get_warning(VALUE obj)
      | ^~~~~~~~~~~~~~~~~~~~~~~~~~
compiling rugged_submodule_collection.c
rugged_repo.c: In function ‘rb_git_checkout_head’:
rugged_repo.c:2486:2: warning: ‘rb_data_object_get_warning’ is deprecated: by TypedData [-Wdeprecated-declarations]
 2486 |  Data_Get_Struct(self, git_repository, repo);
      |  ^~~~~~~~~~~~~~~
In file included from /usr/share/rbenv/versions/3.4.4/include/ruby-3.4.0/ruby/internal/core.h:27,
                 from /usr/share/rbenv/versions/3.4.4/include/ruby-3.4.0/ruby/ruby.h:29,
                 from /usr/share/rbenv/versions/3.4.4/include/ruby-3.4.0/ruby.h:38,
                 from rugged.h:16,
                 from rugged_repo.c:8:
/usr/share/rbenv/versions/3.4.4/include/ruby-3.4.0/ruby/internal/core/rdata.h:325:1: note: declared here
  325 | rb_data_object_get_warning(VALUE obj)
      | ^~~~~~~~~~~~~~~~~~~~~~~~~~
rugged_repo.c: In function ‘rb_git_repo_is_path_ignored’:
rugged_repo.c:2523:2: warning: ‘rb_data_object_get_warning’ is deprecated: by TypedData [-Wdeprecated-declarations]
 2523 |  Data_Get_Struct(self, git_repository, repo);
      |  ^~~~~~~~~~~~~~~
In file included from /usr/share/rbenv/versions/3.4.4/include/ruby-3.4.0/ruby/internal/core.h:27,
                 from /usr/share/rbenv/versions/3.4.4/include/ruby-3.4.0/ruby/ruby.h:29,
                 from /usr/share/rbenv/versions/3.4.4/include/ruby-3.4.0/ruby.h:38,
                 from rugged.h:16,
                 from rugged_repo.c:8:
/usr/share/rbenv/versions/3.4.4/include/ruby-3.4.0/ruby/internal/core/rdata.h:325:1: note: declared here
  325 | rb_data_object_get_warning(VALUE obj)
      | ^~~~~~~~~~~~~~~~~~~~~~~~~~
rugged_repo.c: In function ‘rb_git_repo_attributes’:
rugged_repo.c:2579:2: warning: ‘rb_data_object_get_warning’ is deprecated: by TypedData [-Wdeprecated-declarations]
 2579 |  Data_Get_Struct(self, git_repository, repo);
      |  ^~~~~~~~~~~~~~~
In file included from /usr/share/rbenv/versions/3.4.4/include/ruby-3.4.0/ruby/internal/core.h:27,
                 from /usr/share/rbenv/versions/3.4.4/include/ruby-3.4.0/ruby/ruby.h:29,
                 from /usr/share/rbenv/versions/3.4.4/include/ruby-3.4.0/ruby.h:38,
                 from rugged.h:16,
                 from rugged_repo.c:8:
/usr/share/rbenv/versions/3.4.4/include/ruby-3.4.0/ruby/internal/core/rdata.h:325:1: note: declared here
  325 | rb_data_object_get_warning(VALUE obj)
      | ^~~~~~~~~~~~~~~~~~~~~~~~~~
rugged_revwalk.c: In function ‘rugged_walker_new’:
rugged_revwalk.c:21:2: warning: ‘rb_data_object_wrap_warning’ is deprecated: by TypedData [-Wdeprecated-declarations]
   21 |  VALUE rb_walk = Data_Wrap_Struct(klass, NULL, &rb_git_walk__free, walk);
      |  ^~~~~
In file included from /usr/share/rbenv/versions/3.4.4/include/ruby-3.4.0/ruby/internal/core.h:27,
                 from /usr/share/rbenv/versions/3.4.4/include/ruby-3.4.0/ruby/ruby.h:29,
                 from /usr/share/rbenv/versions/3.4.4/include/ruby-3.4.0/ruby.h:38,
                 from rugged.h:16,
                 from rugged_revwalk.c:8:
/usr/share/rbenv/versions/3.4.4/include/ruby-3.4.0/ruby/internal/core/rdata.h:293:1: note: declared here
  293 | rb_data_object_wrap_warning(VALUE klass, void *ptr, RUBY_DATA_FUNC mark, RUBY_DATA_FUNC free)
      | ^~~~~~~~~~~~~~~~~~~~~~~~~~~
rugged_revwalk.c: In function ‘push_commit_1’:
rugged_revwalk.c:46:3: warning: ‘rb_data_object_get_warning’ is deprecated: by TypedData [-Wdeprecated-declarations]
   46 |   Data_Get_Struct(rb_commit, git_object, object);
      |   ^~~~~~~~~~~~~~~
In file included from /usr/share/rbenv/versions/3.4.4/include/ruby-3.4.0/ruby/internal/core.h:27,
                 from /usr/share/rbenv/versions/3.4.4/include/ruby-3.4.0/ruby/ruby.h:29,
                 from /usr/share/rbenv/versions/3.4.4/include/ruby-3.4.0/ruby.h:38,
                 from rugged.h:16,
                 from rugged_revwalk.c:8:
/usr/share/rbenv/versions/3.4.4/include/ruby-3.4.0/ruby/internal/core/rdata.h:325:1: note: declared here
  325 | rb_data_object_get_warning(VALUE obj)
      | ^~~~~~~~~~~~~~~~~~~~~~~~~~
rugged_revwalk.c: In function ‘rb_git_walker_new’:
rugged_revwalk.c:91:2: warning: ‘rb_data_object_get_warning’ is deprecated: by TypedData [-Wdeprecated-declarations]
   91 |  Data_Get_Struct(rb_repo, git_repository, repo);
      |  ^~~~~~~~~~~~~~~
In file included from /usr/share/rbenv/versions/3.4.4/include/ruby-3.4.0/ruby/internal/core.h:27,
                 from /usr/share/rbenv/versions/3.4.4/include/ruby-3.4.0/ruby/ruby.h:29,
                 from /usr/share/rbenv/versions/3.4.4/include/ruby-3.4.0/ruby.h:38,
                 from rugged.h:16,
                 from rugged_revwalk.c:8:
/usr/share/rbenv/versions/3.4.4/include/ruby-3.4.0/ruby/internal/core/rdata.h:325:1: note: declared here
  325 | rb_data_object_get_warning(VALUE obj)
      | ^~~~~~~~~~~~~~~~~~~~~~~~~~
rugged_revwalk.c: In function ‘rb_git_walker_push’:
rugged_revwalk.c:118:2: warning: ‘rb_data_object_get_warning’ is deprecated: by TypedData [-Wdeprecated-declarations]
  118 |  Data_Get_Struct(self, git_revwalk, walk);
      |  ^~~~~~~~~~~~~~~
In file included from /usr/share/rbenv/versions/3.4.4/include/ruby-3.4.0/ruby/internal/core.h:27,
                 from /usr/share/rbenv/versions/3.4.4/include/ruby-3.4.0/ruby/ruby.h:29,
                 from /usr/share/rbenv/versions/3.4.4/include/ruby-3.4.0/ruby.h:38,
                 from rugged.h:16,
                 from rugged_revwalk.c:8:
/usr/share/rbenv/versions/3.4.4/include/ruby-3.4.0/ruby/internal/core/rdata.h:325:1: note: declared here
  325 | rb_data_object_get_warning(VALUE obj)
      | ^~~~~~~~~~~~~~~~~~~~~~~~~~
rugged_revwalk.c: In function ‘rb_git_walker_push_range’:
rugged_revwalk.c:126:2: warning: ‘rb_data_object_get_warning’ is deprecated: by TypedData [-Wdeprecated-declarations]
  126 |  Data_Get_Struct(self, git_revwalk, walk);
      |  ^~~~~~~~~~~~~~~
In file included from /usr/share/rbenv/versions/3.4.4/include/ruby-3.4.0/ruby/internal/core.h:27,
                 from /usr/share/rbenv/versions/3.4.4/include/ruby-3.4.0/ruby/ruby.h:29,
                 from /usr/share/rbenv/versions/3.4.4/include/ruby-3.4.0/ruby.h:38,
                 from rugged.h:16,
                 from rugged_revwalk.c:8:
/usr/share/rbenv/versions/3.4.4/include/ruby-3.4.0/ruby/internal/core/rdata.h:325:1: note: declared here
  325 | rb_data_object_get_warning(VALUE obj)
      | ^~~~~~~~~~~~~~~~~~~~~~~~~~
rugged_revwalk.c: In function ‘rb_git_walker_hide’:
rugged_revwalk.c:141:2: warning: ‘rb_data_object_get_warning’ is deprecated: by TypedData [-Wdeprecated-declarations]
  141 |  Data_Get_Struct(self, git_revwalk, walk);
      |  ^~~~~~~~~~~~~~~
In file included from /usr/share/rbenv/versions/3.4.4/include/ruby-3.4.0/ruby/internal/core.h:27,
                 from /usr/share/rbenv/versions/3.4.4/include/ruby-3.4.0/ruby/ruby.h:29,
                 from /usr/share/rbenv/versions/3.4.4/include/ruby-3.4.0/ruby.h:38,
                 from rugged.h:16,
                 from rugged_revwalk.c:8:
/usr/share/rbenv/versions/3.4.4/include/ruby-3.4.0/ruby/internal/core/rdata.h:325:1: note: declared here
  325 | rb_data_object_get_warning(VALUE obj)
      | ^~~~~~~~~~~~~~~~~~~~~~~~~~
rugged_revwalk.c: In function ‘rb_git_walker_sorting’:
rugged_revwalk.c:157:2: warning: ‘rb_data_object_get_warning’ is deprecated: by TypedData [-Wdeprecated-declarations]
  157 |  Data_Get_Struct(self, git_revwalk, walk);
      |  ^~~~~~~~~~~~~~~
In file included from /usr/share/rbenv/versions/3.4.4/include/ruby-3.4.0/ruby/internal/core.h:27,
                 from /usr/share/rbenv/versions/3.4.4/include/ruby-3.4.0/ruby/ruby.h:29,
                 from /usr/share/rbenv/versions/3.4.4/include/ruby-3.4.0/ruby.h:38,
                 from rugged.h:16,
                 from rugged_revwalk.c:8:
/usr/share/rbenv/versions/3.4.4/include/ruby-3.4.0/ruby/internal/core/rdata.h:325:1: note: declared here
  325 | rb_data_object_get_warning(VALUE obj)
      | ^~~~~~~~~~~~~~~~~~~~~~~~~~
rugged_revwalk.c: In function ‘rb_git_walker_simplify_first_parent’:
rugged_revwalk.c:171:2: warning: ‘rb_data_object_get_warning’ is deprecated: by TypedData [-Wdeprecated-declarations]
  171 |  Data_Get_Struct(self, git_revwalk, walk);
      |  ^~~~~~~~~~~~~~~
In file included from /usr/share/rbenv/versions/3.4.4/include/ruby-3.4.0/ruby/internal/core.h:27,
                 from /usr/share/rbenv/versions/3.4.4/include/ruby-3.4.0/ruby/ruby.h:29,
                 from /usr/share/rbenv/versions/3.4.4/include/ruby-3.4.0/ruby.h:38,
                 from rugged.h:16,
                 from rugged_revwalk.c:8:
/usr/share/rbenv/versions/3.4.4/include/ruby-3.4.0/ruby/internal/core/rdata.h:325:1: note: declared here
  325 | rb_data_object_get_warning(VALUE obj)
      | ^~~~~~~~~~~~~~~~~~~~~~~~~~
rugged_revwalk.c: In function ‘rb_git_walker_count’:
rugged_revwalk.c:193:2: warning: ‘rb_data_object_get_warning’ is deprecated: by TypedData [-Wdeprecated-declarations]
  193 |  Data_Get_Struct(self, git_revwalk, walk);
      |  ^~~~~~~~~~~~~~~
In file included from /usr/share/rbenv/versions/3.4.4/include/ruby-3.4.0/ruby/internal/core.h:27,
                 from /usr/share/rbenv/versions/3.4.4/include/ruby-3.4.0/ruby/ruby.h:29,
                 from /usr/share/rbenv/versions/3.4.4/include/ruby-3.4.0/ruby.h:38,
                 from rugged.h:16,
                 from rugged_revwalk.c:8:
/usr/share/rbenv/versions/3.4.4/include/ruby-3.4.0/ruby/internal/core/rdata.h:325:1: note: declared here
  325 | rb_data_object_get_warning(VALUE obj)
      | ^~~~~~~~~~~~~~~~~~~~~~~~~~
rugged_revwalk.c: In function ‘rb_git_walker_reset’:
rugged_revwalk.c:213:2: warning: ‘rb_data_object_get_warning’ is deprecated: by TypedData [-Wdeprecated-declarations]
  213 |  Data_Get_Struct(self, git_revwalk, walk);
      |  ^~~~~~~~~~~~~~~
In file included from /usr/share/rbenv/versions/3.4.4/include/ruby-3.4.0/ruby/internal/core.h:27,
                 from /usr/share/rbenv/versions/3.4.4/include/ruby-3.4.0/ruby/ruby.h:29,
                 from /usr/share/rbenv/versions/3.4.4/include/ruby-3.4.0/ruby.h:38,
                 from rugged.h:16,
                 from rugged_revwalk.c:8:
/usr/share/rbenv/versions/3.4.4/include/ruby-3.4.0/ruby/internal/core/rdata.h:325:1: note: declared here
  325 | rb_data_object_get_warning(VALUE obj)
      | ^~~~~~~~~~~~~~~~~~~~~~~~~~
rugged_repo.c: In function ‘rb_git_repo_cherrypick’:
rugged_repo.c:2692:2: warning: ‘rb_data_object_get_warning’ is deprecated: by TypedData [-Wdeprecated-declarations]
 2692 |  Data_Get_Struct(self, git_repository, repo);
      |  ^~~~~~~~~~~~~~~
In file included from /usr/share/rbenv/versions/3.4.4/include/ruby-3.4.0/ruby/internal/core.h:27,
                 from /usr/share/rbenv/versions/3.4.4/include/ruby-3.4.0/ruby/ruby.h:29,
                 from /usr/share/rbenv/versions/3.4.4/include/ruby-3.4.0/ruby.h:38,
                 from rugged.h:16,
                 from rugged_repo.c:8:
/usr/share/rbenv/versions/3.4.4/include/ruby-3.4.0/ruby/internal/core/rdata.h:325:1: note: declared here
  325 | rb_data_object_get_warning(VALUE obj)
      | ^~~~~~~~~~~~~~~~~~~~~~~~~~
rugged_revwalk.c: In function ‘rb_git_walk’:
rugged_revwalk.c:371:2: warning: ‘rb_data_object_get_warning’ is deprecated: by TypedData [-Wdeprecated-declarations]
  371 |  Data_Get_Struct(rb_repo, git_repository, w.repo);
      |  ^~~~~~~~~~~~~~~
In file included from /usr/share/rbenv/versions/3.4.4/include/ruby-3.4.0/ruby/internal/core.h:27,
                 from /usr/share/rbenv/versions/3.4.4/include/ruby-3.4.0/ruby/ruby.h:29,
                 from /usr/share/rbenv/versions/3.4.4/include/ruby-3.4.0/ruby.h:38,
                 from rugged.h:16,
                 from rugged_revwalk.c:8:
/usr/share/rbenv/versions/3.4.4/include/ruby-3.4.0/ruby/internal/core/rdata.h:325:1: note: declared here
  325 | rb_data_object_get_warning(VALUE obj)
      | ^~~~~~~~~~~~~~~~~~~~~~~~~~
rugged_revwalk.c: In function ‘rb_git_walk_with_opts’:
rugged_revwalk.c:403:2: warning: ‘rb_data_object_get_warning’ is deprecated: by TypedData [-Wdeprecated-declarations]
  403 |  Data_Get_Struct(self, git_revwalk, w.walk);
      |  ^~~~~~~~~~~~~~~
In file included from /usr/share/rbenv/versions/3.4.4/include/ruby-3.4.0/ruby/internal/core.h:27,
                 from /usr/share/rbenv/versions/3.4.4/include/ruby-3.4.0/ruby/ruby.h:29,
                 from /usr/share/rbenv/versions/3.4.4/include/ruby-3.4.0/ruby.h:38,
                 from rugged.h:16,
                 from rugged_revwalk.c:8:
/usr/share/rbenv/versions/3.4.4/include/ruby-3.4.0/ruby/internal/core/rdata.h:325:1: note: declared here
  325 | rb_data_object_get_warning(VALUE obj)
      | ^~~~~~~~~~~~~~~~~~~~~~~~~~
rugged_repo.c: In function ‘rb_git_repo_cherrypick_commit’:
rugged_repo.c:2745:2: warning: ‘rb_data_object_get_warning’ is deprecated: by TypedData [-Wdeprecated-declarations]
 2745 |  Data_Get_Struct(self, git_repository, repo);
      |  ^~~~~~~~~~~~~~~
In file included from /usr/share/rbenv/versions/3.4.4/include/ruby-3.4.0/ruby/internal/core.h:27,
                 from /usr/share/rbenv/versions/3.4.4/include/ruby-3.4.0/ruby/ruby.h:29,
                 from /usr/share/rbenv/versions/3.4.4/include/ruby-3.4.0/ruby.h:38,
                 from rugged.h:16,
                 from rugged_repo.c:8:
/usr/share/rbenv/versions/3.4.4/include/ruby-3.4.0/ruby/internal/core/rdata.h:325:1: note: declared here
  325 | rb_data_object_get_warning(VALUE obj)
      | ^~~~~~~~~~~~~~~~~~~~~~~~~~
compiling rugged_tag.c
compiling rugged_tag_collection.c
compiling rugged_tree.c
rugged_submodule.c: In function ‘rb_git_submodule_status’:
rugged_submodule.c:156:2: warning: ‘rb_data_object_get_warning’ is deprecated: by TypedData [-Wdeprecated-declarations]
  156 |  Data_Get_Struct(rb_repo, git_repository, repo);
      |  ^~~~~~~~~~~~~~~
In file included from /usr/share/rbenv/versions/3.4.4/include/ruby-3.4.0/ruby/internal/core.h:27,
                 from /usr/share/rbenv/versions/3.4.4/include/ruby-3.4.0/ruby/ruby.h:29,
                 from /usr/share/rbenv/versions/3.4.4/include/ruby-3.4.0/ruby.h:38,
                 from rugged.h:16,
                 from rugged_submodule.c:8:
/usr/share/rbenv/versions/3.4.4/include/ruby-3.4.0/ruby/internal/core/rdata.h:325:1: note: declared here
  325 | rb_data_object_get_warning(VALUE obj)
      | ^~~~~~~~~~~~~~~~~~~~~~~~~~
rugged_submodule.c:157:2: warning: ‘rb_data_object_get_warning’ is deprecated: by TypedData [-Wdeprecated-declarations]
  157 |  Data_Get_Struct(self, git_submodule, submodule);
      |  ^~~~~~~~~~~~~~~
In file included from /usr/share/rbenv/versions/3.4.4/include/ruby-3.4.0/ruby/internal/core.h:27,
                 from /usr/share/rbenv/versions/3.4.4/include/ruby-3.4.0/ruby/ruby.h:29,
                 from /usr/share/rbenv/versions/3.4.4/include/ruby-3.4.0/ruby.h:38,
                 from rugged.h:16,
                 from rugged_submodule.c:8:
/usr/share/rbenv/versions/3.4.4/include/ruby-3.4.0/ruby/internal/core/rdata.h:325:1: note: declared here
  325 | rb_data_object_get_warning(VALUE obj)
      | ^~~~~~~~~~~~~~~~~~~~~~~~~~
rugged_submodule.c: In function ‘rb_git_submodule_status_in_head’:
rugged_submodule.c:185:2: warning: ‘rb_data_object_get_warning’ is deprecated: by TypedData [-Wdeprecated-declarations]
  185 |  RB_GIT_SUBMODULE_LOCATION_FLAG_CHECK(GIT_SUBMODULE_STATUS_IN_HEAD)
      |  ^~~~~~~~~~~~~~~~~~~~~~~~~~~~~~~~~~~~
In file included from /usr/share/rbenv/versions/3.4.4/include/ruby-3.4.0/ruby/internal/core.h:27,
                 from /usr/share/rbenv/versions/3.4.4/include/ruby-3.4.0/ruby/ruby.h:29,
                 from /usr/share/rbenv/versions/3.4.4/include/ruby-3.4.0/ruby.h:38,
                 from rugged.h:16,
                 from rugged_submodule.c:8:
/usr/share/rbenv/versions/3.4.4/include/ruby-3.4.0/ruby/internal/core/rdata.h:325:1: note: declared here
  325 | rb_data_object_get_warning(VALUE obj)
      | ^~~~~~~~~~~~~~~~~~~~~~~~~~
rugged_submodule.c: In function ‘rb_git_submodule_status_in_index’:
rugged_submodule.c:196:2: warning: ‘rb_data_object_get_warning’ is deprecated: by TypedData [-Wdeprecated-declarations]
  196 |  RB_GIT_SUBMODULE_LOCATION_FLAG_CHECK(GIT_SUBMODULE_STATUS_IN_INDEX)
      |  ^~~~~~~~~~~~~~~~~~~~~~~~~~~~~~~~~~~~
In file included from /usr/share/rbenv/versions/3.4.4/include/ruby-3.4.0/ruby/internal/core.h:27,
                 from /usr/share/rbenv/versions/3.4.4/include/ruby-3.4.0/ruby/ruby.h:29,
                 from /usr/share/rbenv/versions/3.4.4/include/ruby-3.4.0/ruby.h:38,
                 from rugged.h:16,
                 from rugged_submodule.c:8:
/usr/share/rbenv/versions/3.4.4/include/ruby-3.4.0/ruby/internal/core/rdata.h:325:1: note: declared here
  325 | rb_data_object_get_warning(VALUE obj)
      | ^~~~~~~~~~~~~~~~~~~~~~~~~~
rugged_submodule.c: In function ‘rb_git_submodule_status_in_config’:
rugged_submodule.c:207:2: warning: ‘rb_data_object_get_warning’ is deprecated: by TypedData [-Wdeprecated-declarations]
  207 |  RB_GIT_SUBMODULE_LOCATION_FLAG_CHECK(GIT_SUBMODULE_STATUS_IN_CONFIG)
      |  ^~~~~~~~~~~~~~~~~~~~~~~~~~~~~~~~~~~~
In file included from /usr/share/rbenv/versions/3.4.4/include/ruby-3.4.0/ruby/internal/core.h:27,
                 from /usr/share/rbenv/versions/3.4.4/include/ruby-3.4.0/ruby/ruby.h:29,
                 from /usr/share/rbenv/versions/3.4.4/include/ruby-3.4.0/ruby.h:38,
                 from rugged.h:16,
                 from rugged_submodule.c:8:
/usr/share/rbenv/versions/3.4.4/include/ruby-3.4.0/ruby/internal/core/rdata.h:325:1: note: declared here
  325 | rb_data_object_get_warning(VALUE obj)
      | ^~~~~~~~~~~~~~~~~~~~~~~~~~
rugged_submodule.c: In function ‘rb_git_submodule_status_in_workdir’:
rugged_submodule.c:218:2: warning: ‘rb_data_object_get_warning’ is deprecated: by TypedData [-Wdeprecated-declarations]
  218 |  RB_GIT_SUBMODULE_LOCATION_FLAG_CHECK(GIT_SUBMODULE_STATUS_IN_WD)
      |  ^~~~~~~~~~~~~~~~~~~~~~~~~~~~~~~~~~~~
In file included from /usr/share/rbenv/versions/3.4.4/include/ruby-3.4.0/ruby/internal/core.h:27,
                 from /usr/share/rbenv/versions/3.4.4/include/ruby-3.4.0/ruby/ruby.h:29,
                 from /usr/share/rbenv/versions/3.4.4/include/ruby-3.4.0/ruby.h:38,
                 from rugged.h:16,
                 from rugged_submodule.c:8:
/usr/share/rbenv/versions/3.4.4/include/ruby-3.4.0/ruby/internal/core/rdata.h:325:1: note: declared here
  325 | rb_data_object_get_warning(VALUE obj)
      | ^~~~~~~~~~~~~~~~~~~~~~~~~~
rugged_submodule.c: In function ‘rb_git_submodule_status_added_to_index’:
rugged_submodule.c:243:2: warning: ‘rb_data_object_get_warning’ is deprecated: by TypedData [-Wdeprecated-declarations]
  243 |  RB_GIT_SUBMODULE_STATUS_FLAG_CHECK(GIT_SUBMODULE_STATUS_INDEX_ADDED)
      |  ^~~~~~~~~~~~~~~~~~~~~~~~~~~~~~~~~~
In file included from /usr/share/rbenv/versions/3.4.4/include/ruby-3.4.0/ruby/internal/core.h:27,
                 from /usr/share/rbenv/versions/3.4.4/include/ruby-3.4.0/ruby/ruby.h:29,
                 from /usr/share/rbenv/versions/3.4.4/include/ruby-3.4.0/ruby.h:38,
                 from rugged.h:16,
                 from rugged_submodule.c:8:
/usr/share/rbenv/versions/3.4.4/include/ruby-3.4.0/ruby/internal/core/rdata.h:325:1: note: declared here
  325 | rb_data_object_get_warning(VALUE obj)
      | ^~~~~~~~~~~~~~~~~~~~~~~~~~
rugged_submodule.c:243:2: warning: ‘rb_data_object_get_warning’ is deprecated: by TypedData [-Wdeprecated-declarations]
  243 |  RB_GIT_SUBMODULE_STATUS_FLAG_CHECK(GIT_SUBMODULE_STATUS_INDEX_ADDED)
      |  ^~~~~~~~~~~~~~~~~~~~~~~~~~~~~~~~~~
In file included from /usr/share/rbenv/versions/3.4.4/include/ruby-3.4.0/ruby/internal/core.h:27,
                 from /usr/share/rbenv/versions/3.4.4/include/ruby-3.4.0/ruby/ruby.h:29,
                 from /usr/share/rbenv/versions/3.4.4/include/ruby-3.4.0/ruby.h:38,
                 from rugged.h:16,
                 from rugged_submodule.c:8:
/usr/share/rbenv/versions/3.4.4/include/ruby-3.4.0/ruby/internal/core/rdata.h:325:1: note: declared here
  325 | rb_data_object_get_warning(VALUE obj)
      | ^~~~~~~~~~~~~~~~~~~~~~~~~~
rugged_submodule.c: In function ‘rb_git_submodule_status_deleted_from_index’:
rugged_submodule.c:254:2: warning: ‘rb_data_object_get_warning’ is deprecated: by TypedData [-Wdeprecated-declarations]
  254 |  RB_GIT_SUBMODULE_STATUS_FLAG_CHECK(GIT_SUBMODULE_STATUS_INDEX_DELETED)
      |  ^~~~~~~~~~~~~~~~~~~~~~~~~~~~~~~~~~
In file included from /usr/share/rbenv/versions/3.4.4/include/ruby-3.4.0/ruby/internal/core.h:27,
                 from /usr/share/rbenv/versions/3.4.4/include/ruby-3.4.0/ruby/ruby.h:29,
                 from /usr/share/rbenv/versions/3.4.4/include/ruby-3.4.0/ruby.h:38,
                 from rugged.h:16,
                 from rugged_submodule.c:8:
/usr/share/rbenv/versions/3.4.4/include/ruby-3.4.0/ruby/internal/core/rdata.h:325:1: note: declared here
  325 | rb_data_object_get_warning(VALUE obj)
      | ^~~~~~~~~~~~~~~~~~~~~~~~~~
rugged_submodule.c:254:2: warning: ‘rb_data_object_get_warning’ is deprecated: by TypedData [-Wdeprecated-declarations]
  254 |  RB_GIT_SUBMODULE_STATUS_FLAG_CHECK(GIT_SUBMODULE_STATUS_INDEX_DELETED)
      |  ^~~~~~~~~~~~~~~~~~~~~~~~~~~~~~~~~~
In file included from /usr/share/rbenv/versions/3.4.4/include/ruby-3.4.0/ruby/internal/core.h:27,
                 from /usr/share/rbenv/versions/3.4.4/include/ruby-3.4.0/ruby/ruby.h:29,
                 from /usr/share/rbenv/versions/3.4.4/include/ruby-3.4.0/ruby.h:38,
                 from rugged.h:16,
                 from rugged_submodule.c:8:
/usr/share/rbenv/versions/3.4.4/include/ruby-3.4.0/ruby/internal/core/rdata.h:325:1: note: declared here
  325 | rb_data_object_get_warning(VALUE obj)
      | ^~~~~~~~~~~~~~~~~~~~~~~~~~
rugged_submodule.c: In function ‘rb_git_submodule_status_modified_in_index’:
rugged_submodule.c:265:2: warning: ‘rb_data_object_get_warning’ is deprecated: by TypedData [-Wdeprecated-declarations]
  265 |  RB_GIT_SUBMODULE_STATUS_FLAG_CHECK(GIT_SUBMODULE_STATUS_INDEX_MODIFIED)
      |  ^~~~~~~~~~~~~~~~~~~~~~~~~~~~~~~~~~
In file included from /usr/share/rbenv/versions/3.4.4/include/ruby-3.4.0/ruby/internal/core.h:27,
                 from /usr/share/rbenv/versions/3.4.4/include/ruby-3.4.0/ruby/ruby.h:29,
                 from /usr/share/rbenv/versions/3.4.4/include/ruby-3.4.0/ruby.h:38,
                 from rugged.h:16,
                 from rugged_submodule.c:8:
/usr/share/rbenv/versions/3.4.4/include/ruby-3.4.0/ruby/internal/core/rdata.h:325:1: note: declared here
  325 | rb_data_object_get_warning(VALUE obj)
      | ^~~~~~~~~~~~~~~~~~~~~~~~~~
rugged_submodule.c:265:2: warning: ‘rb_data_object_get_warning’ is deprecated: by TypedData [-Wdeprecated-declarations]
  265 |  RB_GIT_SUBMODULE_STATUS_FLAG_CHECK(GIT_SUBMODULE_STATUS_INDEX_MODIFIED)
      |  ^~~~~~~~~~~~~~~~~~~~~~~~~~~~~~~~~~
In file included from /usr/share/rbenv/versions/3.4.4/include/ruby-3.4.0/ruby/internal/core.h:27,
                 from /usr/share/rbenv/versions/3.4.4/include/ruby-3.4.0/ruby/ruby.h:29,
                 from /usr/share/rbenv/versions/3.4.4/include/ruby-3.4.0/ruby.h:38,
                 from rugged.h:16,
                 from rugged_submodule.c:8:
/usr/share/rbenv/versions/3.4.4/include/ruby-3.4.0/ruby/internal/core/rdata.h:325:1: note: declared here
  325 | rb_data_object_get_warning(VALUE obj)
      | ^~~~~~~~~~~~~~~~~~~~~~~~~~
rugged_submodule.c: In function ‘rb_git_submodule_status_uninitialized’:
rugged_submodule.c:276:2: warning: ‘rb_data_object_get_warning’ is deprecated: by TypedData [-Wdeprecated-declarations]
  276 |  RB_GIT_SUBMODULE_STATUS_FLAG_CHECK(GIT_SUBMODULE_STATUS_WD_UNINITIALIZED)
      |  ^~~~~~~~~~~~~~~~~~~~~~~~~~~~~~~~~~
In file included from /usr/share/rbenv/versions/3.4.4/include/ruby-3.4.0/ruby/internal/core.h:27,
                 from /usr/share/rbenv/versions/3.4.4/include/ruby-3.4.0/ruby/ruby.h:29,
                 from /usr/share/rbenv/versions/3.4.4/include/ruby-3.4.0/ruby.h:38,
                 from rugged.h:16,
                 from rugged_submodule.c:8:
/usr/share/rbenv/versions/3.4.4/include/ruby-3.4.0/ruby/internal/core/rdata.h:325:1: note: declared here
  325 | rb_data_object_get_warning(VALUE obj)
      | ^~~~~~~~~~~~~~~~~~~~~~~~~~
rugged_submodule.c:276:2: warning: ‘rb_data_object_get_warning’ is deprecated: by TypedData [-Wdeprecated-declarations]
  276 |  RB_GIT_SUBMODULE_STATUS_FLAG_CHECK(GIT_SUBMODULE_STATUS_WD_UNINITIALIZED)
      |  ^~~~~~~~~~~~~~~~~~~~~~~~~~~~~~~~~~
In file included from /usr/share/rbenv/versions/3.4.4/include/ruby-3.4.0/ruby/internal/core.h:27,
                 from /usr/share/rbenv/versions/3.4.4/include/ruby-3.4.0/ruby/ruby.h:29,
                 from /usr/share/rbenv/versions/3.4.4/include/ruby-3.4.0/ruby.h:38,
                 from rugged.h:16,
                 from rugged_submodule.c:8:
/usr/share/rbenv/versions/3.4.4/include/ruby-3.4.0/ruby/internal/core/rdata.h:325:1: note: declared here
  325 | rb_data_object_get_warning(VALUE obj)
      | ^~~~~~~~~~~~~~~~~~~~~~~~~~
rugged_submodule.c: In function ‘rb_git_submodule_status_added_to_workdir’:
rugged_submodule.c:287:2: warning: ‘rb_data_object_get_warning’ is deprecated: by TypedData [-Wdeprecated-declarations]
  287 |  RB_GIT_SUBMODULE_STATUS_FLAG_CHECK(GIT_SUBMODULE_STATUS_WD_ADDED)
      |  ^~~~~~~~~~~~~~~~~~~~~~~~~~~~~~~~~~
In file included from /usr/share/rbenv/versions/3.4.4/include/ruby-3.4.0/ruby/internal/core.h:27,
                 from /usr/share/rbenv/versions/3.4.4/include/ruby-3.4.0/ruby/ruby.h:29,
                 from /usr/share/rbenv/versions/3.4.4/include/ruby-3.4.0/ruby.h:38,
                 from rugged.h:16,
                 from rugged_submodule.c:8:
/usr/share/rbenv/versions/3.4.4/include/ruby-3.4.0/ruby/internal/core/rdata.h:325:1: note: declared here
  325 | rb_data_object_get_warning(VALUE obj)
      | ^~~~~~~~~~~~~~~~~~~~~~~~~~
rugged_submodule.c:287:2: warning: ‘rb_data_object_get_warning’ is deprecated: by TypedData [-Wdeprecated-declarations]
  287 |  RB_GIT_SUBMODULE_STATUS_FLAG_CHECK(GIT_SUBMODULE_STATUS_WD_ADDED)
      |  ^~~~~~~~~~~~~~~~~~~~~~~~~~~~~~~~~~
In file included from /usr/share/rbenv/versions/3.4.4/include/ruby-3.4.0/ruby/internal/core.h:27,
                 from /usr/share/rbenv/versions/3.4.4/include/ruby-3.4.0/ruby/ruby.h:29,
                 from /usr/share/rbenv/versions/3.4.4/include/ruby-3.4.0/ruby.h:38,
                 from rugged.h:16,
                 from rugged_submodule.c:8:
/usr/share/rbenv/versions/3.4.4/include/ruby-3.4.0/ruby/internal/core/rdata.h:325:1: note: declared here
  325 | rb_data_object_get_warning(VALUE obj)
      | ^~~~~~~~~~~~~~~~~~~~~~~~~~
rugged_submodule.c: In function ‘rb_git_submodule_status_deleted_from_workdir’:
rugged_submodule.c:298:2: warning: ‘rb_data_object_get_warning’ is deprecated: by TypedData [-Wdeprecated-declarations]
  298 |  RB_GIT_SUBMODULE_STATUS_FLAG_CHECK(GIT_SUBMODULE_STATUS_WD_DELETED)
      |  ^~~~~~~~~~~~~~~~~~~~~~~~~~~~~~~~~~
In file included from /usr/share/rbenv/versions/3.4.4/include/ruby-3.4.0/ruby/internal/core.h:27,
                 from /usr/share/rbenv/versions/3.4.4/include/ruby-3.4.0/ruby/ruby.h:29,
                 from /usr/share/rbenv/versions/3.4.4/include/ruby-3.4.0/ruby.h:38,
                 from rugged.h:16,
                 from rugged_submodule.c:8:
/usr/share/rbenv/versions/3.4.4/include/ruby-3.4.0/ruby/internal/core/rdata.h:325:1: note: declared here
  325 | rb_data_object_get_warning(VALUE obj)
      | ^~~~~~~~~~~~~~~~~~~~~~~~~~
rugged_submodule.c:298:2: warning: ‘rb_data_object_get_warning’ is deprecated: by TypedData [-Wdeprecated-declarations]
  298 |  RB_GIT_SUBMODULE_STATUS_FLAG_CHECK(GIT_SUBMODULE_STATUS_WD_DELETED)
      |  ^~~~~~~~~~~~~~~~~~~~~~~~~~~~~~~~~~
In file included from /usr/share/rbenv/versions/3.4.4/include/ruby-3.4.0/ruby/internal/core.h:27,
                 from /usr/share/rbenv/versions/3.4.4/include/ruby-3.4.0/ruby/ruby.h:29,
                 from /usr/share/rbenv/versions/3.4.4/include/ruby-3.4.0/ruby.h:38,
                 from rugged.h:16,
                 from rugged_submodule.c:8:
/usr/share/rbenv/versions/3.4.4/include/ruby-3.4.0/ruby/internal/core/rdata.h:325:1: note: declared here
  325 | rb_data_object_get_warning(VALUE obj)
      | ^~~~~~~~~~~~~~~~~~~~~~~~~~
rugged_submodule.c: In function ‘rb_git_submodule_status_modified_in_workdir’:
rugged_submodule.c:309:2: warning: ‘rb_data_object_get_warning’ is deprecated: by TypedData [-Wdeprecated-declarations]
  309 |  RB_GIT_SUBMODULE_STATUS_FLAG_CHECK(GIT_SUBMODULE_STATUS_WD_MODIFIED)
      |  ^~~~~~~~~~~~~~~~~~~~~~~~~~~~~~~~~~
In file included from /usr/share/rbenv/versions/3.4.4/include/ruby-3.4.0/ruby/internal/core.h:27,
                 from /usr/share/rbenv/versions/3.4.4/include/ruby-3.4.0/ruby/ruby.h:29,
                 from /usr/share/rbenv/versions/3.4.4/include/ruby-3.4.0/ruby.h:38,
                 from rugged.h:16,
                 from rugged_submodule.c:8:
/usr/share/rbenv/versions/3.4.4/include/ruby-3.4.0/ruby/internal/core/rdata.h:325:1: note: declared here
  325 | rb_data_object_get_warning(VALUE obj)
      | ^~~~~~~~~~~~~~~~~~~~~~~~~~
rugged_submodule.c:309:2: warning: ‘rb_data_object_get_warning’ is deprecated: by TypedData [-Wdeprecated-declarations]
  309 |  RB_GIT_SUBMODULE_STATUS_FLAG_CHECK(GIT_SUBMODULE_STATUS_WD_MODIFIED)
      |  ^~~~~~~~~~~~~~~~~~~~~~~~~~~~~~~~~~
In file included from /usr/share/rbenv/versions/3.4.4/include/ruby-3.4.0/ruby/internal/core.h:27,
                 from /usr/share/rbenv/versions/3.4.4/include/ruby-3.4.0/ruby/ruby.h:29,
                 from /usr/share/rbenv/versions/3.4.4/include/ruby-3.4.0/ruby.h:38,
                 from rugged.h:16,
                 from rugged_submodule.c:8:
/usr/share/rbenv/versions/3.4.4/include/ruby-3.4.0/ruby/internal/core/rdata.h:325:1: note: declared here
  325 | rb_data_object_get_warning(VALUE obj)
      | ^~~~~~~~~~~~~~~~~~~~~~~~~~
rugged_submodule.c: In function ‘rb_git_submodule_status_dirty_workdir_index’:
rugged_submodule.c:320:2: warning: ‘rb_data_object_get_warning’ is deprecated: by TypedData [-Wdeprecated-declarations]
  320 |  RB_GIT_SUBMODULE_STATUS_FLAG_CHECK(GIT_SUBMODULE_STATUS_WD_INDEX_MODIFIED)
      |  ^~~~~~~~~~~~~~~~~~~~~~~~~~~~~~~~~~
In file included from /usr/share/rbenv/versions/3.4.4/include/ruby-3.4.0/ruby/internal/core.h:27,
                 from /usr/share/rbenv/versions/3.4.4/include/ruby-3.4.0/ruby/ruby.h:29,
                 from /usr/share/rbenv/versions/3.4.4/include/ruby-3.4.0/ruby.h:38,
                 from rugged.h:16,
                 from rugged_submodule.c:8:
/usr/share/rbenv/versions/3.4.4/include/ruby-3.4.0/ruby/internal/core/rdata.h:325:1: note: declared here
  325 | rb_data_object_get_warning(VALUE obj)
      | ^~~~~~~~~~~~~~~~~~~~~~~~~~
rugged_submodule.c:320:2: warning: ‘rb_data_object_get_warning’ is deprecated: by TypedData [-Wdeprecated-declarations]
  320 |  RB_GIT_SUBMODULE_STATUS_FLAG_CHECK(GIT_SUBMODULE_STATUS_WD_INDEX_MODIFIED)
      |  ^~~~~~~~~~~~~~~~~~~~~~~~~~~~~~~~~~
In file included from /usr/share/rbenv/versions/3.4.4/include/ruby-3.4.0/ruby/internal/core.h:27,
                 from /usr/share/rbenv/versions/3.4.4/include/ruby-3.4.0/ruby/ruby.h:29,
                 from /usr/share/rbenv/versions/3.4.4/include/ruby-3.4.0/ruby.h:38,
                 from rugged.h:16,
                 from rugged_submodule.c:8:
/usr/share/rbenv/versions/3.4.4/include/ruby-3.4.0/ruby/internal/core/rdata.h:325:1: note: declared here
  325 | rb_data_object_get_warning(VALUE obj)
      | ^~~~~~~~~~~~~~~~~~~~~~~~~~
rugged_submodule.c: In function ‘rb_git_submodule_status_modified_files_in_workdir’:
rugged_submodule.c:331:2: warning: ‘rb_data_object_get_warning’ is deprecated: by TypedData [-Wdeprecated-declarations]
  331 |  RB_GIT_SUBMODULE_STATUS_FLAG_CHECK(GIT_SUBMODULE_STATUS_WD_WD_MODIFIED)
      |  ^~~~~~~~~~~~~~~~~~~~~~~~~~~~~~~~~~
In file included from /usr/share/rbenv/versions/3.4.4/include/ruby-3.4.0/ruby/internal/core.h:27,
                 from /usr/share/rbenv/versions/3.4.4/include/ruby-3.4.0/ruby/ruby.h:29,
                 from /usr/share/rbenv/versions/3.4.4/include/ruby-3.4.0/ruby.h:38,
                 from rugged.h:16,
                 from rugged_submodule.c:8:
/usr/share/rbenv/versions/3.4.4/include/ruby-3.4.0/ruby/internal/core/rdata.h:325:1: note: declared here
  325 | rb_data_object_get_warning(VALUE obj)
      | ^~~~~~~~~~~~~~~~~~~~~~~~~~
rugged_submodule.c:331:2: warning: ‘rb_data_object_get_warning’ is deprecated: by TypedData [-Wdeprecated-declarations]
  331 |  RB_GIT_SUBMODULE_STATUS_FLAG_CHECK(GIT_SUBMODULE_STATUS_WD_WD_MODIFIED)
      |  ^~~~~~~~~~~~~~~~~~~~~~~~~~~~~~~~~~
In file included from /usr/share/rbenv/versions/3.4.4/include/ruby-3.4.0/ruby/internal/core.h:27,
                 from /usr/share/rbenv/versions/3.4.4/include/ruby-3.4.0/ruby/ruby.h:29,
                 from /usr/share/rbenv/versions/3.4.4/include/ruby-3.4.0/ruby.h:38,
                 from rugged.h:16,
                 from rugged_submodule.c:8:
/usr/share/rbenv/versions/3.4.4/include/ruby-3.4.0/ruby/internal/core/rdata.h:325:1: note: declared here
  325 | rb_data_object_get_warning(VALUE obj)
      | ^~~~~~~~~~~~~~~~~~~~~~~~~~
rugged_submodule.c: In function ‘rb_git_submodule_status_untracked_files_in_workdir’:
rugged_submodule.c:342:2: warning: ‘rb_data_object_get_warning’ is deprecated: by TypedData [-Wdeprecated-declarations]
  342 |  RB_GIT_SUBMODULE_STATUS_FLAG_CHECK(GIT_SUBMODULE_STATUS_WD_UNTRACKED)
      |  ^~~~~~~~~~~~~~~~~~~~~~~~~~~~~~~~~~
In file included from /usr/share/rbenv/versions/3.4.4/include/ruby-3.4.0/ruby/internal/core.h:27,
                 from /usr/share/rbenv/versions/3.4.4/include/ruby-3.4.0/ruby/ruby.h:29,
                 from /usr/share/rbenv/versions/3.4.4/include/ruby-3.4.0/ruby.h:38,
                 from rugged.h:16,
                 from rugged_submodule.c:8:
/usr/share/rbenv/versions/3.4.4/include/ruby-3.4.0/ruby/internal/core/rdata.h:325:1: note: declared here
  325 | rb_data_object_get_warning(VALUE obj)
      | ^~~~~~~~~~~~~~~~~~~~~~~~~~
rugged_submodule.c:342:2: warning: ‘rb_data_object_get_warning’ is deprecated: by TypedData [-Wdeprecated-declarations]
  342 |  RB_GIT_SUBMODULE_STATUS_FLAG_CHECK(GIT_SUBMODULE_STATUS_WD_UNTRACKED)
      |  ^~~~~~~~~~~~~~~~~~~~~~~~~~~~~~~~~~
In file included from /usr/share/rbenv/versions/3.4.4/include/ruby-3.4.0/ruby/internal/core.h:27,
                 from /usr/share/rbenv/versions/3.4.4/include/ruby-3.4.0/ruby/ruby.h:29,
                 from /usr/share/rbenv/versions/3.4.4/include/ruby-3.4.0/ruby.h:38,
                 from rugged.h:16,
                 from rugged_submodule.c:8:
/usr/share/rbenv/versions/3.4.4/include/ruby-3.4.0/ruby/internal/core/rdata.h:325:1: note: declared here
  325 | rb_data_object_get_warning(VALUE obj)
      | ^~~~~~~~~~~~~~~~~~~~~~~~~~
rugged_submodule.c: In function ‘rb_git_submodule_status_unmodified’:
rugged_submodule.c:367:2: warning: ‘rb_data_object_get_warning’ is deprecated: by TypedData [-Wdeprecated-declarations]
  367 |  RB_GIT_SUBMODULE_STATUS_CHECK(GIT_SUBMODULE_STATUS_IS_UNMODIFIED)
      |  ^~~~~~~~~~~~~~~~~~~~~~~~~~~~~
In file included from /usr/share/rbenv/versions/3.4.4/include/ruby-3.4.0/ruby/internal/core.h:27,
                 from /usr/share/rbenv/versions/3.4.4/include/ruby-3.4.0/ruby/ruby.h:29,
                 from /usr/share/rbenv/versions/3.4.4/include/ruby-3.4.0/ruby.h:38,
                 from rugged.h:16,
                 from rugged_submodule.c:8:
/usr/share/rbenv/versions/3.4.4/include/ruby-3.4.0/ruby/internal/core/rdata.h:325:1: note: declared here
  325 | rb_data_object_get_warning(VALUE obj)
      | ^~~~~~~~~~~~~~~~~~~~~~~~~~
rugged_submodule.c:367:2: warning: ‘rb_data_object_get_warning’ is deprecated: by TypedData [-Wdeprecated-declarations]
  367 |  RB_GIT_SUBMODULE_STATUS_CHECK(GIT_SUBMODULE_STATUS_IS_UNMODIFIED)
      |  ^~~~~~~~~~~~~~~~~~~~~~~~~~~~~
In file included from /usr/share/rbenv/versions/3.4.4/include/ruby-3.4.0/ruby/internal/core.h:27,
                 from /usr/share/rbenv/versions/3.4.4/include/ruby-3.4.0/ruby/ruby.h:29,
                 from /usr/share/rbenv/versions/3.4.4/include/ruby-3.4.0/ruby.h:38,
                 from rugged.h:16,
                 from rugged_submodule.c:8:
/usr/share/rbenv/versions/3.4.4/include/ruby-3.4.0/ruby/internal/core/rdata.h:325:1: note: declared here
  325 | rb_data_object_get_warning(VALUE obj)
      | ^~~~~~~~~~~~~~~~~~~~~~~~~~
rugged_submodule.c: In function ‘rb_git_submodule_status_dirty_workdir’:
rugged_submodule.c:382:2: warning: ‘rb_data_object_get_warning’ is deprecated: by TypedData [-Wdeprecated-declarations]
  382 |  RB_GIT_SUBMODULE_STATUS_CHECK(GIT_SUBMODULE_STATUS_IS_WD_DIRTY)
      |  ^~~~~~~~~~~~~~~~~~~~~~~~~~~~~
In file included from /usr/share/rbenv/versions/3.4.4/include/ruby-3.4.0/ruby/internal/core.h:27,
                 from /usr/share/rbenv/versions/3.4.4/include/ruby-3.4.0/ruby/ruby.h:29,
                 from /usr/share/rbenv/versions/3.4.4/include/ruby-3.4.0/ruby.h:38,
                 from rugged.h:16,
                 from rugged_submodule.c:8:
/usr/share/rbenv/versions/3.4.4/include/ruby-3.4.0/ruby/internal/core/rdata.h:325:1: note: declared here
  325 | rb_data_object_get_warning(VALUE obj)
      | ^~~~~~~~~~~~~~~~~~~~~~~~~~
rugged_submodule.c:382:2: warning: ‘rb_data_object_get_warning’ is deprecated: by TypedData [-Wdeprecated-declarations]
  382 |  RB_GIT_SUBMODULE_STATUS_CHECK(GIT_SUBMODULE_STATUS_IS_WD_DIRTY)
      |  ^~~~~~~~~~~~~~~~~~~~~~~~~~~~~
In file included from /usr/share/rbenv/versions/3.4.4/include/ruby-3.4.0/ruby/internal/core.h:27,
                 from /usr/share/rbenv/versions/3.4.4/include/ruby-3.4.0/ruby/ruby.h:29,
                 from /usr/share/rbenv/versions/3.4.4/include/ruby-3.4.0/ruby.h:38,
                 from rugged.h:16,
                 from rugged_submodule.c:8:
/usr/share/rbenv/versions/3.4.4/include/ruby-3.4.0/ruby/internal/core/rdata.h:325:1: note: declared here
  325 | rb_data_object_get_warning(VALUE obj)
      | ^~~~~~~~~~~~~~~~~~~~~~~~~~
rugged_submodule.c: In function ‘rb_git_submodule_add_to_index’:
rugged_submodule.c:404:2: warning: ‘rb_data_object_get_warning’ is deprecated: by TypedData [-Wdeprecated-declarations]
  404 |  Data_Get_Struct(self, git_submodule, submodule);
      |  ^~~~~~~~~~~~~~~
In file included from /usr/share/rbenv/versions/3.4.4/include/ruby-3.4.0/ruby/internal/core.h:27,
                 from /usr/share/rbenv/versions/3.4.4/include/ruby-3.4.0/ruby/ruby.h:29,
                 from /usr/share/rbenv/versions/3.4.4/include/ruby-3.4.0/ruby.h:38,
                 from rugged.h:16,
                 from rugged_submodule.c:8:
/usr/share/rbenv/versions/3.4.4/include/ruby-3.4.0/ruby/internal/core/rdata.h:325:1: note: declared here
  325 | rb_data_object_get_warning(VALUE obj)
      | ^~~~~~~~~~~~~~~~~~~~~~~~~~
rugged_submodule.c: In function ‘rb_git_submodule_reload’:
rugged_submodule.c:434:2: warning: ‘rb_data_object_get_warning’ is deprecated: by TypedData [-Wdeprecated-declarations]
  434 |  Data_Get_Struct(self, git_submodule, submodule);
      |  ^~~~~~~~~~~~~~~
In file included from /usr/share/rbenv/versions/3.4.4/include/ruby-3.4.0/ruby/internal/core.h:27,
                 from /usr/share/rbenv/versions/3.4.4/include/ruby-3.4.0/ruby/ruby.h:29,
                 from /usr/share/rbenv/versions/3.4.4/include/ruby-3.4.0/ruby.h:38,
                 from rugged.h:16,
                 from rugged_submodule.c:8:
/usr/share/rbenv/versions/3.4.4/include/ruby-3.4.0/ruby/internal/core/rdata.h:325:1: note: declared here
  325 | rb_data_object_get_warning(VALUE obj)
      | ^~~~~~~~~~~~~~~~~~~~~~~~~~
rugged_submodule.c: In function ‘rb_git_submodule_sync’:
rugged_submodule.c:457:2: warning: ‘rb_data_object_get_warning’ is deprecated: by TypedData [-Wdeprecated-declarations]
  457 |  Data_Get_Struct(self, git_submodule, submodule);
      |  ^~~~~~~~~~~~~~~
In file included from /usr/share/rbenv/versions/3.4.4/include/ruby-3.4.0/ruby/internal/core.h:27,
                 from /usr/share/rbenv/versions/3.4.4/include/ruby-3.4.0/ruby/ruby.h:29,
                 from /usr/share/rbenv/versions/3.4.4/include/ruby-3.4.0/ruby.h:38,
                 from rugged.h:16,
                 from rugged_submodule.c:8:
/usr/share/rbenv/versions/3.4.4/include/ruby-3.4.0/ruby/internal/core/rdata.h:325:1: note: declared here
  325 | rb_data_object_get_warning(VALUE obj)
      | ^~~~~~~~~~~~~~~~~~~~~~~~~~
rugged_submodule.c: In function ‘rb_git_submodule_init’:
rugged_submodule.c:488:2: warning: ‘rb_data_object_get_warning’ is deprecated: by TypedData [-Wdeprecated-declarations]
  488 |  Data_Get_Struct(self, git_submodule, submodule);
      |  ^~~~~~~~~~~~~~~
In file included from /usr/share/rbenv/versions/3.4.4/include/ruby-3.4.0/ruby/internal/core.h:27,
                 from /usr/share/rbenv/versions/3.4.4/include/ruby-3.4.0/ruby/ruby.h:29,
                 from /usr/share/rbenv/versions/3.4.4/include/ruby-3.4.0/ruby.h:38,
                 from rugged.h:16,
                 from rugged_submodule.c:8:
/usr/share/rbenv/versions/3.4.4/include/ruby-3.4.0/ruby/internal/core/rdata.h:325:1: note: declared here
  325 | rb_data_object_get_warning(VALUE obj)
      | ^~~~~~~~~~~~~~~~~~~~~~~~~~
rugged_submodule.c: In function ‘rb_git_submodule_name’:
rugged_submodule.c:517:2: warning: ‘rb_data_object_get_warning’ is deprecated: by TypedData [-Wdeprecated-declarations]
  517 |  Data_Get_Struct(self, git_submodule, submodule);
      |  ^~~~~~~~~~~~~~~
In file included from /usr/share/rbenv/versions/3.4.4/include/ruby-3.4.0/ruby/internal/core.h:27,
                 from /usr/share/rbenv/versions/3.4.4/include/ruby-3.4.0/ruby/ruby.h:29,
                 from /usr/share/rbenv/versions/3.4.4/include/ruby-3.4.0/ruby.h:38,
                 from rugged.h:16,
                 from rugged_submodule.c:8:
/usr/share/rbenv/versions/3.4.4/include/ruby-3.4.0/ruby/internal/core/rdata.h:325:1: note: declared here
  325 | rb_data_object_get_warning(VALUE obj)
      | ^~~~~~~~~~~~~~~~~~~~~~~~~~
rugged_submodule.c: In function ‘rb_git_submodule_url’:
rugged_submodule.c:536:2: warning: ‘rb_data_object_get_warning’ is deprecated: by TypedData [-Wdeprecated-declarations]
  536 |  Data_Get_Struct(self, git_submodule, submodule);
      |  ^~~~~~~~~~~~~~~
In file included from /usr/share/rbenv/versions/3.4.4/include/ruby-3.4.0/ruby/internal/core.h:27,
                 from /usr/share/rbenv/versions/3.4.4/include/ruby-3.4.0/ruby/ruby.h:29,
                 from /usr/share/rbenv/versions/3.4.4/include/ruby-3.4.0/ruby.h:38,
                 from rugged.h:16,
                 from rugged_submodule.c:8:
/usr/share/rbenv/versions/3.4.4/include/ruby-3.4.0/ruby/internal/core/rdata.h:325:1: note: declared here
  325 | rb_data_object_get_warning(VALUE obj)
      | ^~~~~~~~~~~~~~~~~~~~~~~~~~
rugged_submodule.c: In function ‘rb_git_submodule_path’:
rugged_submodule.c:557:2: warning: ‘rb_data_object_get_warning’ is deprecated: by TypedData [-Wdeprecated-declarations]
  557 |  Data_Get_Struct(self, git_submodule, submodule);
      |  ^~~~~~~~~~~~~~~
In file included from /usr/share/rbenv/versions/3.4.4/include/ruby-3.4.0/ruby/internal/core.h:27,
                 from /usr/share/rbenv/versions/3.4.4/include/ruby-3.4.0/ruby/ruby.h:29,
                 from /usr/share/rbenv/versions/3.4.4/include/ruby-3.4.0/ruby.h:38,
                 from rugged.h:16,
                 from rugged_submodule.c:8:
/usr/share/rbenv/versions/3.4.4/include/ruby-3.4.0/ruby/internal/core/rdata.h:325:1: note: declared here
  325 | rb_data_object_get_warning(VALUE obj)
      | ^~~~~~~~~~~~~~~~~~~~~~~~~~
rugged_submodule.c: In function ‘rb_git_submodule_head_id’:
rugged_submodule.c:580:2: warning: ‘rb_data_object_get_warning’ is deprecated: by TypedData [-Wdeprecated-declarations]
  580 |  RB_GIT_OID_GETTER(submodule, head_id);
      |  ^~~~~~~~~~~~~~~~~
In file included from /usr/share/rbenv/versions/3.4.4/include/ruby-3.4.0/ruby/internal/core.h:27,
                 from /usr/share/rbenv/versions/3.4.4/include/ruby-3.4.0/ruby/ruby.h:29,
                 from /usr/share/rbenv/versions/3.4.4/include/ruby-3.4.0/ruby.h:38,
                 from rugged.h:16,
                 from rugged_submodule.c:8:
/usr/share/rbenv/versions/3.4.4/include/ruby-3.4.0/ruby/internal/core/rdata.h:325:1: note: declared here
  325 | rb_data_object_get_warning(VALUE obj)
      | ^~~~~~~~~~~~~~~~~~~~~~~~~~
rugged_submodule.c: In function ‘rb_git_submodule_index_id’:
rugged_submodule.c:592:2: warning: ‘rb_data_object_get_warning’ is deprecated: by TypedData [-Wdeprecated-declarations]
  592 |  RB_GIT_OID_GETTER(submodule, index_id);
      |  ^~~~~~~~~~~~~~~~~
In file included from /usr/share/rbenv/versions/3.4.4/include/ruby-3.4.0/ruby/internal/core.h:27,
                 from /usr/share/rbenv/versions/3.4.4/include/ruby-3.4.0/ruby/ruby.h:29,
                 from /usr/share/rbenv/versions/3.4.4/include/ruby-3.4.0/ruby.h:38,
                 from rugged.h:16,
                 from rugged_submodule.c:8:
/usr/share/rbenv/versions/3.4.4/include/ruby-3.4.0/ruby/internal/core/rdata.h:325:1: note: declared here
  325 | rb_data_object_get_warning(VALUE obj)
      | ^~~~~~~~~~~~~~~~~~~~~~~~~~
rugged_submodule.c: In function ‘rb_git_submodule_wd_id’:
rugged_submodule.c:609:2: warning: ‘rb_data_object_get_warning’ is deprecated: by TypedData [-Wdeprecated-declarations]
  609 |  RB_GIT_OID_GETTER(submodule, wd_id);
      |  ^~~~~~~~~~~~~~~~~
In file included from /usr/share/rbenv/versions/3.4.4/include/ruby-3.4.0/ruby/internal/core.h:27,
                 from /usr/share/rbenv/versions/3.4.4/include/ruby-3.4.0/ruby/ruby.h:29,
                 from /usr/share/rbenv/versions/3.4.4/include/ruby-3.4.0/ruby.h:38,
                 from rugged.h:16,
                 from rugged_submodule.c:8:
/usr/share/rbenv/versions/3.4.4/include/ruby-3.4.0/ruby/internal/core/rdata.h:325:1: note: declared here
  325 | rb_data_object_get_warning(VALUE obj)
      | ^~~~~~~~~~~~~~~~~~~~~~~~~~
rugged_submodule.c: In function ‘rb_git_submodule_fetch_recurse_submodules’:
rugged_submodule.c:628:2: warning: ‘rb_data_object_get_warning’ is deprecated: by TypedData [-Wdeprecated-declarations]
  628 |  Data_Get_Struct(self, git_submodule, submodule);
      |  ^~~~~~~~~~~~~~~
In file included from /usr/share/rbenv/versions/3.4.4/include/ruby-3.4.0/ruby/internal/core.h:27,
                 from /usr/share/rbenv/versions/3.4.4/include/ruby-3.4.0/ruby/ruby.h:29,
                 from /usr/share/rbenv/versions/3.4.4/include/ruby-3.4.0/ruby.h:38,
                 from rugged.h:16,
                 from rugged_submodule.c:8:
/usr/share/rbenv/versions/3.4.4/include/ruby-3.4.0/ruby/internal/core/rdata.h:325:1: note: declared here
  325 | rb_data_object_get_warning(VALUE obj)
      | ^~~~~~~~~~~~~~~~~~~~~~~~~~
rugged_submodule.c: In function ‘rb_git_submodule_ignore_rule’:
rugged_submodule.c:679:2: warning: ‘rb_data_object_get_warning’ is deprecated: by TypedData [-Wdeprecated-declarations]
  679 |  Data_Get_Struct(self, git_submodule, submodule);
      |  ^~~~~~~~~~~~~~~
In file included from /usr/share/rbenv/versions/3.4.4/include/ruby-3.4.0/ruby/internal/core.h:27,
                 from /usr/share/rbenv/versions/3.4.4/include/ruby-3.4.0/ruby/ruby.h:29,
                 from /usr/share/rbenv/versions/3.4.4/include/ruby-3.4.0/ruby.h:38,
                 from rugged.h:16,
                 from rugged_submodule.c:8:
/usr/share/rbenv/versions/3.4.4/include/ruby-3.4.0/ruby/internal/core/rdata.h:325:1: note: declared here
  325 | rb_data_object_get_warning(VALUE obj)
      | ^~~~~~~~~~~~~~~~~~~~~~~~~~
rugged_submodule.c: In function ‘rb_git_submodule_update_rule’:
rugged_submodule.c:726:2: warning: ‘rb_data_object_get_warning’ is deprecated: by TypedData [-Wdeprecated-declarations]
  726 |  Data_Get_Struct(self, git_submodule, submodule);
      |  ^~~~~~~~~~~~~~~
In file included from /usr/share/rbenv/versions/3.4.4/include/ruby-3.4.0/ruby/internal/core.h:27,
                 from /usr/share/rbenv/versions/3.4.4/include/ruby-3.4.0/ruby/ruby.h:29,
                 from /usr/share/rbenv/versions/3.4.4/include/ruby-3.4.0/ruby.h:38,
                 from rugged.h:16,
                 from rugged_submodule.c:8:
/usr/share/rbenv/versions/3.4.4/include/ruby-3.4.0/ruby/internal/core/rdata.h:325:1: note: declared here
  325 | rb_data_object_get_warning(VALUE obj)
      | ^~~~~~~~~~~~~~~~~~~~~~~~~~
rugged_submodule.c: In function ‘rb_git_submodule_repository’:
rugged_submodule.c:747:2: warning: ‘rb_data_object_get_warning’ is deprecated: by TypedData [-Wdeprecated-declarations]
  747 |  Data_Get_Struct(self, git_submodule, submodule);
      |  ^~~~~~~~~~~~~~~
In file included from /usr/share/rbenv/versions/3.4.4/include/ruby-3.4.0/ruby/internal/core.h:27,
                 from /usr/share/rbenv/versions/3.4.4/include/ruby-3.4.0/ruby/ruby.h:29,
                 from /usr/share/rbenv/versions/3.4.4/include/ruby-3.4.0/ruby.h:38,
                 from rugged.h:16,
                 from rugged_submodule.c:8:
/usr/share/rbenv/versions/3.4.4/include/ruby-3.4.0/ruby/internal/core/rdata.h:325:1: note: declared here
  325 | rb_data_object_get_warning(VALUE obj)
      | ^~~~~~~~~~~~~~~~~~~~~~~~~~
rugged_submodule.c: In function ‘rb_git_submodule_finalize_add’:
rugged_submodule.c:772:2: warning: ‘rb_data_object_get_warning’ is deprecated: by TypedData [-Wdeprecated-declarations]
  772 |  Data_Get_Struct(self, git_submodule, submodule);
      |  ^~~~~~~~~~~~~~~
In file included from /usr/share/rbenv/versions/3.4.4/include/ruby-3.4.0/ruby/internal/core.h:27,
                 from /usr/share/rbenv/versions/3.4.4/include/ruby-3.4.0/ruby/ruby.h:29,
                 from /usr/share/rbenv/versions/3.4.4/include/ruby-3.4.0/ruby.h:38,
                 from rugged.h:16,
                 from rugged_submodule.c:8:
/usr/share/rbenv/versions/3.4.4/include/ruby-3.4.0/ruby/internal/core/rdata.h:325:1: note: declared here
  325 | rb_data_object_get_warning(VALUE obj)
      | ^~~~~~~~~~~~~~~~~~~~~~~~~~
rugged_submodule_collection.c: In function ‘rugged_submodule_new’:
rugged_submodule_collection.c:36:2: warning: ‘rb_data_object_wrap_warning’ is deprecated: by TypedData [-Wdeprecated-declarations]
   36 |  rb_submodule = Data_Wrap_Struct(
      |  ^~~~~~~~~~~~
In file included from /usr/share/rbenv/versions/3.4.4/include/ruby-3.4.0/ruby/internal/core.h:27,
                 from /usr/share/rbenv/versions/3.4.4/include/ruby-3.4.0/ruby/ruby.h:29,
                 from /usr/share/rbenv/versions/3.4.4/include/ruby-3.4.0/ruby.h:38,
                 from rugged.h:16,
                 from rugged_submodule_collection.c:8:
/usr/share/rbenv/versions/3.4.4/include/ruby-3.4.0/ruby/internal/core/rdata.h:293:1: note: declared here
  293 | rb_data_object_wrap_warning(VALUE klass, void *ptr, RUBY_DATA_FUNC mark, RUBY_DATA_FUNC free)
      | ^~~~~~~~~~~~~~~~~~~~~~~~~~~
rugged_submodule_collection.c: In function ‘rb_git_submodule_collection_aref’:
rugged_submodule_collection.c:66:2: warning: ‘rb_data_object_get_warning’ is deprecated: by TypedData [-Wdeprecated-declarations]
   66 |  Data_Get_Struct(rb_repo, git_repository, repo);
      |  ^~~~~~~~~~~~~~~
In file included from /usr/share/rbenv/versions/3.4.4/include/ruby-3.4.0/ruby/internal/core.h:27,
                 from /usr/share/rbenv/versions/3.4.4/include/ruby-3.4.0/ruby/ruby.h:29,
                 from /usr/share/rbenv/versions/3.4.4/include/ruby-3.4.0/ruby.h:38,
                 from rugged.h:16,
                 from rugged_submodule_collection.c:8:
/usr/share/rbenv/versions/3.4.4/include/ruby-3.4.0/ruby/internal/core/rdata.h:325:1: note: declared here
  325 | rb_data_object_get_warning(VALUE obj)
      | ^~~~~~~~~~~~~~~~~~~~~~~~~~
rugged_submodule_collection.c: In function ‘cb_submodule__each’:
rugged_submodule_collection.c:92:2: warning: ‘rb_data_object_get_warning’ is deprecated: by TypedData [-Wdeprecated-declarations]
   92 |  Data_Get_Struct(rb_repo, git_repository, repo);
      |  ^~~~~~~~~~~~~~~
In file included from /usr/share/rbenv/versions/3.4.4/include/ruby-3.4.0/ruby/internal/core.h:27,
                 from /usr/share/rbenv/versions/3.4.4/include/ruby-3.4.0/ruby/ruby.h:29,
                 from /usr/share/rbenv/versions/3.4.4/include/ruby-3.4.0/ruby.h:38,
                 from rugged.h:16,
                 from rugged_submodule_collection.c:8:
/usr/share/rbenv/versions/3.4.4/include/ruby-3.4.0/ruby/internal/core/rdata.h:325:1: note: declared here
  325 | rb_data_object_get_warning(VALUE obj)
      | ^~~~~~~~~~~~~~~~~~~~~~~~~~
rugged_submodule_collection.c: In function ‘rb_git_submodule_collection_each’:
rugged_submodule_collection.c:131:2: warning: ‘rb_data_object_get_warning’ is deprecated: by TypedData [-Wdeprecated-declarations]
  131 |  Data_Get_Struct(rb_repo, git_repository, repo);
      |  ^~~~~~~~~~~~~~~
In file included from /usr/share/rbenv/versions/3.4.4/include/ruby-3.4.0/ruby/internal/core.h:27,
                 from /usr/share/rbenv/versions/3.4.4/include/ruby-3.4.0/ruby/ruby.h:29,
                 from /usr/share/rbenv/versions/3.4.4/include/ruby-3.4.0/ruby.h:38,
                 from rugged.h:16,
                 from rugged_submodule_collection.c:8:
/usr/share/rbenv/versions/3.4.4/include/ruby-3.4.0/ruby/internal/core/rdata.h:325:1: note: declared here
  325 | rb_data_object_get_warning(VALUE obj)
      | ^~~~~~~~~~~~~~~~~~~~~~~~~~
rugged_submodule_collection.c: In function ‘rb_git_submodule_setup_add’:
rugged_submodule_collection.c:187:2: warning: ‘rb_data_object_get_warning’ is deprecated: by TypedData [-Wdeprecated-declarations]
  187 |  Data_Get_Struct(rb_repo, git_repository, repo);
      |  ^~~~~~~~~~~~~~~
In file included from /usr/share/rbenv/versions/3.4.4/include/ruby-3.4.0/ruby/internal/core.h:27,
                 from /usr/share/rbenv/versions/3.4.4/include/ruby-3.4.0/ruby/ruby.h:29,
                 from /usr/share/rbenv/versions/3.4.4/include/ruby-3.4.0/ruby.h:38,
                 from rugged.h:16,
                 from rugged_submodule_collection.c:8:
/usr/share/rbenv/versions/3.4.4/include/ruby-3.4.0/ruby/internal/core/rdata.h:325:1: note: declared here
  325 | rb_data_object_get_warning(VALUE obj)
      | ^~~~~~~~~~~~~~~~~~~~~~~~~~
rugged_submodule_collection.c: In function ‘rb_git_submodule_update’:
rugged_submodule_collection.c:284:2: warning: ‘rb_data_object_get_warning’ is deprecated: by TypedData [-Wdeprecated-declarations]
  284 |  Data_Get_Struct(rb_repo, git_repository, repo);
      |  ^~~~~~~~~~~~~~~
In file included from /usr/share/rbenv/versions/3.4.4/include/ruby-3.4.0/ruby/internal/core.h:27,
                 from /usr/share/rbenv/versions/3.4.4/include/ruby-3.4.0/ruby/ruby.h:29,
                 from /usr/share/rbenv/versions/3.4.4/include/ruby-3.4.0/ruby.h:38,
                 from rugged.h:16,
                 from rugged_submodule_collection.c:8:
/usr/share/rbenv/versions/3.4.4/include/ruby-3.4.0/ruby/internal/core/rdata.h:325:1: note: declared here
  325 | rb_data_object_get_warning(VALUE obj)
      | ^~~~~~~~~~~~~~~~~~~~~~~~~~
rugged_tag.c: In function ‘rb_git_tag_annotation’:
rugged_tag.c:163:2: warning: ‘rb_data_object_get_warning’ is deprecated: by TypedData [-Wdeprecated-declarations]
  163 |  Data_Get_Struct(self, git_reference, ref);
      |  ^~~~~~~~~~~~~~~
In file included from /usr/share/rbenv/versions/3.4.4/include/ruby-3.4.0/ruby/internal/core.h:27,
                 from /usr/share/rbenv/versions/3.4.4/include/ruby-3.4.0/ruby/ruby.h:29,
                 from /usr/share/rbenv/versions/3.4.4/include/ruby-3.4.0/ruby.h:38,
                 from rugged.h:16,
                 from rugged_tag.c:8:
/usr/share/rbenv/versions/3.4.4/include/ruby-3.4.0/ruby/internal/core/rdata.h:325:1: note: declared here
  325 | rb_data_object_get_warning(VALUE obj)
      | ^~~~~~~~~~~~~~~~~~~~~~~~~~
rugged_tag.c:164:2: warning: ‘rb_data_object_get_warning’ is deprecated: by TypedData [-Wdeprecated-declarations]
  164 |  Data_Get_Struct(rb_repo, git_repository, repo);
      |  ^~~~~~~~~~~~~~~
In file included from /usr/share/rbenv/versions/3.4.4/include/ruby-3.4.0/ruby/internal/core.h:27,
                 from /usr/share/rbenv/versions/3.4.4/include/ruby-3.4.0/ruby/ruby.h:29,
                 from /usr/share/rbenv/versions/3.4.4/include/ruby-3.4.0/ruby.h:38,
                 from rugged.h:16,
                 from rugged_tag.c:8:
/usr/share/rbenv/versions/3.4.4/include/ruby-3.4.0/ruby/internal/core/rdata.h:325:1: note: declared here
  325 | rb_data_object_get_warning(VALUE obj)
      | ^~~~~~~~~~~~~~~~~~~~~~~~~~
rugged_tag.c: In function ‘rb_git_tag_target’:
rugged_tag.c:191:2: warning: ‘rb_data_object_get_warning’ is deprecated: by TypedData [-Wdeprecated-declarations]
  191 |  Data_Get_Struct(self, git_reference, ref);
      |  ^~~~~~~~~~~~~~~
In file included from /usr/share/rbenv/versions/3.4.4/include/ruby-3.4.0/ruby/internal/core.h:27,
                 from /usr/share/rbenv/versions/3.4.4/include/ruby-3.4.0/ruby/ruby.h:29,
                 from /usr/share/rbenv/versions/3.4.4/include/ruby-3.4.0/ruby.h:38,
                 from rugged.h:16,
                 from rugged_tag.c:8:
/usr/share/rbenv/versions/3.4.4/include/ruby-3.4.0/ruby/internal/core/rdata.h:325:1: note: declared here
  325 | rb_data_object_get_warning(VALUE obj)
      | ^~~~~~~~~~~~~~~~~~~~~~~~~~
rugged_tag.c:192:2: warning: ‘rb_data_object_get_warning’ is deprecated: by TypedData [-Wdeprecated-declarations]
  192 |  Data_Get_Struct(rb_repo, git_repository, repo);
      |  ^~~~~~~~~~~~~~~
In file included from /usr/share/rbenv/versions/3.4.4/include/ruby-3.4.0/ruby/internal/core.h:27,
                 from /usr/share/rbenv/versions/3.4.4/include/ruby-3.4.0/ruby/ruby.h:29,
                 from /usr/share/rbenv/versions/3.4.4/include/ruby-3.4.0/ruby.h:38,
                 from rugged.h:16,
                 from rugged_tag.c:8:
/usr/share/rbenv/versions/3.4.4/include/ruby-3.4.0/ruby/internal/core/rdata.h:325:1: note: declared here
  325 | rb_data_object_get_warning(VALUE obj)
      | ^~~~~~~~~~~~~~~~~~~~~~~~~~
rugged_tag_collection.c: In function ‘rb_git_tag_collection_aref’:
rugged_tag_collection.c:45:2: warning: ‘rb_data_object_get_warning’ is deprecated: by TypedData [-Wdeprecated-declarations]
   45 |  Data_Get_Struct(rb_repo, git_repository, repo);
      |  ^~~~~~~~~~~~~~~
In file included from /usr/share/rbenv/versions/3.4.4/include/ruby-3.4.0/ruby/internal/core.h:27,
                 from /usr/share/rbenv/versions/3.4.4/include/ruby-3.4.0/ruby/ruby.h:29,
                 from /usr/share/rbenv/versions/3.4.4/include/ruby-3.4.0/ruby.h:38,
                 from rugged.h:16,
                 from rugged_tag_collection.c:8:
/usr/share/rbenv/versions/3.4.4/include/ruby-3.4.0/ruby/internal/core/rdata.h:325:1: note: declared here
  325 | rb_data_object_get_warning(VALUE obj)
      | ^~~~~~~~~~~~~~~~~~~~~~~~~~
rugged_tag_collection.c: In function ‘rb_git_tag_collection_delete’:
rugged_tag_collection.c:79:2: warning: ‘rb_data_object_get_warning’ is deprecated: by TypedData [-Wdeprecated-declarations]
   79 |  Data_Get_Struct(rb_repo, git_repository, repo);
      |  ^~~~~~~~~~~~~~~
In file included from /usr/share/rbenv/versions/3.4.4/include/ruby-3.4.0/ruby/internal/core.h:27,
                 from /usr/share/rbenv/versions/3.4.4/include/ruby-3.4.0/ruby/ruby.h:29,
                 from /usr/share/rbenv/versions/3.4.4/include/ruby-3.4.0/ruby.h:38,
                 from rugged.h:16,
                 from rugged_tag_collection.c:8:
/usr/share/rbenv/versions/3.4.4/include/ruby-3.4.0/ruby/internal/core/rdata.h:325:1: note: declared here
  325 | rb_data_object_get_warning(VALUE obj)
      | ^~~~~~~~~~~~~~~~~~~~~~~~~~
rugged_tag_collection.c: In function ‘rb_git_tag_collection_create’:
rugged_tag_collection.c:119:2: warning: ‘rb_data_object_get_warning’ is deprecated: by TypedData [-Wdeprecated-declarations]
  119 |  Data_Get_Struct(rb_repo, git_repository, repo);
      |  ^~~~~~~~~~~~~~~
In file included from /usr/share/rbenv/versions/3.4.4/include/ruby-3.4.0/ruby/internal/core.h:27,
                 from /usr/share/rbenv/versions/3.4.4/include/ruby-3.4.0/ruby/ruby.h:29,
                 from /usr/share/rbenv/versions/3.4.4/include/ruby-3.4.0/ruby.h:38,
                 from rugged.h:16,
                 from rugged_tag_collection.c:8:
/usr/share/rbenv/versions/3.4.4/include/ruby-3.4.0/ruby/internal/core/rdata.h:325:1: note: declared here
  325 | rb_data_object_get_warning(VALUE obj)
      | ^~~~~~~~~~~~~~~~~~~~~~~~~~
rugged_tag_collection.c: In function ‘rb_git_tag_collection_create_annotation’:
rugged_tag_collection.c:197:2: warning: ‘rb_data_object_get_warning’ is deprecated: by TypedData [-Wdeprecated-declarations]
  197 |  Data_Get_Struct(rb_repo, git_repository, repo);
      |  ^~~~~~~~~~~~~~~
In file included from /usr/share/rbenv/versions/3.4.4/include/ruby-3.4.0/ruby/internal/core.h:27,
                 from /usr/share/rbenv/versions/3.4.4/include/ruby-3.4.0/ruby/ruby.h:29,
                 from /usr/share/rbenv/versions/3.4.4/include/ruby-3.4.0/ruby.h:38,
                 from rugged.h:16,
                 from rugged_tag_collection.c:8:
/usr/share/rbenv/versions/3.4.4/include/ruby-3.4.0/ruby/internal/core/rdata.h:325:1: note: declared here
  325 | rb_data_object_get_warning(VALUE obj)
      | ^~~~~~~~~~~~~~~~~~~~~~~~~~
rugged_tag_collection.c: In function ‘each_tag’:
rugged_tag_collection.c:248:2: warning: ‘rb_data_object_get_warning’ is deprecated: by TypedData [-Wdeprecated-declarations]
  248 |  Data_Get_Struct(rb_repo, git_repository, repo);
      |  ^~~~~~~~~~~~~~~
In file included from /usr/share/rbenv/versions/3.4.4/include/ruby-3.4.0/ruby/internal/core.h:27,
                 from /usr/share/rbenv/versions/3.4.4/include/ruby-3.4.0/ruby/ruby.h:29,
                 from /usr/share/rbenv/versions/3.4.4/include/ruby-3.4.0/ruby.h:38,
                 from rugged.h:16,
                 from rugged_tag_collection.c:8:
/usr/share/rbenv/versions/3.4.4/include/ruby-3.4.0/ruby/internal/core/rdata.h:325:1: note: declared here
  325 | rb_data_object_get_warning(VALUE obj)
      | ^~~~~~~~~~~~~~~~~~~~~~~~~~
rugged_tree.c: In function ‘rb_git_diff_tree_to_index’:
rugged_tree.c:351:2: warning: ‘rb_data_object_get_warning’ is deprecated: by TypedData [-Wdeprecated-declarations]
  351 |  Data_Get_Struct(rb_repo, git_repository, repo);
      |  ^~~~~~~~~~~~~~~
In file included from /usr/share/rbenv/versions/3.4.4/include/ruby-3.4.0/ruby/internal/core.h:27,
                 from /usr/share/rbenv/versions/3.4.4/include/ruby-3.4.0/ruby/ruby.h:29,
                 from /usr/share/rbenv/versions/3.4.4/include/ruby-3.4.0/ruby.h:38,
                 from rugged.h:16,
                 from rugged_tree.c:8:
/usr/share/rbenv/versions/3.4.4/include/ruby-3.4.0/ruby/internal/core/rdata.h:325:1: note: declared here
  325 | rb_data_object_get_warning(VALUE obj)
      | ^~~~~~~~~~~~~~~~~~~~~~~~~~
rugged_tree.c:352:2: warning: ‘rb_data_object_get_warning’ is deprecated: by TypedData [-Wdeprecated-declarations]
  352 |  Data_Get_Struct(rb_other, git_index, index);
      |  ^~~~~~~~~~~~~~~
In file included from /usr/share/rbenv/versions/3.4.4/include/ruby-3.4.0/ruby/internal/core.h:27,
                 from /usr/share/rbenv/versions/3.4.4/include/ruby-3.4.0/ruby/ruby.h:29,
                 from /usr/share/rbenv/versions/3.4.4/include/ruby-3.4.0/ruby.h:38,
                 from rugged.h:16,
                 from rugged_tree.c:8:
/usr/share/rbenv/versions/3.4.4/include/ruby-3.4.0/ruby/internal/core/rdata.h:325:1: note: declared here
  325 | rb_data_object_get_warning(VALUE obj)
      | ^~~~~~~~~~~~~~~~~~~~~~~~~~
rugged_tree.c: In function ‘rb_git_diff_tree_to_tree’:
rugged_tree.c:394:2: warning: ‘rb_data_object_get_warning’ is deprecated: by TypedData [-Wdeprecated-declarations]
  394 |  Data_Get_Struct(rb_repo, git_repository, repo);
      |  ^~~~~~~~~~~~~~~
In file included from /usr/share/rbenv/versions/3.4.4/include/ruby-3.4.0/ruby/internal/core.h:27,
                 from /usr/share/rbenv/versions/3.4.4/include/ruby-3.4.0/ruby/ruby.h:29,
                 from /usr/share/rbenv/versions/3.4.4/include/ruby-3.4.0/ruby.h:38,
                 from rugged.h:16,
                 from rugged_tree.c:8:
/usr/share/rbenv/versions/3.4.4/include/ruby-3.4.0/ruby/internal/core/rdata.h:325:1: note: declared here
  325 | rb_data_object_get_warning(VALUE obj)
      | ^~~~~~~~~~~~~~~~~~~~~~~~~~
rugged_tree.c: In function ‘rb_git_tree_diff_workdir’:
rugged_tree.c:442:2: warning: ‘rb_data_object_get_warning’ is deprecated: by TypedData [-Wdeprecated-declarations]
  442 |  Data_Get_Struct(owner, git_repository, repo);
      |  ^~~~~~~~~~~~~~~
In file included from /usr/share/rbenv/versions/3.4.4/include/ruby-3.4.0/ruby/internal/core.h:27,
                 from /usr/share/rbenv/versions/3.4.4/include/ruby-3.4.0/ruby/ruby.h:29,
                 from /usr/share/rbenv/versions/3.4.4/include/ruby-3.4.0/ruby.h:38,
                 from rugged.h:16,
                 from rugged_tree.c:8:
/usr/share/rbenv/versions/3.4.4/include/ruby-3.4.0/ruby/internal/core/rdata.h:325:1: note: declared here
  325 | rb_data_object_get_warning(VALUE obj)
      | ^~~~~~~~~~~~~~~~~~~~~~~~~~
rugged_tree.c: In function ‘rb_git_tree_merge’:
rugged_tree.c:564:2: warning: ‘rb_data_object_get_warning’ is deprecated: by TypedData [-Wdeprecated-declarations]
  564 |  Data_Get_Struct(rb_repo, git_repository, repo);
      |  ^~~~~~~~~~~~~~~
In file included from /usr/share/rbenv/versions/3.4.4/include/ruby-3.4.0/ruby/internal/core.h:27,
                 from /usr/share/rbenv/versions/3.4.4/include/ruby-3.4.0/ruby/ruby.h:29,
                 from /usr/share/rbenv/versions/3.4.4/include/ruby-3.4.0/ruby.h:38,
                 from rugged.h:16,
                 from rugged_tree.c:8:
/usr/share/rbenv/versions/3.4.4/include/ruby-3.4.0/ruby/internal/core/rdata.h:325:1: note: declared here
  325 | rb_data_object_get_warning(VALUE obj)
      | ^~~~~~~~~~~~~~~~~~~~~~~~~~
rugged_tree.c: In function ‘rb_git_tree_empty’:
rugged_tree.c:599:2: warning: ‘rb_data_object_get_warning’ is deprecated: by TypedData [-Wdeprecated-declarations]
  599 |  Data_Get_Struct(rb_repo, git_repository, repo);
      |  ^~~~~~~~~~~~~~~
In file included from /usr/share/rbenv/versions/3.4.4/include/ruby-3.4.0/ruby/internal/core.h:27,
                 from /usr/share/rbenv/versions/3.4.4/include/ruby-3.4.0/ruby/ruby.h:29,
                 from /usr/share/rbenv/versions/3.4.4/include/ruby-3.4.0/ruby.h:38,
                 from rugged.h:16,
                 from rugged_tree.c:8:
/usr/share/rbenv/versions/3.4.4/include/ruby-3.4.0/ruby/internal/core/rdata.h:325:1: note: declared here
  325 | rb_data_object_get_warning(VALUE obj)
      | ^~~~~~~~~~~~~~~~~~~~~~~~~~
rugged_tree.c: In function ‘rb_git_treebuilder_new’:
rugged_tree.c:743:2: warning: ‘rb_data_object_get_warning’ is deprecated: by TypedData [-Wdeprecated-declarations]
  743 |  Data_Get_Struct(rb_repo, git_repository, repo);
      |  ^~~~~~~~~~~~~~~
In file included from /usr/share/rbenv/versions/3.4.4/include/ruby-3.4.0/ruby/internal/core.h:27,
                 from /usr/share/rbenv/versions/3.4.4/include/ruby-3.4.0/ruby/ruby.h:29,
                 from /usr/share/rbenv/versions/3.4.4/include/ruby-3.4.0/ruby.h:38,
                 from rugged.h:16,
                 from rugged_tree.c:8:
/usr/share/rbenv/versions/3.4.4/include/ruby-3.4.0/ruby/internal/core/rdata.h:325:1: note: declared here
  325 | rb_data_object_get_warning(VALUE obj)
      | ^~~~~~~~~~~~~~~~~~~~~~~~~~
rugged_tree.c:748:2: warning: ‘rb_data_object_wrap_warning’ is deprecated: by TypedData [-Wdeprecated-declarations]
  748 |  rb_builder = Data_Wrap_Struct(klass, NULL, &rb_git_treebuilder_free, builder);
      |  ^~~~~~~~~~
In file included from /usr/share/rbenv/versions/3.4.4/include/ruby-3.4.0/ruby/internal/core.h:27,
                 from /usr/share/rbenv/versions/3.4.4/include/ruby-3.4.0/ruby/ruby.h:29,
                 from /usr/share/rbenv/versions/3.4.4/include/ruby-3.4.0/ruby.h:38,
                 from rugged.h:16,
                 from rugged_tree.c:8:
/usr/share/rbenv/versions/3.4.4/include/ruby-3.4.0/ruby/internal/core/rdata.h:293:1: note: declared here
  293 | rb_data_object_wrap_warning(VALUE klass, void *ptr, RUBY_DATA_FUNC mark, RUBY_DATA_FUNC free)
      | ^~~~~~~~~~~~~~~~~~~~~~~~~~~
rugged_tree.c: In function ‘rb_git_treebuilder_clear’:
rugged_tree.c:763:2: warning: ‘rb_data_object_get_warning’ is deprecated: by TypedData [-Wdeprecated-declarations]
  763 |  Data_Get_Struct(self, git_treebuilder, builder);
      |  ^~~~~~~~~~~~~~~
In file included from /usr/share/rbenv/versions/3.4.4/include/ruby-3.4.0/ruby/internal/core.h:27,
                 from /usr/share/rbenv/versions/3.4.4/include/ruby-3.4.0/ruby/ruby.h:29,
                 from /usr/share/rbenv/versions/3.4.4/include/ruby-3.4.0/ruby.h:38,
                 from rugged.h:16,
                 from rugged_tree.c:8:
/usr/share/rbenv/versions/3.4.4/include/ruby-3.4.0/ruby/internal/core/rdata.h:325:1: note: declared here
  325 | rb_data_object_get_warning(VALUE obj)
      | ^~~~~~~~~~~~~~~~~~~~~~~~~~
rugged_tree.c: In function ‘rb_git_treebuilder_get’:
rugged_tree.c:777:2: warning: ‘rb_data_object_get_warning’ is deprecated: by TypedData [-Wdeprecated-declarations]
  777 |  Data_Get_Struct(self, git_treebuilder, builder);
      |  ^~~~~~~~~~~~~~~
In file included from /usr/share/rbenv/versions/3.4.4/include/ruby-3.4.0/ruby/internal/core.h:27,
                 from /usr/share/rbenv/versions/3.4.4/include/ruby-3.4.0/ruby/ruby.h:29,
                 from /usr/share/rbenv/versions/3.4.4/include/ruby-3.4.0/ruby.h:38,
                 from rugged.h:16,
                 from rugged_tree.c:8:
/usr/share/rbenv/versions/3.4.4/include/ruby-3.4.0/ruby/internal/core/rdata.h:325:1: note: declared here
  325 | rb_data_object_get_warning(VALUE obj)
      | ^~~~~~~~~~~~~~~~~~~~~~~~~~
rugged_tree.c: In function ‘rb_git_treebuilder_insert’:
rugged_tree.c:798:2: warning: ‘rb_data_object_get_warning’ is deprecated: by TypedData [-Wdeprecated-declarations]
  798 |  Data_Get_Struct(self, git_treebuilder, builder);
      |  ^~~~~~~~~~~~~~~
In file included from /usr/share/rbenv/versions/3.4.4/include/ruby-3.4.0/ruby/internal/core.h:27,
                 from /usr/share/rbenv/versions/3.4.4/include/ruby-3.4.0/ruby/ruby.h:29,
                 from /usr/share/rbenv/versions/3.4.4/include/ruby-3.4.0/ruby.h:38,
                 from rugged.h:16,
                 from rugged_tree.c:8:
/usr/share/rbenv/versions/3.4.4/include/ruby-3.4.0/ruby/internal/core/rdata.h:325:1: note: declared here
  325 | rb_data_object_get_warning(VALUE obj)
      | ^~~~~~~~~~~~~~~~~~~~~~~~~~
rugged_tree.c: In function ‘rb_git_treebuilder_remove’:
rugged_tree.c:835:2: warning: ‘rb_data_object_get_warning’ is deprecated: by TypedData [-Wdeprecated-declarations]
  835 |  Data_Get_Struct(self, git_treebuilder, builder);
      |  ^~~~~~~~~~~~~~~
In file included from /usr/share/rbenv/versions/3.4.4/include/ruby-3.4.0/ruby/internal/core.h:27,
                 from /usr/share/rbenv/versions/3.4.4/include/ruby-3.4.0/ruby/ruby.h:29,
                 from /usr/share/rbenv/versions/3.4.4/include/ruby-3.4.0/ruby.h:38,
                 from rugged.h:16,
                 from rugged_tree.c:8:
/usr/share/rbenv/versions/3.4.4/include/ruby-3.4.0/ruby/internal/core/rdata.h:325:1: note: declared here
  325 | rb_data_object_get_warning(VALUE obj)
      | ^~~~~~~~~~~~~~~~~~~~~~~~~~
rugged_tree.c: In function ‘rb_git_treebuilder_write’:
rugged_tree.c:863:2: warning: ‘rb_data_object_get_warning’ is deprecated: by TypedData [-Wdeprecated-declarations]
  863 |  Data_Get_Struct(self, git_treebuilder, builder);
      |  ^~~~~~~~~~~~~~~
In file included from /usr/share/rbenv/versions/3.4.4/include/ruby-3.4.0/ruby/internal/core.h:27,
                 from /usr/share/rbenv/versions/3.4.4/include/ruby-3.4.0/ruby/ruby.h:29,
                 from /usr/share/rbenv/versions/3.4.4/include/ruby-3.4.0/ruby.h:38,
                 from rugged.h:16,
                 from rugged_tree.c:8:
/usr/share/rbenv/versions/3.4.4/include/ruby-3.4.0/ruby/internal/core/rdata.h:325:1: note: declared here
  325 | rb_data_object_get_warning(VALUE obj)
      | ^~~~~~~~~~~~~~~~~~~~~~~~~~
rugged_tree.c: In function ‘rb_git_treebuilder_filter’:
rugged_tree.c:890:2: warning: ‘rb_data_object_get_warning’ is deprecated: by TypedData [-Wdeprecated-declarations]
  890 |  Data_Get_Struct(self, git_treebuilder, builder);
      |  ^~~~~~~~~~~~~~~
In file included from /usr/share/rbenv/versions/3.4.4/include/ruby-3.4.0/ruby/internal/core.h:27,
                 from /usr/share/rbenv/versions/3.4.4/include/ruby-3.4.0/ruby/ruby.h:29,
                 from /usr/share/rbenv/versions/3.4.4/include/ruby-3.4.0/ruby.h:38,
                 from rugged.h:16,
                 from rugged_tree.c:8:
/usr/share/rbenv/versions/3.4.4/include/ruby-3.4.0/ruby/internal/core/rdata.h:325:1: note: declared here
  325 | rb_data_object_get_warning(VALUE obj)
      | ^~~~~~~~~~~~~~~~~~~~~~~~~~
linking shared-object rugged/rugged.so

current directory: /github/vendor/gems/3.4.4/ruby/3.4.0/gems/rugged-1.4.3.102.ga6b7142/ext/rugged
make -j16 DESTDIR\= sitearchdir\=./.gem.20250613-147-pe74ld sitelibdir\=./.gem.20250613-147-pe74ld install
/usr/bin/install -c -m 0755 rugged.so ./.gem.20250613-147-pe74ld/rugged

current directory: /github/vendor/gems/3.4.4/ruby/3.4.0/gems/rugged-1.4.3.102.ga6b7142/ext/rugged
make -j16 DESTDIR\= sitearchdir\=./.gem.20250613-147-pe74ld sitelibdir\=./.gem.20250613-147-pe74ld clean
